Date,Open,High,Low,Close,Volume,
24/09/2021,1743.7,1758,1740.2,1751.7,147736,
23/09/2021,1769.2,1777.1,1737.5,1749.8,220098,
22/09/2021,1775,1788.4,1764.6,1778.8,169937,
21/09/2021,1765.5,1782.8,1758.3,1778.2,139900,
20/09/2021,1754.2,1768.4,1742.3,1763.8,150573,
17/09/2021,1754.6,1767.8,1747.1,1751.4,180673,
16/09/2021,1795.5,1797.3,1745.5,1756.7,243613,
15/09/2021,1806.6,1808.5,1791.7,1794.8,137513,
14/09/2021,1794.8,1810.6,1780.6,1807.1,193835,
13/09/2021,1789.8,1800.2,1784.4,1794.4,110870,
10/09/2021,1796.2,1806,1788.2,1792.1,134148,
09/09/2021,1790.9,1803.4,1785.1,1800,152037,
08/09/2021,1796.1,1804.4,1783.1,1793.5,158104,
07/09/2021,1833.5,1833.5,1793.7,1798.5,248598,
03/09/2021,1811.5,1836.9,1810.9,1833.7,181932,
02/09/2021,1816.2,1819.6,1806.5,1811.5,111099,
01/09/2021,1816.7,1822.7,1810.6,1816,138802,
31/08/2021,1812.2,1821.9,1803.4,1818.1,162209,
30/08/2021,1821.6,1826.5,1810,1812.2,102579,
27/08/2021,1795.2,1821.9,1785.2,1819.5,198760,
26/08/2021,1793,1800.4,1781.3,1795.2,131078,
25/08/2021,1805.1,1805.3,1784,1791,160525,
24/08/2021,1807.6,1812.2,1802.6,1808.5,112953,
23/08/2021,1781.2,1809.1,1778,1806.3,150238,
20/08/2021,1782.8,1791,1780,1784,106495,
19/08/2021,1789.5,1795,1774.6,1783.1,147534,
18/08/2021,1787.8,1795.7,1778.8,1784.4,131190,
17/08/2021,1789.1,1797.6,1782.1,1787.8,142476,
16/08/2021,1780.9,1791.3,1772,1789.8,133821,
13/08/2021,1754.4,1781.9,1753,1778.2,140689,
12/08/2021,1752.9,1759.6,1742.6,1751.8,133990,
11/08/2021,1730.4,1756.7,1724.6,1753.3,181306,
10/08/2021,1732,1739.4,1718.5,1731.7,178253,
09/08/2021,1765,1765.7,1677.9,1726.5,282388,
06/08/2021,1806.7,1807,1759.5,1763.1,305778,
05/08/2021,1814.9,1817.9,1799.7,1808.9,166287,
04/08/2021,1813.7,1835.9,1808.3,1814.5,237140,
03/08/2021,1816.8,1818.2,1809.5,1814.1,101460,
02/08/2021,1817,1823.2,1808.2,1822.2,157414,
30/07/2021,1832.5,1835.5,1813.1,1817.2,152236,
29/07/2021,1811.5,1837.5,1810.9,1835.8,204918,
28/07/2021,1802.4,1813.9,1795.6,1804.6,195298,
27/07/2021,1801.5,1809.5,1796.9,1804,76707,
26/07/2021,1806.4,1816.1,1800.2,1803.4,81390,
23/07/2021,1811.5,1814.5,1793.1,1805.9,88214,
22/07/2021,1807.8,1812.3,1796,1809.2,53343,
21/07/2021,1814.7,1818.1,1798.3,1807.4,64012,
20/07/2021,1813.5,1825.9,1805.2,1811.4,216747,
19/07/2021,1811.6,1818,1795,1809.2,247651,
16/07/2021,1830.7,1832.7,1809.5,1815,181535,
15/07/2021,1828.7,1835,1820.6,1829,168788,
14/07/2021,1808.3,1831.1,1804.9,1825,204998,
13/07/2021,1806.7,1818,1798.7,1809.9,227638,
12/07/2021,1808.5,1811,1791,1805.9,188154,
09/07/2021,1803.2,1813,1796.6,1810.6,172928,
08/07/2021,1803.8,1819.5,1793.5,1800.2,234021,
07/07/2021,1797,1810.2,1794.1,1802.1,168050,
06/07/2021,1787.5,1815.7,1784.7,1794.2,273015,
02/07/2021,1777.5,1795.9,1774.4,1783.3,202365,
01/07/2021,1770.8,1783.4,1765.9,1776.8,167260,
30/06/2021,1761.9,1774.7,1753.2,1771.6,169111,
29/06/2021,1778.8,1779.2,1750.1,1763.6,232701,
28/06/2021,1782,1786.1,1770.4,1780.7,158467,
25/06/2021,1775.7,1791,1773.6,1777.8,158121,
24/06/2021,1778.2,1788.6,1772.7,1776.7,148872,
23/06/2021,1779.1,1795.6,1773.1,1783.4,175084,
22/06/2021,1783.2,1790.1,1771.2,1777.4,167293,
21/06/2021,1764.3,1786.9,1764.1,1782.9,187249,
18/06/2021,1773.9,1797.9,1761.2,1769,254641,
17/06/2021,1812.3,1826.4,1767.9,1774.8,372368,
16/06/2021,1861,1866,1804.4,1861.4,228605,
15/06/2021,1867.8,1870.9,1853,1856.4,152410,
14/06/2021,1879.6,1879.7,1845.7,1865.9,235708,
11/06/2021,1901.9,1906.2,1876.1,1879.6,213681,
10/06/2021,1891.4,1903,1871.8,1896.4,244698,
09/06/2021,1894.4,1901.7,1889.3,1895.5,143891,
08/06/2021,1901.6,1906.9,1885.7,1894.4,170166,
07/06/2021,1894.3,1902.9,1883.7,1898.8,142315,
04/06/2021,1872.7,1894.6,1891.6,1892,224522,
03/06/2021,1910.5,1876,1872.2,1873.3,269228,
02/06/2021,1903,1911.8,1896.4,1909.9,160414,
01/06/2021,1901.8,1903,1901.6,1905,283146,
28/05/2021,1899.8,1908.8,1884.3,1905.3,194069,
27/05/2021,1899.3,1901.6,1898.9,1898.5,203605,
26/05/2021,1902.4,1915.6,1893,1903.8,172696,
25/05/2021,1883.4,1903.7,1900,1900.5,174389,
24/05/2021,1885.6,1890,1877.9,1886.7,51824,
21/05/2021,1880.4,1892.3,1872.5,1878.9,51799,
20/05/2021,1872.2,1887.2,1866.2,1883.9,43110,
19/05/2021,1870.2,1874,1862,1881.5,387547,
18/05/2021,1867.3,1870.6,1868.8,1868,219676,
17/05/2021,1845.9,1867.9,1866.2,1867.6,260925,
14/05/2021,1826.4,1847.1,1819,1838.1,222090,
13/05/2021,1816.2,1829.1,1808.4,1824,238443,
12/05/2021,1838.2,1844.7,1813,1822.8,323911,
11/05/2021,1836.2,1839.2,1837.3,1836.1,294462,
10/05/2021,1835.4,1846.3,1830.5,1837.6,254657,
07/05/2021,1815.4,1833.4,1830.6,1831.3,332450,
06/05/2021,1787,1816.5,1813,1815.7,277680,
05/05/2021,1778.4,1788.1,1785.4,1784.3,176172,
04/05/2021,1793.2,1799.5,1769.2,1776,225083,
03/05/2021,1768.1,1794.1,1790.8,1791.8,198798,
30/04/2021,1772.4,1770,1764.9,1767.7,160763,
29/04/2021,1781.9,1774.5,1771.3,1768.3,222795,
28/04/2021,1776.4,1782.7,1761.8,1773.9,190626,
27/04/2021,1781.1,1785.9,1773.9,1778.8,140469,
26/04/2021,1776.1,1782.4,1780.3,1780.1,136847,
23/04/2021,1784,1796.3,1769.5,1777.8,171772,
22/04/2021,1794.5,1784.8,1778.7,1782,160685,
21/04/2021,1779.1,1795.9,1790.5,1793.1,171089,
20/04/2021,1770.5,1780.8,1763.5,1778.4,165014,
19/04/2021,1778.8,1790.4,1766.6,1770.6,178114,
16/04/2021,1764.8,1784.7,1760.3,1780.2,167944,
15/04/2021,1736.6,1766.2,1763.6,1766.8,193552,
14/04/2021,1746.4,1737.4,1736.1,1736.3,141968,
13/04/2021,1732.2,1748.1,1744.6,1747.6,170934,
12/04/2021,1744.5,1733.7,1727,1732.7,122724,
09/04/2021,1756.5,1758.2,1730.8,1744.8,165011,
08/04/2021,1738.6,1759.4,1733.6,1758.2,140648,
07/04/2021,1744.4,1744.1,1736,1741.6,118174,
06/04/2021,1729.2,1745.5,1742.2,1743,148878,
05/04/2021,1730,1734.4,1721.6,1728.8,100575,
01/04/2021,1709,1732,1706.4,1728.4,166688,
31/03/2021,1685.9,1716.3,1677.3,1715.6,205346,
30/03/2021,1713,1714.8,1678.3,1686,218812,
29/03/2021,1732.4,1734.8,1705.6,1714.6,171876,
26/03/2021,1727.5,1737.9,1721.2,1734.7,98882,
25/03/2021,1736,1732.2,1722.5,1727.3,73549,
24/03/2021,1728.2,1739.9,1724.8,1735.5,68820,
23/03/2021,1741.2,1729.3,1727.7,1727.5,62567,
22/03/2021,1747.5,1749.2,1728.6,1740.4,36260,
19/03/2021,1736.3,1748.2,1729.3,1743.9,36859,
18/03/2021,1745.9,1756,1719.1,1734.6,18942,
17/03/2021,1730,1750.6,1722,1727.1,214084,
16/03/2021,1730.7,1740.5,1724.4,1730.9,170463,
15/03/2021,1726.5,1733.2,1719.2,1729.2,158839,
12/03/2021,1720.5,1728,1696.6,1719.8,222995,
11/03/2021,1725,1738,1716.8,1722.6,197168,
10/03/2021,1714.5,1725.3,1705.6,1721.8,213679,
09/03/2021,1679.3,1718.7,1676.7,1716.9,233565,
08/03/2021,1701.6,1712,1673.3,1678,258100,
05/03/2021,1695.3,1705.7,1683,1698.5,254927,
04/03/2021,1708.4,1721.6,1687.6,1700.7,271077,
03/03/2021,1736.5,1739.1,1699.4,1715.8,251741,
02/03/2021,1722.8,1737.8,1704.6,1733.6,230514,
01/03/2021,1732.8,1757.4,1717.2,1723,238037,
26/02/2021,1770.9,1734.4,1725.5,1728.8,351549,
25/02/2021,1804.9,1781.7,1763.9,1775.4,309165,
24/02/2021,1805,1813,1782.2,1797.9,220240,
23/02/2021,1809.3,1815.2,1794.5,1805.9,187078,
22/02/2021,1782,1812.4,1778.6,1808.4,216129,
19/02/2021,1774.6,1790.9,1759,1777.4,247288,
18/02/2021,1776,1775.8,1772.8,1775,220586,
17/02/2021,1793.1,1779.9,1770.6,1772.8,250909,
16/02/2021,1795,1796.1,1793,1799,348000,
12/02/2021,1825.4,1825.1,1819.1,1823.2,169671,
11/02/2021,1844.3,1848.6,1821.7,1826.8,143597,
10/02/2021,1838.3,1856.6,1834,1842.7,173508,
09/02/2021,1832.4,1849.5,1830.3,1837.5,151353,
08/02/2021,1818.1,1840.6,1807.3,1834.2,171978,
05/02/2021,1794.3,1816,1792.2,1813,202612,
04/02/2021,1834.5,1835.7,1784.6,1791.2,269731,
03/02/2021,1838.5,1845.9,1830.1,1835.1,134552,
02/02/2021,1863.6,1866.3,1830.4,1833.4,226676,
01/02/2021,1865,1876,1851.7,1863.9,237650,
29/01/2021,1845.6,1851.7,1843.8,1850.3,269474,
28/01/2021,1847.2,1846.1,1843.1,1841.2,270329,
27/01/2021,1854.3,1847.6,1841.5,1848.9,163249,
26/01/2021,1858.7,1864.5,1851.1,1854.8,89895,
25/01/2021,1858.6,1870.9,1850,1859,86197,
22/01/2021,1874,1874.1,1839.7,1859.9,74763,
21/01/2021,1875.6,1874.5,1870.8,1869.3,47567,
20/01/2021,1843.2,1875.6,1865.8,1870.2,51238,
19/01/2021,1828.8,1845,1800.8,1840.2,324829,
15/01/2021,1847.3,1856.6,1822.1,1829.9,224725,
14/01/2021,1845.6,1853.6,1843.4,1851.4,242126,
13/01/2021,1855,1859.3,1841.6,1854.9,203544,
12/01/2021,1845.4,1856.9,1854.3,1844.2,225729,
11/01/2021,1849.4,1856,1817.1,1850.8,253190,
08/01/2021,1915.2,1918.4,1827.8,1835.4,422485,
07/01/2021,1921.5,1929.6,1907.5,1913.6,192365,
06/01/2021,1952.8,1962.5,1902.6,1908.6,356182,
05/01/2021,1946,1957,1938.4,1954.4,192111,
04/01/2021,1908.2,1948.7,1906.1,1946.6,261675,
31/12/2020,1899,1904.9,1889.1,1895.1,127578,
30/12/2020,1881.8,1899,1879.5,1893.4,128688,
29/12/2020,1878,1891.3,1875.6,1882.9,145905,
28/12/2020,1887,1904.1,1873,1880.4,194545,
24/12/2020,1877.3,1887.4,1873.1,1883.2,87445,
23/12/2020,1865.6,1883.7,1860.9,1878.1,157856,
22/12/2020,1883,1889.4,1863.7,1870.3,173183,
21/12/2020,1892.9,1912,1859,1882.8,226997,
18/12/2020,1891.3,1895.7,1881.9,1888.9,149960,
17/12/2020,1868.4,1902,1865.9,1890.4,213170,
16/12/2020,1857.7,1870,1848.2,1859.1,196702,
15/12/2020,1830.5,1859.3,1828.5,1855.3,169218,
14/12/2020,1845,1832.7,1828.1,1832.1,166785,
11/12/2020,1840,1851.8,1826.8,1843.6,150634,
10/12/2020,1843,1854.2,1831.5,1837.4,162513,
09/12/2020,1875.4,1875.9,1828.2,1838.5,216843,
08/12/2020,1866.1,1879.8,1863.9,1874.9,147902,
07/12/2020,1841.1,1870.8,1862.1,1866,204259,
04/12/2020,1844.7,1852.7,1832,1840,167301,
03/12/2020,1833.9,1847.4,1826.7,1841.1,177988,
02/12/2020,1819.1,1835.7,1828.2,1830.2,182809,
01/12/2020,1780.3,1821.1,1778.4,1818.9,197184,
30/11/2020,1790.8,1793.3,1767.2,1780.9,235285,
27/11/2020,1812.1,1822.6,1776.5,1788.1,277091,
25/11/2020,1812,1821.7,1804.7,1811.2,121112,
24/11/2020,1842.6,1813.1,1807.4,1810.9,125089,
23/11/2020,1875.9,1844.5,1839.6,1844.1,106315,
20/11/2020,1864.8,1873.9,1868.7,1872.4,180515,
19/11/2020,1872,1866.7,1862,1861.5,217146,
18/11/2020,1879.5,1871.5,1868.2,1873.9,203979,
17/11/2020,1888.2,1892.7,1876.3,1885.1,155099,
16/11/2020,1886.6,1898,1861.5,1887.8,217991,
13/11/2020,1875.6,1888.9,1885.3,1886.2,158776,
12/11/2020,1863.9,1883,1860.7,1873.3,199543,
11/11/2020,1876.1,1882.5,1853.9,1861.6,201067,
10/11/2020,1864.1,1877.1,1870.9,1876.4,243090,
09/11/2020,1956,1869.3,1861.2,1854.4,475721,
06/11/2020,1950,1961.8,1937.2,1951.7,233903,
05/11/2020,1903.4,1952.6,1948,1946.8,288663,
04/11/2020,1910.3,1905.8,1897.8,1896.2,284598,
03/11/2020,1896.4,1911.8,1906.9,1910.4,166642,
02/11/2020,1877,1897.1,1873.3,1892.5,161958,
30/10/2020,1867.9,1885.9,1875,1879.9,207865,
29/10/2020,1877.5,1885.1,1859.2,1868,219592,
28/10/2020,1909.8,1882.1,1875.7,1879.2,289026,
27/10/2020,1904.4,1913.8,1898.7,1911.9,149056,
26/10/2020,1906,1911.1,1892.5,1905.7,161841,
23/10/2020,1906.5,1917.3,1895.2,1905.2,168148,
22/10/2020,1927.4,1929.4,1894.2,1904.6,208087,
21/10/2020,1911.6,1936,1911.6,1929.5,194754,
20/10/2020,1906.4,1915.5,1909,1915.4,160356,
19/10/2020,1903.2,1923.4,1900.2,1911.7,155479,
16/10/2020,1912.7,1918.7,1901.1,1906.4,144094,
15/10/2020,1906,1913.2,1892.7,1908.9,205615,
14/10/2020,1895.4,1917.5,1885,1907.3,185374,
13/10/2020,1927.3,1930.6,1889.3,1894.6,260044,
12/10/2020,1935,1939.4,1923.8,1928.9,155906,
09/10/2020,1898.4,1936.8,1898,1926.2,224808,
08/10/2020,1890.6,1905.3,1885.3,1895.1,179968,
07/10/2020,1882.6,1902.4,1877.1,1890.8,183295,
06/10/2020,1917.8,1927,1902.9,1908.8,172605,
05/10/2020,1910.9,1924.9,1902.5,1920.1,176090,
02/10/2020,1911,1923.6,1895.2,1907.6,209696,
01/10/2020,1891.2,1917.9,1890,1916.3,257047,
30/09/2020,1903.2,1908.2,1885.8,1895.5,256446,
29/09/2020,1886.4,1904.8,1880.8,1903.2,213482,
28/09/2020,1862.7,1888.2,1851.1,1882.3,232907,
25/09/2020,1872.7,1879.3,1854.1,1866.3,226076,
24/09/2020,1866.9,1880.9,1851,1876.9,338361,
23/09/2020,1905.1,1909.9,1856,1868.4,402011,
22/09/2020,1918.1,1925.5,1898.9,1907.6,279441,
21/09/2020,1957.3,1962.9,1885.4,1910.6,380526,
18/09/2020,1951.1,1968.2,1951.1,1962.1,174242,
17/09/2020,1967.6,1969.3,1938.2,1949.9,263192,
16/09/2020,1961.4,1983.8,1957.2,1970.5,287073,
15/09/2020,1966.2,1982.4,1955.6,1966.2,232698,
14/09/2020,1948.9,1972.5,1945.2,1963.7,196763,
11/09/2020,1953.8,1959,1945.7,1947.9,202859,
10/09/2020,1955.3,1954.9,1949.9,1964.3,268963,
09/09/2020,1939.4,1959.7,1926.3,1954.9,224190,
08/09/2020,1938,1948.3,1911.7,1943.2,412083,
04/09/2020,1938,1945.9,1923,1934.3,300921,
03/09/2020,1948.9,1956.6,1927.2,1937.8,300282,
02/09/2020,1976.8,1980.4,1938.9,1944.7,326130,
01/09/2020,1973.7,2001.2,1969.2,1978.9,300227,
31/08/2020,1973.9,1985.8,1962.3,1978.6,242577,
28/08/2020,1937.5,1983,1928.2,1974.9,329609,
27/08/2020,1963,1987,1914.7,1932.6,461990,
26/08/2020,1939,1963.4,1908.4,1952.5,338049,
25/08/2020,1935.9,1944.1,1919.1,1923.1,271641,
24/08/2020,1947.9,1970.3,1930.8,1939.2,284540,
21/08/2020,1955.6,1963.1,1916.6,1947,352773,
20/08/2020,1934.4,1963.1,1928.9,1946.5,378970,
19/08/2020,2010.5,2015.6,1930.5,1970.3,440405,
18/08/2020,1993.6,2024.6,1985.2,2013.1,358272,
17/08/2020,1956.4,2000.8,1939.1,1998.7,285580,
14/08/2020,1963.8,1970,1939.1,1949.8,237092,
13/08/2020,1927.3,1974.8,1923,1970.4,346000,
12/08/2020,1921.6,1961,1874.2,1949,450394,
11/08/2020,2038.4,2040.5,1911.3,1946.3,556617,
10/08/2020,2044.8,2060.8,2027.8,2039.7,248644,
07/08/2020,2076.4,2082.1,2024.8,2028,391017,
06/08/2020,2055,2081.8,2049,2069.4,307517,
05/08/2020,2037,2070.3,2027.5,2049.3,361949,
04/08/2020,1993.5,2037.7,1982.6,2021,269790,
03/08/2020,1997.4,2009.5,1975.2,1986.3,176729,
31/07/2020,1973.6,2005.4,1971.4,1985.9,275460,
30/07/2020,1986.4,1987.3,1952.3,1966.8,268606,
29/07/2020,1971.9,1998.4,1955.7,1976.7,191033,
28/07/2020,1963.2,2000,1927.5,1963.9,154485,
27/07/2020,1929,1971.3,1926.8,1955.4,127487,
24/07/2020,1884.9,1904.6,1880.5,1897.5,288088,
23/07/2020,1871.6,1897.7,1863.1,1890,400358,
22/07/2020,1842.8,1871.8,1842.1,1865.1,376705,
21/07/2020,1819.6,1844.9,1817.2,1843.9,265677,
20/07/2020,1812.3,1823.4,1806.6,1817.4,173983,
17/07/2020,1796.9,1813.9,1795.2,1810,162684,
16/07/2020,1813.1,1816.2,1794.1,1800.3,190841,
15/07/2020,1811.1,1819.5,1804,1813.8,179267,
14/07/2020,1810.9,1813.6,1809.6,1813.4,235992,
13/07/2020,1803.4,1818.8,1802.1,1814.1,218006,
10/07/2020,1808.4,1817,1796.5,1801.9,208264,
09/07/2020,1818.8,1825.5,1799.6,1803.8,265280,
08/07/2020,1807.9,1829.8,1803.8,1820.6,232708,
07/07/2020,1793.9,1810.8,1781.2,1809.9,217229,
06/07/2020,1787,1799,1779.2,1793.5,140564,
02/07/2020,1779,1791.7,1766.3,1790,181017,
01/07/2020,1798.9,1807.7,1767.9,1779.9,258541,
30/06/2020,1799.2,1801.4,1795.5,1800.5,190351,
29/06/2020,1789.2,1790.4,1776.5,1781.2,128441,
26/06/2020,1774.8,1786.2,1754,1780.3,195963,
25/06/2020,1772.3,1779.6,1764.1,1770.6,148788,
24/06/2020,1784.4,1796.1,1770.6,1775.1,230610,
23/06/2020,1764.9,1786.8,1758.3,1782,190018,
22/06/2020,1765.8,1779,1753.5,1766.4,219460,
19/06/2020,1729.8,1760.9,1728.3,1753,174981,
18/06/2020,1735.5,1749.2,1722.7,1731.1,152628,
17/06/2020,1735.3,1739.3,1717.3,1735.6,137879,
16/06/2020,1732.3,1741.3,1721.8,1736.5,177702,
15/06/2020,1740.7,1743.8,1706.2,1727.2,195205,
12/06/2020,1733.6,1753,1728.2,1737.3,148176,
11/06/2020,1746.6,1754.9,1727.5,1739.8,202214,
10/06/2020,1718.9,1749.4,1714.1,1720.7,195593,
09/06/2020,1703.9,1729.4,1697.6,1721.9,178128,
08/06/2020,1686.7,1707.6,1680.7,1705.1,151461,
05/06/2020,1720.8,1723.2,1671.7,1683,267086,
04/06/2020,1702.8,1729,1698.9,1727.4,193873,
03/06/2020,1733.7,1738.9,1690.3,1704.8,249036,
02/06/2020,1750.3,1757,1728,1734,172030,
01/06/2020,1749.8,1761,1737.6,1750.3,142807,
29/05/2020,1718.8,1738.3,1715.1,1736.9,1406,
28/05/2020,1725,1743.7,1720,1728.3,159174,
27/05/2020,1724.1,1729.1,1701.6,1726.8,156746,
26/05/2020,1746.3,1755.6,1721.2,1728.2,146582,
22/05/2020,1726.6,1726.7,1726.6,1734.6,6,
21/05/2020,1751.7,1751.7,1715.3,1721.9,225941,
20/05/2020,1751.6,1752.1,1745.6,1750.6,16,
19/05/2020,1734.8,1751.6,1727.2,1745.6,181673,
18/05/2020,1757.5,1775.8,1729.3,1734.4,264848,
15/05/2020,1739.7,1751.4,1739.7,1753.4,719,
14/05/2020,1723.1,1746.5,1716,1740.9,208601,
13/05/2020,1705,1726.5,1701.6,1716.4,204533,
12/05/2020,1700,1716.7,1693.5,1706.8,182675,
11/05/2020,1706,1713.8,1692.1,1698,184455,
08/05/2020,1726.2,1728.9,1703.8,1709.9,330,
07/05/2020,1686,1733.2,1683.9,1725.8,233381,
06/05/2020,1714.1,1716.6,1683,1688.5,196313,
05/05/2020,1711,1717.8,1695.4,1710.6,179577,
04/05/2020,1711.2,1726,1700.3,1713.3,146307,
01/05/2020,1686.6,1701.5,1670.5,1694.5,337,
30/04/2020,1729.6,1737,1687.5,1694.2,228730,
29/04/2020,1710,1713.5,1702,1703.4,373,
28/04/2020,1724.4,1731.9,1704.1,1722.2,166606,
27/04/2020,1745,1745.8,1720,1723.8,142721,
24/04/2020,1744,1744,1714.5,1723.5,221,
23/04/2020,1736.5,1764.2,1730.6,1745.4,194495,
22/04/2020,1703.1,1742.4,1695.4,1738.3,187864,
21/04/2020,1713.3,1718,1666.2,1687.8,240743,
20/04/2020,1693,1718.4,1685,1711.2,183636,
17/04/2020,1715.7,1725,1684.9,1689.2,223,
16/04/2020,1743.5,1768,1722.6,1731.7,199823,
15/04/2020,1758.1,1759.8,1731.6,1740.2,181342,
14/04/2020,1761.5,1788.8,1747.1,1768.9,234439,
13/04/2020,1722,1756.8,1710.7,1744.8,696,
09/04/2020,1662.7,1732.5,1662.7,1736.2,825,
08/04/2020,1678.7,1695.8,1670.7,1684.3,121346,
07/04/2020,1707.1,1742.6,1672,1683.7,194263,
06/04/2020,1629.1,1696.7,1625.9,1677,1063,
03/04/2020,1624.5,1636,1619.8,1633.7,643,
02/04/2020,1602.4,1645.6,1595.2,1637.7,162151,
01/04/2020,1589.4,1612.4,1576,1591.4,159377,
31/03/2020,1618.7,1621,1576,1583.4,2694,
30/03/2020,1663.4,1673.6,1632,1643.2,144290,
27/03/2020,1623.9,1623.9,1623.9,1623.9,N/A,
26/03/2020,1642.2,1677.2,1612,1660.3,134861,
25/03/2020,1665.5,1698,1609,1634.3,104547,
24/03/2020,1622.8,1685.5,1622.8,1660.2,442,
23/03/2020,1508.4,1574.8,1489.4,1572.7,95848,
20/03/2020,1483.5,1483.5,1483.5,1484,14,
19/03/2020,1487.2,1502.8,1460.1,1479.3,306016,
18/03/2020,1527.6,1547,1473.3,1477.9,412332,
17/03/2020,1469.3,1537.7,1469.3,1524.9,122,
16/03/2020,1563.8,1574.8,1450.9,1486.5,535860,
13/03/2020,1582.7,1597.9,1504,1516.7,524471,
12/03/2020,1633.1,1651,1560.4,1590.3,553457,
11/03/2020,1649.3,1671.8,1632.4,1642.3,373462,
10/03/2020,1671.6,1674.6,1643,1659.1,48,
09/03/2020,1692.6,1704.3,1658,1675.7,467110,
06/03/2020,1673.1,1692.8,1642.4,1672.4,619051,
05/03/2020,1637.2,1672.9,1637.2,1666.4,154,
04/03/2020,1640.1,1654.3,1632.6,1643,297251,
03/03/2020,1594.5,1645.3,1594,1642.1,610,
02/03/2020,1583.9,1608.3,1574.3,1592.3,537,
28/02/2020,1640.3,1642.5,1564.8,1564.1,289,
27/02/2020,1658,1662.5,1636.7,1642.5,560547,
26/02/2020,1640.8,1643.8,1640.3,1643.1,515771,
25/02/2020,1647,1655.8,1627,1650,654660,
24/02/2020,1674.2,1674.4,1652.8,1676.6,655245,
21/02/2020,1619.3,1645,1619.3,1644.6,186,
20/02/2020,1615,1626.5,1606.6,1620.5,389144,
19/02/2020,1604.8,1615.9,1602.4,1611.8,298536,
18/02/2020,1587,1604.3,1579.8,1600,310,
14/02/2020,1575.8,1582.4,1574.8,1582.7,68,
13/02/2020,1569.8,1581.7,1568.5,1578.8,264293,
12/02/2020,1571.2,1573.6,1564.4,1571.6,183410,
11/02/2020,1570.9,1571.1,1561.9,1565.6,440,
10/02/2020,1575.8,1580.5,1571.5,1579.5,186247,
07/02/2020,1564.9,1571.9,1560.5,1568.6,431,
06/02/2020,1560,1571.9,1556,1570,221612,
05/02/2020,1556.1,1566.2,1551.1,1562.8,297418,
04/02/2020,1581.5,1584.5,1552.8,1555.5,328192,
03/02/2020,1597.8,1598.5,1573.2,1582.4,303458,
31/01/2020,1573.4,1589,1570,1582.9,1095,
30/01/2020,1582.4,1590.7,1576.8,1589.2,371286,
29/01/2020,1572,1583,1567.9,1576,225389,
28/01/2020,1587.1,1588.5,1570.4,1575.8,191039,
27/01/2020,1586.1,1594.7,1581.6,1583.7,134423,
24/01/2020,1556.3,1570.3,1556.3,1571.1,38,
23/01/2020,1564.7,1573.7,1557.5,1571.6,65319,
22/01/2020,1557,1558.9,1555.2,1556.7,276521,
21/01/2020,1564.2,1566.2,1551,1556.4,45,
17/01/2020,1554.1,1558,1553.6,1558.8,108,
16/01/2020,1556.6,1558.2,1548,1550.5,253076,
15/01/2020,1546.8,1558.8,1546.5,1554,297777,
14/01/2020,1548.6,1549.5,1536.4,1544.6,323782,
13/01/2020,1563,1563.1,1547,1550.6,296619,
10/01/2020,1551.2,1558.8,1545.4,1557.5,16,
09/01/2020,1557.7,1562.4,1541,1554.3,354523,
08/01/2020,1556.7,1563.8,1556.5,1560.2,787217,
07/01/2020,1567.4,1579.2,1557,1574.3,418145,
06/01/2020,1562.7,1590.9,1562.3,1568.8,539023,
03/01/2020,1530.1,1552.7,1530.1,1549.2,107,
02/01/2020,1521,1534,1519.7,1528.1,257867,
31/12/2019,1513.8,1523.4,1513.8,1519.5,301,
30/12/2019,1515.9,1519.1,1513.5,1518.6,169813,
27/12/2019,1516.5,1519.9,1512.1,1518.1,194736,
26/12/2019,1503.9,1517.4,1502.1,1514.4,213592,
24/12/2019,1488.7,1498.6,1488.7,1499.1,52,
23/12/2019,1482.4,1490.1,1481.2,1488.7,155802,
20/12/2019,1476.7,1478.1,1475.3,1474.7,118,
19/12/2019,1475.9,1478.9,1473.3,1478.2,319,
18/12/2019,1480.4,1483.6,1474.3,1478.7,190975,
17/12/2019,1480.6,1484.9,1478.4,1480.6,167359,
16/12/2019,1480,1484.5,1477.4,1480.5,160416,
13/12/2019,1463.1,1475.9,1463.1,1475.6,468,
12/12/2019,1469.5,1474.9,1468.2,1472.3,396657,
11/12/2019,1479.1,1479.9,1478.7,1475,247053,
10/12/2019,1460.7,1467.2,1460.7,1462.6,367,
09/12/2019,1464.1,1469.8,1463,1464.9,163682,
06/12/2019,1475,1476,1458.2,1459.1,899,
05/12/2019,1480,1485.7,1478,1483.1,231844,
04/12/2019,1483.2,1489.9,1476.7,1480.2,311909,
03/12/2019,1461.6,1480.4,1459.5,1478.2,1460,
02/12/2019,1470.3,1471.7,1459.8,1469.2,304242,
29/11/2019,1461.7,1472.9,1459.1,1472.7,259290,
27/11/2019,1461.1,1461.9,1452,1453.4,88164,
26/11/2019,1461.3,1470,1456.6,1467.4,271754,
25/11/2019,1467.5,1468.9,1460.7,1463.8,121238,
22/11/2019,1470.9,1480.3,1468.1,1468.8,77902,
21/11/2019,1481.3,1482.7,1469.4,1470.5,73979,
20/11/2019,1472.6,1474.5,1467.3,1470,31,
19/11/2019,1467.7,1474.3,1467.7,1473.3,18,
18/11/2019,1467.8,1474.4,1456.6,1471.9,325033,
15/11/2019,1469.1,1469.1,1469.1,1467.3,13,
14/11/2019,1464,1475.5,1461.7,1473.4,312108,
13/11/2019,1463.5,1467.9,1462.8,1463.3,335980,
12/11/2019,1454.9,1454.9,1447.1,1452.1,6,
11/11/2019,1460,1467.4,1448.9,1457.1,295394,
08/11/2019,1469.1,1469.1,1461.7,1461.3,21,
07/11/2019,1466.8,1473,1466.5,1464.2,581,
06/11/2019,1491.5,1495.9,1490.5,1493.1,302400,
05/11/2019,1511.6,1511.9,1480.7,1483.7,573018,
04/11/2019,1516.4,1517.1,1506.5,1511.1,250475,
01/11/2019,1511,1511.6,1503,1508,235,
31/10/2019,1498.8,1516.7,1496,1514.8,375394,
30/10/2019,1487.2,1495.4,1481,1493.2,320,
29/10/2019,1494,1494,1489.7,1490.7,283038,
28/10/2019,1507.4,1510.8,1492.3,1495.8,310472,
25/10/2019,1501.4,1503.7,1499,1499.5,93,
24/10/2019,1495.1,1506.9,1490.4,1504.7,290074,
23/10/2019,1491.1,1499.4,1490.7,1495.7,235483,
22/10/2019,1487.5,1492.1,1484,1487.5,200931,
21/10/2019,1495.6,1498.7,1484.8,1488.1,272195,
18/10/2019,1487.3,1489.1,1486.6,1488.2,82,
17/10/2019,1494.2,1501.1,1487,1498.3,296546,
16/10/2019,1484.8,1495.5,1480.6,1494,360083,
15/10/2019,1497.7,1503,1480.8,1483.5,307105,
14/10/2019,1492,1501.5,1487.1,1497.6,221049,
11/10/2019,1498.3,1508,1478,1488.7,462693,
10/10/2019,1510.8,1522.3,1495.7,1500.9,401849,
09/10/2019,1515.4,1516.5,1510.1,1512.8,277242,
08/10/2019,1489.4,1506.3,1489.3,1497.2,46,
07/10/2019,1497.2,1499.7,1493.3,1504.4,252399,
04/10/2019,1505.6,1508.7,1497.1,1506.2,233,
03/10/2019,1505.6,1525.8,1501.7,1513.8,400130,
02/10/2019,1476.6,1503.7,1474.1,1501,205,
01/10/2019,1478,1493.5,1465,1489,440804,
30/09/2019,1501.7,1507.2,1470.5,1472.9,424759,
27/09/2019,1511.8,1514.4,1493.3,1506.4,436289,
26/09/2019,1510.9,1519.5,1507.1,1515.2,367934,
25/09/2019,1539.8,1542.8,1507.4,1512.3,462742,
24/09/2019,1515.1,1533,1515.1,1532.1,25,
23/09/2019,1521.5,1534.4,1517.9,1531.5,349589,
20/09/2019,1503,1503,1503,1507.3,2,
19/09/2019,1502,1512.1,1496.3,1506.2,281865,
18/09/2019,1509.7,1519.5,1490.7,1515.8,352179,
17/09/2019,1506.5,1515,1500.9,1513.4,329751,
16/09/2019,1500,1500.6,1498.5,1503.1,21,
13/09/2019,1486.9,1486.9,1486.9,1490.9,1,
12/09/2019,1504.9,1532.2,1496.8,1507.4,480662,
11/09/2019,1493.9,1506.2,1492.9,1503.2,296849,
10/09/2019,1507,1509.1,1492.1,1499.2,390357,
09/09/2019,1516.4,1523.8,1505.5,1511.1,312350,
06/09/2019,1517.3,1526,1504.5,1506.2,54,
05/09/2019,1561.4,1561.9,1514.3,1525.5,586738,
04/09/2019,1556,1566.2,1542.6,1560.4,404779,
03/09/2019,1539.2,1558.9,1529.6,1555.9,541575,
30/08/2019,1536.9,1541.9,1525.6,1529.2,320657,
29/08/2019,1549.4,1559.8,1528.6,1536.9,439428,
28/08/2019,1551.8,1556.6,1541.4,1549.1,342556,
27/08/2019,1537.3,1554.5,1535.3,1551.8,334873,
26/08/2019,1545.4,1565,1534.8,1537.2,407500,
23/08/2019,1508.8,1540.3,1503,1537.6,459203,
22/08/2019,1495.1,1495.1,1493.8,1497.3,686,
21/08/2019,1518.4,1518.4,1506.5,1515.7,238972,
20/08/2019,1506.3,1518.8,1503,1515.7,240391,
19/08/2019,1523,1523.6,1503.3,1511.6,289329,
16/08/2019,1533.9,1538.6,1513.9,1523.6,314597,
15/08/2019,1526.6,1537.7,1518.3,1531.2,428618,
14/08/2019,1513,1534.9,1504.5,1527.8,474508,
13/08/2019,1522.3,1546.1,1488.9,1514.1,598082,
12/08/2019,1509.2,1531.5,1498.6,1517.2,338340,
09/08/2019,1515.9,1521.1,1506.2,1508.5,325590,
08/08/2019,1512.1,1521.3,1501.6,1509.5,385340,
07/08/2019,1473.5,1509.9,1473.2,1507.3,824,
06/08/2019,1481.1,1486.8,1468.2,1484.2,375937,
05/08/2019,1440.4,1469.7,1440.4,1464.6,1008,
02/08/2019,1457.5,1461.9,1442.5,1457.5,471109,
01/08/2019,1425.6,1458.2,1412.1,1432.4,567523,
31/07/2019,1443.7,1447.8,1422.3,1437.8,406886,
30/07/2019,1439.5,1445.7,1434.8,1441.8,248318,
29/07/2019,1431.9,1440.8,1427.5,1433.3,168447,
26/07/2019,1422.8,1423,1422.8,1432.2,5,
25/07/2019,1439.3,1447,1423.9,1427.5,112902,
24/07/2019,1431,1442.9,1429.4,1436.5,65218,
23/07/2019,1426,1431.4,1414.6,1421.7,380116,
22/07/2019,1428.5,1430.8,1423,1426.9,247608,
19/07/2019,1448.3,1454.4,1421.1,1426.7,509138,
18/07/2019,1428.5,1449.7,1415.6,1428.1,467773,
17/07/2019,1404.6,1404.6,1404.6,1421.3,6,
16/07/2019,1416.4,1420,1402.1,1411.2,327180,
15/07/2019,1417.7,1421.6,1409.3,1413.5,231266,
12/07/2019,1406.2,1418.9,1404.5,1412.2,272092,
11/07/2019,1421.1,1429.4,1402.7,1406.7,380765,
10/07/2019,1400,1421.1,1391.8,1412.5,426438,
09/07/2019,1397.9,1402.4,1387.5,1400.5,276008,
08/07/2019,1401,1409.9,1393.8,1400,303906,
05/07/2019,1418.8,1426.8,1388.6,1400.1,555564,
03/07/2019,1421.6,1424.4,1412.7,1420.9,118832,
02/07/2019,1386.2,1424,1386.2,1408,372203,
01/07/2019,1386.6,1395.8,1382.8,1385.6,214,
28/06/2019,1413.3,1427.8,1408.6,1409.7,297964,
27/06/2019,1412.7,1415.3,1401.4,1412,324556,
26/06/2019,1407.2,1413.3,1405.8,1411.6,84,
25/06/2019,1423.4,1442.9,1415.1,1418.7,618309,
24/06/2019,1403.9,1425.1,1403.6,1418.2,359931,
21/06/2019,1391.2,1415.4,1386.1,1400.1,496645,
20/06/2019,1364.5,1397.7,1361.3,1396.9,511767,
19/06/2019,1350.4,1366.6,1344.8,1348.8,320720,
18/06/2019,1343.9,1358.5,1342.1,1350.7,364839,
17/06/2019,1345.5,1347.1,1336.6,1342.9,230833,
14/06/2019,1346.5,1362.2,1341.4,1344.5,346086,
13/06/2019,1337.8,1347,1335.9,1343.7,197876,
12/06/2019,1330.6,1342.3,1329.8,1336.8,226929,
11/06/2019,1331.8,1333.8,1323.6,1331.2,204179,
10/06/2019,1341.2,1341.7,1329,1329.3,220533,
07/06/2019,1339.7,1352.7,1334.3,1346.1,314048,
06/06/2019,1336.1,1344.2,1331.3,1342.7,252464,
05/06/2019,1330.2,1348.9,1329.3,1333.6,391880,
04/06/2019,1324.3,1328.6,1320.8,1323.4,302,
03/06/2019,1312.5,1333,1310.9,1327.9,347054,
31/05/2019,1293.2,1311.9,1292.5,1311.1,322176,
30/05/2019,1279.4,1288.3,1273.9,1287.1,55573,
29/05/2019,1284.3,1290.3,1283.8,1286.3,194696,
28/05/2019,1290.5,1292.6,1280.8,1282.5,207053,
24/05/2019,1289.2,1292.6,1288.9,1289.2,23685,
23/05/2019,1278.5,1292.5,1277.5,1291,71630,
22/05/2019,1274.4,1277.1,1272,1274.2,186404,
21/05/2019,1277.7,1277.7,1269,1273.2,204984,
20/05/2019,1277.6,1278.8,1273.3,1277.3,206270,
17/05/2019,1287.2,1289,1274.6,1275.7,255125,
16/05/2019,1297.7,1299.3,1284.2,1286.2,256906,
15/05/2019,1298,1301.7,1293.6,1297.8,241040,
14/05/2019,1300.8,1304.2,1294.3,1296.3,215009,
13/05/2019,1288.3,1302.2,1282.4,1301.8,362480,
10/05/2019,1285,1290.3,1283.9,1287.4,227237,
09/05/2019,1281.9,1289.2,1280.4,1285.2,296815,
08/05/2019,1285.6,1292.8,1280.2,1281.4,288297,
07/05/2019,1282.4,1287.3,1279.1,1285.6,241502,
06/05/2019,1281.8,1287.4,1278.1,1283.8,240672,
03/05/2019,1271.6,1283.9,1269,1281.3,269353,
02/05/2019,1278.5,1279.4,1267.3,1272,273895,
01/05/2019,1285.2,1289.4,1274.5,1284.2,269944,
30/04/2019,1281.7,1283.3,1280.8,1282.8,114,
29/04/2019,1289,1289.1,1279.9,1281.5,199297,
26/04/2019,1279.1,1290.9,1276,1288.8,268033,
25/04/2019,1277.9,1284.8,1275.2,1279.7,230543,
24/04/2019,1274.4,1280.7,1270.5,1279.4,235966,
23/04/2019,1277,1278.5,1267.9,1273.2,271377,
22/04/2019,1278,1281.9,1275.7,1277.6,133327,
18/04/2019,1276.2,1279.7,1273,1276,219695,
17/04/2019,1279.5,1282.1,1275.2,1276.8,209965,
16/04/2019,1290.8,1291.7,1275.5,1277.2,308866,
15/04/2019,1294,1295.2,1285.3,1291.3,222209,
12/04/2019,1295.8,1299.1,1293.2,1295.2,185177,
11/04/2019,1312.4,1313.1,1292.9,1293.3,311101,
10/04/2019,1308.2,1314.7,1304.7,1313.9,212949,
09/04/2019,1301.6,1310.4,1300.6,1308.3,196670,
08/04/2019,1292.2,1302.1,1291.8,1297.1,63,
05/04/2019,1296.5,1297.8,1288.3,1295.6,227617,
04/04/2019,1294.4,1298.7,1284.9,1294.3,250306,
03/04/2019,1296.9,1299,1292.7,1295.3,186420,
02/04/2019,1292.2,1297.1,1289.5,1295.4,190667,
01/04/2019,1297.2,1301.7,1291,1294.2,229896,
29/03/2019,1295,1304.6,1291.3,1298.5,260381,
28/03/2019,1315,1317.6,1293.3,1295.3,407079,
27/03/2019,1321.7,1325.2,1313.7,1316.9,197067,
26/03/2019,1328.3,1329.3,1318.5,1321.4,119776,
25/03/2019,1319.7,1330.8,1317,1329,83949,
22/03/2019,1315.4,1320.9,1312.8,1318.7,78716,
21/03/2019,1318.6,1326.3,1309.1,1313.6,59829,
20/03/2019,1300.7,1300.7,1300.7,1300.5,2,
19/03/2019,1303.7,1310.8,1302.1,1306.5,203029,
18/03/2019,1302,1306.7,1298,1301.5,172561,
15/03/2019,1295.6,1306.3,1293.7,1302.9,224685,
14/03/2019,1293.4,1293.4,1293.4,1293.4,1,
13/03/2019,1301.8,1311.6,1300.6,1309.3,204246,
12/03/2019,1294.7,1294.7,1294.7,1296.3,1,
11/03/2019,1298.2,1299.2,1290.6,1291.1,187305,
08/03/2019,1286.7,1301.3,1285.6,1299.3,270805,
07/03/2019,1287.3,1289.6,1280.8,1286.1,246103,
06/03/2019,1288.8,1291.8,1284.3,1287.6,187195,
05/03/2019,1287.8,1290.6,1282,1284.7,207640,
04/03/2019,1294.4,1298.1,1283.8,1287.5,253631,
01/03/2019,1315.5,1316.5,1291.3,1299.2,328780,
28/02/2019,1321.7,1328.9,1314,1316.1,238804,
27/02/2019,1327.7,1327.9,1316.5,1317.7,604,
26/02/2019,1329.9,1332.4,1325.5,1328.5,179292,
25/02/2019,1331.9,1334.9,1327.3,1329.5,176322,
22/02/2019,1325.8,1335.6,1323.8,1332.8,236737,
21/02/2019,1341.7,1344.3,1323.3,1327.8,277389,
20/02/2019,1343.9,1349.8,1339.8,1347.9,235291,
19/02/2019,1329.2,1345,1323.8,1344.8,334325,
15/02/2019,1325,1330.8,1323.8,1322.1,91941,
14/02/2019,1309.6,1317.4,1304.7,1313.9,219485,
13/02/2019,1311.6,1316,1308.1,1310.8,143,
12/02/2019,1311.6,1318.3,1310,1314,144119,
11/02/2019,1313.4,1313.4,1304.7,1307,119,
08/02/2019,1314.3,1319.5,1311.5,1318.5,131864,
07/02/2019,1310.9,1315.8,1306.4,1314.2,159728,
06/02/2019,1319.4,1319.9,1309.6,1314.4,133244,
05/02/2019,1316.8,1321,1314.8,1319.2,122758,
04/02/2019,1322.6,1323.6,1312.7,1319.3,147699,
01/02/2019,1326,1328.2,1320.6,1322.1,192924,
31/01/2019,1325.4,1331.1,1322.2,1325.2,215552,
30/01/2019,1317,1328.6,1313.5,1315.5,262539,
29/01/2019,1308.5,1317.1,1307.8,1315.2,171769,
28/01/2019,1308.5,1309.8,1302.7,1309.3,122869,
25/01/2019,1286,1309.3,1284.8,1304.2,87878,
24/01/2019,1288.3,1290,1281.5,1285.9,68784,
23/01/2019,1290.8,1292.1,1284,1290.2,60819,
22/01/2019,1279.1,1285,1276,1283.4,307704,
18/01/2019,1280.7,1283,1276,1282.6,100826,
17/01/2019,1293.9,1295,1288.3,1292.3,188241,
16/01/2019,1289.6,1295.4,1287.6,1293.8,173284,
15/01/2019,1292.4,1294.8,1286.5,1288.4,229624,
14/01/2019,1292.4,1293.9,1289.9,1289.1,7,
11/01/2019,1287.6,1295.7,1287,1289.5,200393,
10/01/2019,1294.7,1298,1286.7,1287.4,227942,
09/01/2019,1286.1,1295,1280.9,1292,232491,
08/01/2019,1289.9,1291.4,1280.2,1285.9,206439,
07/01/2019,1287,1297,1284.1,1289.9,197176,
04/01/2019,1296.5,1300.4,1278.1,1285.8,299076,
03/01/2019,1288.5,1296.9,1286.4,1294.8,229532,
02/01/2019,1285,1291,1280.6,1284.1,222578,
31/12/2018,1283,1286.5,1279.7,1281.3,108913,
28/12/2018,1278,1284.7,1276.5,1283,155354,
27/12/2018,1270.1,1281.6,1269.1,1281.1,200717,
26/12/2018,1273.5,1282.3,1267.4,1273,198175,
24/12/2018,1260.7,1273.9,1260,1271.8,130455,
21/12/2018,1263.5,1266.2,1257.1,1258.1,200024,
20/12/2018,1247,1270.3,1246.2,1267.9,303814,
19/12/2018,1253.5,1262.2,1245.3,1256.4,261331,
18/12/2018,1249.7,1254.5,1249,1253.6,164361,
17/12/2018,1242.8,1252.2,1239.4,1251.8,156508,
14/12/2018,1246.2,1247.3,1236.5,1241.4,183625,
13/12/2018,1250.7,1251.7,1244.4,1247.4,148496,
12/12/2018,1248.3,1252.6,1247.1,1250,144462,
11/12/2018,1249.8,1255.1,1245.8,1247.2,176025,
10/12/2018,1255.6,1256.6,1246.9,1249.4,190957,
07/12/2018,1243.1,1255.8,1242.6,1252.6,215414,
06/12/2018,1243,1249.9,1240,1243.6,238860,
05/12/2018,1244.6,1244.8,1238.7,1242.6,104283,
04/12/2018,1236.3,1247.5,1235.8,1246.6,214514,
03/12/2018,1227.8,1240.4,1226.6,1239.6,233816,
30/11/2018,1229.9,1231.1,1221.8,1226,158763,
29/11/2018,1227.1,1234.9,1226.7,1230.4,229628,
28/11/2018,1220.9,1233.8,1216.8,1229.8,199518,
27/11/2018,1228.5,1231.7,1217.8,1219.9,132694,
26/11/2018,1230.4,1234.5,1228,1228.7,141646,
23/11/2018,1227.8,1229.7,1220.3,1223.2,234908,
21/11/2018,1225.8,1225.8,1225.8,1225.8,N/A,
20/11/2018,1224.6,1229.5,1220.3,1221.2,245888,
19/11/2018,1222.6,1226.5,1218.5,1225.3,189907,
16/11/2018,1214.4,1226,1213.7,1223,237367,
15/11/2018,1211.8,1217,1207.1,1215,234966,
14/11/2018,1202.8,1217.2,1198.1,1210.1,268788,
13/11/2018,1196.3,1201.3,1196.3,1199.2,5,
12/11/2018,1201.6,1201.6,1201.6,1201.3,1,
09/11/2018,1224.3,1224.6,1207.2,1208.6,306462,
08/11/2018,1227.7,1228.5,1220.8,1225.1,229614,
07/11/2018,1228.9,1238.4,1224.2,1228.7,252072,
06/11/2018,1233.4,1237.8,1224.9,1226.3,188660,
05/11/2018,1234.5,1236.8,1228.4,1232.3,157253,
02/11/2018,1235.3,1238.4,1231.3,1233.3,249587,
01/11/2018,1216.6,1239.3,1216.1,1238.6,293251,
31/10/2018,1224.7,1225,1213.4,1215,231855,
30/10/2018,1231.9,1232.5,1221.4,1225.3,218624,
29/10/2018,1236.4,1237.6,1226.1,1227.6,225204,
26/10/2018,1234.7,1246,1232.5,1235.8,304896,
25/10/2018,1236.6,1242,1230.5,1232.4,252780,
24/10/2018,1233.8,1238,1228.3,1231.1,204289,
23/10/2018,1225.1,1243,1224.5,1236.8,276325,
22/10/2018,1230.5,1232.6,1222.8,1224.6,180132,
19/10/2018,1228.6,1234.1,1226.2,1228.7,188648,
18/10/2018,1225.5,1233.6,1221.7,1230.1,239133,
17/10/2018,1228,1232.9,1223.7,1227.4,228207,
16/10/2018,1230.5,1235.9,1226.3,1231,233393,
15/10/2018,1222.4,1232.3,1222.4,1226.4,136,
12/10/2018,1227.7,1228.1,1219.3,1222,309392,
11/10/2018,1197.9,1230,1194.7,1227.6,503085,
10/10/2018,1192.7,1198.6,1188.5,1193.4,243118,
09/10/2018,1192.2,1195.8,1186.6,1191.5,236941,
08/10/2018,1201,1201,1183.7,1184.4,250,
05/10/2018,1203.7,1209.8,1200.9,1205.6,250219,
04/10/2018,1201.4,1210.7,1199.6,1201.6,280314,
03/10/2018,1207,1212.3,1200.4,1202.9,246832,
02/10/2018,1192.7,1212.3,1192.2,1207,350240,
01/10/2018,1196.1,1196.5,1188.1,1191.7,213617,
28/09/2018,1186.8,1198,1184.3,1196.2,300928,
27/09/2018,1194.6,1197.3,1180.5,1182.3,4947,
26/09/2018,1205.5,1206.9,1194.6,1199.1,330481,
25/09/2018,1203.1,1207.9,1201.3,1205.1,192109,
24/09/2018,1204,1208.8,1198.6,1204.4,207122,
21/09/2018,1212.1,1215.8,1196,1201.3,333369,
20/09/2018,1208.8,1213.2,1205.1,1211.3,232693,
19/09/2018,1202.2,1202.2,1202.2,1202.2,N/A,
18/09/2018,1206.4,1208.2,1200.3,1202.9,223080,
17/09/2018,1199.8,1209.7,1197.5,1205.8,205761,
14/09/2018,1206.6,1213.8,1197.7,1201.1,276004,
13/09/2018,1212.4,1218,1205,1208.2,295658,
12/09/2018,1203.5,1213.9,1197.6,1210.9,292275,
11/09/2018,1200.4,1204.8,1192.7,1202.2,253326,
10/09/2018,1200.7,1203.8,1196.2,1199.8,207244,
07/09/2018,1205.6,1209,1198.7,1200.4,272324,
06/09/2018,1202.5,1212.7,1200.5,1204.3,278851,
05/09/2018,1197.2,1204.2,1196.4,1201.3,203575,
04/09/2018,1207,1209.7,1195.1,1199.1,402704,
31/08/2018,1206.3,1209.7,1201.2,1206.7,117750,
30/08/2018,1212.6,1214,1202.1,1205,276369,
29/08/2018,1206.6,1213.7,1206.6,1211.5,235721,
28/08/2018,1209.7,1217,1202.3,1207.4,136,
27/08/2018,1214.5,1218.8,1209.3,1216,205140,
24/08/2018,1191.6,1215.4,1189.5,1213.3,286519,
23/08/2018,1202.8,1203.4,1190.2,1194,226193,
22/08/2018,1203,1208.4,1199.2,1203.3,227367,
21/08/2018,1197.3,1204.3,1194.3,1200,211149,
20/08/2018,1190.4,1197.7,1189.6,1194.6,199964,
17/08/2018,1180.7,1192,1178.5,1184.2,246695,
16/08/2018,1183,1189,1167.1,1184,353666,
15/08/2018,1201.5,1202,1180,1185,364039,
14/08/2018,1193.1,1197.5,1192.8,1193,92,
13/08/2018,1218.4,1221.4,1198.6,1198.9,363069,
10/08/2018,1220,1224.9,1213.1,1219,317657,
09/08/2018,1222,1225.6,1218.4,1219.9,225166,
08/08/2018,1218.7,1223.8,1213.6,1221,255706,
07/08/2018,1215.8,1224.3,1215.6,1218.3,199691,
06/08/2018,1214.4,1214.4,1206.6,1208.6,297,
03/08/2018,1216,1228.5,1212.5,1223.2,272386,
02/08/2018,1214.7,1219.3,1205.8,1210.6,411,
01/08/2018,1232.7,1233.7,1224.4,1227.6,210076,
31/07/2018,1230.5,1237.8,1222.6,1233.6,287649,
30/07/2018,1231.1,1234.1,1227.8,1231.5,178604,
27/07/2018,1231.4,1236.5,1226.3,1232.7,150903,
26/07/2018,1240.8,1244.6,1231.3,1235.3,99096,
25/07/2018,1233.3,1243.4,1232.5,1241,55539,
24/07/2018,1233.4,1238.6,1227,1234.6,64451,
23/07/2018,1240.7,1244.7,1231.1,1234.4,75122,
20/07/2018,1222.9,1232.4,1215.3,1231.1,342215,
19/07/2018,1227.3,1229.6,1210.7,1224,414022,
18/07/2018,1227,1229.1,1220.9,1227.9,272126,
17/07/2018,1240.8,1245.1,1225.9,1227.3,304251,
16/07/2018,1241,1245.8,1238.3,1239.7,178908,
13/07/2018,1247.7,1248.5,1236.2,1241.2,248662,
12/07/2018,1242.3,1248.8,1241.4,1246.6,216104,
11/07/2018,1256.7,1257.3,1241.7,1244.4,293555,
10/07/2018,1258.5,1261,1247.7,1255.4,266748,
09/07/2018,1255.7,1266.9,1255.7,1259.6,231724,
06/07/2018,1258.4,1260.2,1253.7,1255.8,195750,
05/07/2018,1257.7,1262.4,1252.2,1258.8,372468,
03/07/2018,1253.5,1262.4,1238.8,1253.5,145678,
02/07/2018,1253.4,1255.6,1240.6,1241.7,251533,
29/06/2018,1249.5,1257.1,1246.9,1254.5,221077,
28/06/2018,1253.6,1255.8,1247.2,1251,234981,
27/06/2018,1260.5,1261.9,1252.2,1256.1,250008,
26/06/2018,1267.3,1269.4,1256.4,1259.9,243918,
25/06/2018,1272.2,1274.4,1265.5,1268.9,191258,
22/06/2018,1268.6,1273.1,1268.4,1270.7,177199,
21/06/2018,1269.7,1272.3,1262.4,1270.5,268481,
20/06/2018,1277.3,1278.6,1269.6,1274.5,223323,
19/06/2018,1280.7,1286.8,1272.6,1278.6,272942,
18/06/2018,1281.1,1284.9,1279.5,1280.1,180772,
15/06/2018,1305.9,1306.7,1277.9,1278.5,495364,
14/06/2018,1303.1,1313,1301,1308.3,332112,
13/06/2018,1299.6,1305.2,1294.5,1301.3,254837,
12/06/2018,1304.5,1304.8,1296.3,1299.4,227402,
11/06/2018,1303.5,1307,1297.8,1303.2,206333,
08/06/2018,1301.3,1304.8,1296,1302.7,211335,
07/06/2018,1300.9,1307.8,1299,1303,239302,
06/06/2018,1300.6,1306.1,1297.7,1301.4,239391,
05/06/2018,1296.4,1304.8,1293.5,1302.2,257770,
04/06/2018,1296.7,1302.3,1293.8,1297.3,209443,
01/06/2018,1303,1304.8,1293.1,1299.3,308394,
31/05/2018,1306,1311.5,1301,1304.7,293132,
30/05/2018,1303.1,1308.8,1300,1306.5,320122,
29/05/2018,1302.2,1311.3,1296.6,1304.1,348290,
25/05/2018,1305.7,1309,1299.9,1309,61195,
24/05/2018,1298,1311.8,1297.4,1309.8,99686,
23/05/2018,1295.9,1303.8,1292,1294.8,61616,
22/05/2018,1298.2,1301.3,1292.8,1297.4,42154,
21/05/2018,1290.3,1292.7,1281.2,1290.9,313755,
18/05/2018,1290,1293.7,1285.1,1291.3,254923,
17/05/2018,1290.2,1294,1284,1289.4,289678,
16/05/2018,1290.1,1296.4,1285.7,1291.5,321197,
15/05/2018,1313.2,1314.7,1288.2,1290.3,461831,
14/05/2018,1318.3,1322.4,1312.8,1318.2,235892,
11/05/2018,1321.8,1326.3,1317,1320.7,259923,
10/05/2018,1312.8,1323.4,1310.6,1322.3,362491,
09/05/2018,1315.3,1317.8,1304.2,1313,372491,
08/05/2018,1314.1,1318.5,1306.2,1313.7,398268,
07/05/2018,1316.3,1320.1,1310.6,1314.1,230426,
04/05/2018,1312.8,1316.9,1308.5,1314.7,299809,
03/05/2018,1305.5,1319,1305.2,1312.7,297240,
02/05/2018,1304.4,1314.9,1304.3,1305.6,350840,
01/05/2018,1316,1317.4,1302.3,1306.8,267336,
30/04/2018,1324,1325.9,1310.7,1319.2,287438,
27/04/2018,1318,1326.4,1315.8,1323.4,232724,
26/04/2018,1324.2,1328,1316.2,1317.9,285847,
25/04/2018,1332,1333.8,1320.2,1322.8,256659,
24/04/2018,1326.1,1334.5,1323.6,1333,267707,
23/04/2018,1336.2,1337.6,1323.8,1324,276592,
20/04/2018,1348.5,1348.9,1337,1338.3,269829,
19/04/2018,1352.4,1357.7,1343.2,1348.8,325544,
18/04/2018,1350.4,1359,1345,1353.5,298749,
17/04/2018,1349.1,1352.2,1340.2,1349.5,267744,
16/04/2018,1349.8,1353.5,1342.8,1350.7,258382,
13/04/2018,1337.6,1350.3,1335.5,1347.9,253937,
12/04/2018,1356.3,1356.7,1336.7,1341.9,374672,
11/04/2018,1343.1,1369.4,1342.5,1360,467541,
10/04/2018,1339.8,1346.2,1334.2,1345.9,278138,
09/04/2018,1338,1341.5,1330.1,1340.1,222038,
06/04/2018,1329.7,1339.1,1322.6,1336.1,361181,
05/04/2018,1337.1,1338.7,1326,1328.5,266243,
04/04/2018,1336.7,1352.5,1335.2,1340.2,334886,
03/04/2018,1345,1346.6,1332.7,1337.3,276654,
02/04/2018,1336.3,1355.1,1335.1,1352.9,4979,
29/03/2018,1329.3,1332.6,1325.4,1327.3,235348,
28/03/2018,1351.1,1352.2,1327.7,1330,358319,
27/03/2018,1351.1,1352.2,1347.9,1347.9,24159,
26/03/2018,1350.6,1361.8,1349.2,1360.9,187073,
23/03/2018,1335.5,1356.3,1334.7,1355.7,124800,
22/03/2018,1338,1340.8,1330.3,1333.2,70121,
21/03/2018,1310.6,1336.9,1309.5,1321.5,451237,
20/03/2018,1316.5,1318.1,1306.6,1311.9,281146,
19/03/2018,1312.9,1319.6,1307.4,1317.8,283944,
16/03/2018,1316.8,1321.8,1309.5,1312.3,277568,
15/03/2018,1324.7,1328.1,1314.9,1317.8,241746,
14/03/2018,1326.7,1330.5,1321.7,1325.6,247027,
13/03/2018,1323.3,1328.8,1313.8,1327.1,321790,
12/03/2018,1324.1,1325,1315.3,1320.8,214392,
09/03/2018,1322.7,1325.9,1313.2,1324,336571,
08/03/2018,1326.2,1329.8,1319.6,1321.7,241811,
07/03/2018,1339.5,1342,1323,1327.6,297281,
06/03/2018,1321,1339.9,1320.8,1335.2,269691,
05/03/2018,1324.9,1328.9,1318.3,1319.9,215468,
02/03/2018,1318,1326.6,1316.2,1323.4,256112,
01/03/2018,1319.3,1322.3,1303.6,1305.2,395651,
28/02/2018,1318.9,1323.7,1316.7,1317.9,251263,
27/02/2018,1331.7,1332.6,1312.7,1315.5,710,
26/02/2018,1330.4,1342.9,1328,1332.8,237905,
23/02/2018,1333.7,1334.2,1327.7,1330.3,165052,
22/02/2018,1326.2,1334.4,1322.9,1332.7,201972,
21/02/2018,1331.2,1338.5,1324.4,1332.1,244241,
20/02/2018,1348.9,1354,1330.6,1331.2,357520,
16/02/2018,1350.2,1356.2,1349.5,1356.2,21489,
15/02/2018,1353,1359.8,1350.8,1355.3,251537,
14/02/2018,1331.9,1358.6,1319.1,1358,405262,
13/02/2018,1325,1333.5,1323.7,1330.4,192998,
12/02/2018,1317.1,1330,1316.3,1326.4,203283,
09/02/2018,1321,1325,1313.2,1315.7,306980,
08/02/2018,1320.7,1324.5,1309,1319,349123,
07/02/2018,1326.6,1334.8,1313.5,1314.6,335680,
06/02/2018,1343.1,1349.3,1322.8,1329.5,457363,
05/02/2018,1334.6,1344.8,1331.6,1336.5,298950,
02/02/2018,1352.2,1353.3,1330.1,1337.3,416513,
01/02/2018,1348.2,1354.3,1340.2,1347.9,301115,
31/01/2018,1341.8,1351,1335.5,1343.1,365063,
30/01/2018,1344,1352.5,1337.5,1340,394887,
29/01/2018,1353.7,1356.3,1340.9,1345.1,224553,
26/01/2018,1352.7,1361,1348.6,1357.2,139946,
25/01/2018,1362.7,1370.5,1346.2,1368,140915,
24/01/2018,1346.2,1366.8,1344.1,1361.4,147749,
23/01/2018,1333,1341.5,1330.7,1336.7,354786,
22/01/2018,1334,1335.8,1328,1331.9,325008,
19/01/2018,1327,1338.2,1326.6,1333.1,268077,
18/01/2018,1327.4,1333.3,1324.3,1327.2,305093,
17/01/2018,1339,1344.5,1326.6,1339.2,358312,
16/01/2018,1340.9,1345,1332.1,1337.1,472155,
12/01/2018,1337.3,1342.4,1334.9,1334.9,44651,
11/01/2018,1317.5,1324.7,1316.1,1322.5,254541,
10/01/2018,1313.3,1328.6,1308.9,1319.3,382605,
09/01/2018,1321.2,1321.4,1309.5,1313.7,321636,
08/01/2018,1321.8,1323,1315.7,1320.4,238332,
05/01/2018,1324.4,1324.7,1314.6,1322.3,322422,
04/01/2018,1315.5,1327.3,1307.1,1321.6,350803,
03/01/2018,1319,1323,1308.9,1318.5,342866,
02/01/2018,1305.3,1320.4,1304.6,1316.1,269072,
29/12/2017,1297.5,1309.8,1296.1,1309.3,226714,
28/12/2017,1292,1297.3,1290.5,1297.2,213624,
27/12/2017,1287.8,1293.2,1286,1291.4,193217,
26/12/2017,1279,1288.4,1277.7,1287.5,130981,
22/12/2017,1270.3,1280.4,1268.4,1278.8,180314,
21/12/2017,1268.8,1272.5,1266,1270.6,188932,
20/12/2017,1264.8,1271.4,1264.4,1269.6,198670,
19/12/2017,1265.4,1268.6,1262.3,1264.2,196646,
18/12/2017,1257.8,1267,1255.3,1265.5,202834,
15/12/2017,1255.5,1264.5,1255.2,1257.5,230959,
14/12/2017,1258.1,1261.6,1252.8,1257.1,252441,
13/12/2017,1246.3,1259.7,1242.3,1248.6,296022,
12/12/2017,1243.9,1247.9,1238.3,1241.7,216831,
11/12/2017,1249.2,1253.4,1242.4,1246.9,185028,
08/12/2017,1249.5,1254.4,1244.4,1248.4,270293,
07/12/2017,1265.2,1266.8,1245.8,1253.1,305430,
06/12/2017,1268.3,1271.8,1264.8,1266.1,239509,
05/12/2017,1279.1,1279.8,1263.2,1264.9,311493,
04/12/2017,1277.6,1280.5,1273.5,1277.7,250246,
01/12/2017,1277.9,1292.5,1274.2,1282.3,421344,
30/11/2017,1286.9,1288.4,1273.1,1276.7,331729,
29/11/2017,1298,1300.4,1285.1,1286.2,370799,
28/11/2017,1298.8,1301.3,1294.5,1299.2,224246,
27/11/2017,1292,1303.4,1290.7,1298.9,143791,
24/11/2017,1296.1,1297.6,1289.5,1291.8,83375,
22/11/2017,1296.1,1296.4,1293.7,1296.8,5008,
21/11/2017,1276.6,1284.5,1275.8,1281.7,315463,
20/11/2017,1294.1,1295.1,1274.1,1275.3,399552,
17/11/2017,1278.8,1297.5,1278.1,1296.5,368094,
16/11/2017,1278,1281.8,1274.9,1278.2,268021,
15/11/2017,1280.7,1290,1276.5,1277.7,417251,
14/11/2017,1278.9,1283.8,1269.7,1282.9,342150,
13/11/2017,1275.3,1279.9,1274.4,1278.9,213187,
10/11/2017,1286,1287.7,1273.6,1274.2,342281,
09/11/2017,1286,1287.7,1285.4,1287.5,20559,
08/11/2017,1276.4,1288.1,1276.1,1283.7,346077,
07/11/2017,1282.6,1282.8,1272.3,1275.8,327931,
06/11/2017,1270.7,1283.9,1266.4,1281.6,340658,
03/11/2017,1277.5,1281.2,1265.9,1269.2,361591,
02/11/2017,1275.2,1285.1,1274,1278.1,374063,
01/11/2017,1271.8,1281.9,1268.5,1277.3,376514,
31/10/2017,1277.6,1279.1,1268.3,1270.5,264613,
30/10/2017,1274.3,1279.9,1269.8,1277.7,253987,
27/10/2017,1268,1275.2,1263.8,1271.8,352515,
26/10/2017,1278.6,1283.8,1266.4,1269.6,377535,
25/10/2017,1278,1281.3,1272,1279,368454,
24/10/2017,1283.9,1285.3,1274.8,1278.3,262004,
23/10/2017,1281.5,1284.7,1273.6,1280.9,276923,
20/10/2017,1292,1292.9,1279.3,1280.5,308883,
19/10/2017,1282.8,1292.8,1277.6,1290,345419,
18/10/2017,1286.9,1290.8,1278.6,1283,250218,
17/10/2017,1297.2,1298.4,1283.2,1286.2,328145,
16/10/2017,1306,1308.4,1292.5,1303,265876,
13/10/2017,1296,1306.4,1292.9,1304.6,290549,
12/10/2017,1294.6,1299.8,1291.8,1296.5,239955,
11/10/2017,1290.7,1295.9,1286.8,1288.9,258782,
10/10/2017,1286.8,1296.7,1284.6,1293.8,308402,
09/10/2017,1278.6,1288,1277.7,1285,195058,
06/10/2017,1270.6,1279.2,1262.8,1274.9,361565,
05/10/2017,1277.5,1281.6,1268.5,1273.2,217774,
04/10/2017,1274.5,1285,1273.1,1276.8,266333,
03/10/2017,1273.1,1277.4,1271,1274.6,202951,
02/10/2017,1282.2,1282.8,1272,1275.8,267375,
29/09/2017,1290.1,1293.2,1278.2,1284.8,280671,
28/09/2017,1285.1,1291.6,1280.4,1288.7,279916,
27/09/2017,1297.3,1299.2,1284.1,1287.8,364084,
26/09/2017,1314.2,1317.1,1295,1301.7,376702,
25/09/2017,1301.5,1315.8,1291.7,1311.5,357294,
22/09/2017,1294.1,1301.9,1294.1,1297.5,256421,
21/09/2017,1304.8,1305,1291.2,1294.8,388118,
20/09/2017,1314.7,1319.8,1299.5,1316.4,343639,
19/09/2017,1310.5,1315.3,1308.7,1310.6,268037,
18/09/2017,1324,1324,1308.1,1310.8,259701,
15/09/2017,1333.7,1338.2,1323,1325.2,313245,
14/09/2017,1327.6,1334.9,1319.5,1329.3,327600,
13/09/2017,1336.2,1340.5,1324.5,1328,298024,
12/09/2017,1331.7,1336.3,1326.7,1332.7,281134,
11/09/2017,1341.5,1344.6,1330.6,1335.7,292049,
08/09/2017,1354,1362.4,1347.1,1351.2,377234,
07/09/2017,1339,1355.5,1337.2,1350.3,354009,
06/09/2017,1345,1347.7,1336.4,1339,297521,
05/09/2017,1339.8,1349.7,1331.1,1344.5,546280,
01/09/2017,1339.7,1343.5,1330.4,1330.4,52922,
31/08/2017,1314.1,1329,1302.3,1322.2,359132,
30/08/2017,1314.8,1319.3,1310.1,1314.1,301091,
29/08/2017,1320.5,1331.9,1310.6,1318.9,444146,
28/08/2017,1297.6,1317.8,1297,1315.3,310489,
25/08/2017,1291.3,1301.4,1281.3,1297.9,350288,
24/08/2017,1296,1296.8,1289.3,1292,237998,
23/08/2017,1290.4,1297,1287.9,1294.7,226744,
22/08/2017,1297.1,1298.1,1287,1291,259806,
21/08/2017,1289.1,1299.7,1286.2,1296.7,254319,
18/08/2017,1293.8,1306.9,1289.1,1291.6,379352,
17/08/2017,1290,1296,1286.4,1292.4,316050,
16/08/2017,1276.9,1289.5,1273.2,1282.9,268454,
15/08/2017,1287,1287.7,1272.7,1279.7,278698,
14/08/2017,1296.4,1296.4,1284.2,1290.4,233106,
11/08/2017,1292.5,1298.1,1286.7,1294,259307,
10/08/2017,1283.2,1293.8,1280.3,1290.1,257651,
09/08/2017,1266.1,1284.7,1265.9,1279.3,280929,
08/08/2017,1262.9,1271,1257.1,1262.6,240864,
07/08/2017,1264.3,1265.6,1261.3,1264.7,120039,
04/08/2017,1275.3,1276.5,1259.8,1264.6,260834,
03/08/2017,1272.6,1277,1262.9,1274.4,198615,
02/08/2017,1275.2,1279,1268.9,1278.4,204629,
01/08/2017,1275.6,1280.3,1268.4,1279.4,206396,
31/07/2017,1276.3,1277.3,1271.7,1273.4,158464,
28/07/2017,1265,1277,1263.2,1275.3,241286,
27/07/2017,1266.8,1271.3,1260.3,1266.5,154412,
26/07/2017,1256.2,1269.8,1249.4,1255.6,92181,
25/07/2017,1261.9,1264.2,1255.1,1258.5,61360,
24/07/2017,1261.4,1265.1,1258.1,1260.7,61616,
21/07/2017,1250.8,1262.1,1249.5,1261,51035,
20/07/2017,1240.6,1247.2,1234.6,1245.5,263291,
19/07/2017,1242,1243.5,1235.1,1242,189980,
18/07/2017,1233.3,1244.1,1232.2,1241.9,245241,
17/07/2017,1228.7,1235.4,1227.5,1233.7,166096,
14/07/2017,1216.4,1232.7,1214,1227.5,258301,
13/07/2017,1219.2,1223.6,1215.6,1217.3,219900,
12/07/2017,1216.5,1225.2,1212.5,1219.1,254172,
11/07/2017,1213.8,1217.1,1207.4,1214.7,213121,
10/07/2017,1212.1,1215,1204,1213.2,233437,
07/07/2017,1224.6,1228.1,1206.6,1209.7,310483,
06/07/2017,1226.5,1229.5,1221.8,1223.3,185809,
05/07/2017,1223,1228.4,1216.5,1221.7,348799,
03/07/2017,1220.1,1224.6,1220,1219.2,26906,
30/06/2017,1245.2,1248.2,1239,1242.3,210097,
29/06/2017,1249.6,1253.2,1239.7,1245.8,260590,
28/06/2017,1247.3,1255.7,1246.7,1249.1,188119,
27/06/2017,1245.2,1253.8,1241.8,1246.9,204721,
26/06/2017,1258.1,1259,1236.5,1246.4,219105,
23/06/2017,1250.9,1260,1250.6,1256.4,153529,
22/06/2017,1246.4,1256,1246.4,1249.4,182170,
21/06/2017,1243.9,1248.8,1241.7,1245.8,160236,
20/06/2017,1245.4,1249.4,1242.4,1243.5,172002,
19/06/2017,1255.8,1257.3,1244.3,1246.7,174183,
16/06/2017,1255.6,1258.6,1253.2,1256.5,145249,
15/06/2017,1262.7,1268.5,1252.7,1254.6,238470,
14/06/2017,1268.4,1284.2,1259,1275.9,337298,
13/06/2017,1267.7,1271,1260.5,1268.6,171164,
12/06/2017,1269.7,1272.4,1265.6,1268.9,168475,
09/06/2017,1283.5,1284.6,1266.7,1271.4,212190,
08/06/2017,1289.5,1291.5,1273.5,1279.5,247460,
07/06/2017,1297,1297.6,1285,1293.2,212480,
06/06/2017,1282.5,1298.8,1282.1,1297.5,243052,
05/06/2017,1282.6,1286,1280.2,1282.7,134854,
02/06/2017,1268,1282.2,1261.3,1280.2,257594,
01/06/2017,1271.6,1272.8,1263.7,1270.1,174611,
31/05/2017,1265.7,1276.8,1262,1275.4,193527,
30/05/2017,1270.1,1273.4,1261.8,1265.7,275724,
26/05/2017,1258.6,1272.7,1269.4,1271.4,14102,
25/05/2017,1261.6,1262.8,1256.9,1259.8,62975,
24/05/2017,1251.1,1258.8,1247.6,1253.1,234075,
23/05/2017,1260.4,1263.8,1250.5,1255.5,269982,
22/05/2017,1257.5,1262.6,1251.6,1261.4,201829,
19/05/2017,1246.8,1256.4,1246.1,1253.6,210569,
18/05/2017,1261.4,1265,1245.7,1252.8,361421,
17/05/2017,1237.2,1261.5,1236.3,1258.7,365967,
16/05/2017,1230.8,1239.1,1230,1236.4,197131,
15/05/2017,1228.3,1237.4,1226.8,1230,182239,
12/05/2017,1225,1231.6,1224.4,1227.7,189500,
11/05/2017,1219.2,1227.7,1216.9,1224.2,230075,
10/05/2017,1222.1,1225.8,1217.5,1218.9,185804,
09/05/2017,1226.6,1228.7,1214.3,1216.1,240063,
08/05/2017,1223.1,1236.9,1221,1227.1,188318,
05/05/2017,1228.5,1236,1226.2,1226.9,257019,
04/05/2017,1238.5,1241.7,1225.7,1228.6,305881,
03/05/2017,1257.8,1257.8,1236.4,1248.5,245496,
02/05/2017,1257.4,1258.8,1252.6,1257,171411,
01/05/2017,1269.6,1272.4,1254.9,1255.5,197023,
28/04/2017,1265.2,1269.9,1264.2,1268.3,166210,
27/04/2017,1270.2,1271.1,1261.8,1265.9,203162,
26/04/2017,1265.5,1272.8,1260.7,1264.2,233964,
25/04/2017,1277.9,1279.9,1262.8,1267.2,242791,
24/04/2017,1280,1280,1266,1277.5,287252,
21/04/2017,1283.3,1290.1,1280,1289.1,220990,
20/04/2017,1282.2,1285.2,1278,1283.8,237678,
19/04/2017,1291.7,1292.7,1275.4,1283.4,251024,
18/04/2017,1286.7,1294.4,1280.6,1294.1,272618,
17/04/2017,1292.4,1297.4,1283.1,1291.9,189444,
13/04/2017,1288.3,1290.7,1283.8,1288.5,229082,
12/04/2017,1277.2,1289,1273.8,1278.1,241437,
11/04/2017,1256.8,1277.4,1254.7,1274.2,279421,
10/04/2017,1255.6,1258.9,1248.2,1253.9,176084,
07/04/2017,1253.9,1273.3,1252.4,1257.3,365404,
06/04/2017,1257.6,1260.9,1251.3,1253.3,160510,
05/04/2017,1258.2,1259.3,1245.4,1248.5,226454,
04/04/2017,1255.5,1263.7,1255.5,1258.4,152043,
03/04/2017,1251.9,1255.9,1246.4,1254,135738,
31/03/2017,1244.6,1252.8,1241.5,1251.2,158381,
30/03/2017,1256.1,1256.5,1244.2,1248,211199,
29/03/2017,1253,1257.5,1250,1256.8,157858,
28/03/2017,1257.1,1261.4,1250.5,1258.8,110672,
27/03/2017,1247.2,1264.2,1247.2,1258.8,70055,
24/03/2017,1248.2,1255,1243.7,1251.7,50728,
23/03/2017,1251.5,1256.4,1245.6,1250.1,38955,
22/03/2017,1244.5,1251.5,1243.8,1249.7,210181,
21/03/2017,1234.2,1247.7,1226.6,1246.5,278090,
20/03/2017,1229,1235.5,1228.8,1234,122559,
17/03/2017,1226.2,1231.5,1224,1230.2,146933,
16/03/2017,1219.5,1234,1218.1,1227.1,243137,
15/03/2017,1198.7,1222,1196.8,1200.7,256440,
14/03/2017,1203.5,1207.5,1196.9,1202.6,176653,
13/03/2017,1205,1210.9,1202,1203.1,168436,
10/03/2017,1200.2,1206.2,1194.5,1201.4,250514,
09/03/2017,1207.7,1208.9,1199,1203.2,226026,
08/03/2017,1215.6,1218.5,1206.4,1209.4,200792,
07/03/2017,1225.7,1227.4,1214.1,1216.1,195645,
06/03/2017,1233.9,1237.3,1225,1225.5,154275,
03/03/2017,1234.8,1236.7,1223,1226.5,268970,
02/03/2017,1249.9,1250.8,1231.1,1232.9,262903,
01/03/2017,1248.5,1251.4,1237.2,1250,300815,
28/02/2017,1253.3,1259.3,1248.2,1253.9,225369,
27/02/2017,1258.9,1264.9,1251.5,1258.8,201486,
24/02/2017,1250.6,1261.2,1248.8,1258.3,209660,
23/02/2017,1238.3,1252.2,1236.4,1251.4,250277,
22/02/2017,1236.9,1241.9,1231.5,1233.3,193431,
21/02/2017,1239.3,1240.2,1226.8,1238.9,245695,
17/02/2017,1240.8,1245.1,1232.4,1239.1,20247,
16/02/2017,1234.3,1243.7,1233.3,1241.6,196467,
15/02/2017,1228.6,1234.9,1217.5,1233.1,220585,
14/02/2017,1226.1,1236,1222.7,1225.4,223687,
13/02/2017,1234.2,1234.4,1220.3,1225.8,168285,
10/02/2017,1229.6,1238.9,1222.6,1235.9,229161,
09/02/2017,1242.7,1246.2,1226.1,1236.8,234244,
08/02/2017,1235.2,1246.6,1231.3,1239.5,216044,
07/02/2017,1236.9,1237.5,1229.2,1236.1,192661,
06/02/2017,1221.9,1237.5,1220.8,1232.1,190379,
03/02/2017,1217.8,1223.2,1208.3,1220.8,210726,
02/02/2017,1211.2,1227.5,1210.2,1219.4,220209,
01/02/2017,1212.2,1215,1199.7,1208.3,211357,
31/01/2017,1197.7,1217.4,1195.6,1211.4,237644,
30/01/2017,1194.6,1201.3,1190,1196,185344,
27/01/2017,1191.4,1193.8,1182.6,1191.1,142852,
26/01/2017,1204.1,1205,1186.6,1192.5,94439,
25/01/2017,1211.5,1212.2,1195.3,1200.5,80202,
24/01/2017,1218,1220.1,1206.2,1210.8,211945,
23/01/2017,1209.3,1219.4,1209,1215.6,231381,
20/01/2017,1204.8,1214.8,1198.2,1204.9,236066,
19/01/2017,1203.1,1206.4,1195.4,1201.5,241530,
18/01/2017,1216.8,1217.7,1201.8,1212.1,195234,
17/01/2017,1202.8,1218.9,1198,1212.9,368672,
13/01/2017,1194.8,1204.3,1187.5,1196.2,28224,
12/01/2017,1191.1,1207.2,1190.7,1199.8,260107,
11/01/2017,1188.1,1198.5,1177,1196.6,317695,
10/01/2017,1181.3,1190.6,1180.2,1185.5,215898,
09/01/2017,1172.9,1186.4,1172.2,1184.9,174989,
06/01/2017,1181,1183.8,1171.1,1173.4,217714,
05/01/2017,1164.6,1185.9,1163.6,1181.3,262224,
04/01/2017,1159.6,1168.6,1156.7,1165.3,172108,
03/01/2017,1151.4,1166,1146.5,1162,216537,
30/12/2016,1159.5,1164.3,1150.3,1151.7,138673,
29/12/2016,1143.1,1160.6,1142.6,1158.1,152323,
28/12/2016,1139.3,1145.1,1137.1,1140.9,100121,
27/12/2016,1135.3,1151.7,1132.8,1138.8,102366,
23/12/2016,1130,1137.3,1129.5,1133.6,70834,
22/12/2016,1130,1137.3,1129.5,1133.6,70834,
21/12/2016,1134,1138.8,1131,1133.2,109673,
20/12/2016,1139.8,1141.7,1127.3,1133.6,138058,
19/12/2016,1136.1,1144.4,1135.5,1142.7,112536,
16/12/2016,1130.5,1143.2,1128.5,1137.4,171285,
15/12/2016,1143.8,1146,1124.3,1129.8,262877,
14/12/2016,1159.8,1168,1140,1163.7,205326,
13/12/2016,1164.5,1167,1156.3,1159,136029,
12/12/2016,1161.4,1167.9,1152.5,1165.8,159639,
09/12/2016,1172.5,1173.8,1157.6,1161.9,154417,
08/12/2016,1176.1,1180.7,1170.9,1172.4,142363,
07/12/2016,1171.4,1182.3,1167.2,1177.5,137900,
06/12/2016,1172.8,1177.1,1168.1,1170.1,130714,
05/12/2016,1182.6,1190.2,1158.6,1176.5,212276,
02/12/2016,1174.3,1180.3,1168.4,1177.8,169224,
01/12/2016,1175.1,1178.4,1162.2,1169.4,216169,
30/11/2016,1190.7,1196.8,1171.3,1173.9,232748,
29/11/2016,1196.6,1197.7,1182.6,1190.8,195887,
28/11/2016,1184.4,1200,1184.4,1193.8,132780,
25/11/2016,1184.4,1195.4,1172.8,1181,89941,
23/11/2016,1188.2,1192.5,1185.2,1192.4,3479,
22/11/2016,1213.5,1220.9,1205.6,1211.2,201770,
21/11/2016,1207.3,1217.8,1205.4,1209.8,162047,
18/11/2016,1216,1217.5,1201.3,1208.7,244002,
17/11/2016,1224.8,1231.1,1210.5,1216.9,224953,
16/11/2016,1228,1233.1,1221,1223.9,190158,
15/11/2016,1221.8,1231.4,1218.6,1224.5,224970,
14/11/2016,1227.7,1230.9,1211,1221.7,332635,
11/11/2016,1258.7,1265,1218.7,1224.3,420069,
10/11/2016,1278.4,1292.5,1251.9,1266.4,392797,
09/11/2016,1276.8,1338.3,1268.1,1273.5,783657,
08/11/2016,1282.2,1291.5,1273.3,1274.5,194922,
07/11/2016,1294.5,1296.5,1278.6,1279.4,209668,
04/11/2016,1303.2,1308.3,1295.7,1304.5,202966,
03/11/2016,1298.1,1308,1286.2,1303.3,220164,
02/11/2016,1289,1309.3,1288.4,1308.2,224005,
01/11/2016,1277.8,1292.9,1276.3,1288,194976,
31/10/2016,1278.3,1280.5,1271.9,1273.1,115445,
28/10/2016,1269.2,1285.4,1262,1276.8,222489,
27/10/2016,1267.2,1273.7,1265.2,1269.5,123344,
26/10/2016,1274,1277.2,1265.1,1266.6,132796,
25/10/2016,1265.2,1277.5,1262.4,1273.6,132241,
24/10/2016,1266.9,1272.8,1260.1,1263.7,148823,
21/10/2016,1266.5,1268.8,1261.7,1267.7,97891,
20/10/2016,1270.6,1275.9,1265.5,1267.5,130976,
19/10/2016,1263.9,1274.4,1261.1,1269.9,135414,
18/10/2016,1256,1265.6,1255.9,1262.9,141366,
17/10/2016,1252.9,1258.2,1251.1,1256.6,102991,
14/10/2016,1259.5,1260.7,1246.9,1255.5,161952,
13/10/2016,1257.1,1263.9,1254.7,1257.6,142928,
12/10/2016,1254.5,1260.5,1251.2,1253.8,122342,
11/10/2016,1261.7,1264,1254.3,1255.9,127971,
10/10/2016,1258.5,1266.8,1258.5,1260.4,128220,
07/10/2016,1256.8,1267.6,1243.2,1251.9,261530,
06/10/2016,1269.7,1271.6,1251.8,1253,176574,
05/10/2016,1270.5,1279.4,1264.1,1268.6,200416,
04/10/2016,1315,1315.4,1269,1269.7,327773,
03/10/2016,1321,1322.6,1311.8,1312.7,120503,
30/09/2016,1323.6,1331.5,1316,1317.1,198471,
29/09/2016,1325,1329.4,1318.6,1326,145079,
28/09/2016,1330.1,1331.1,1321.1,1323.7,143807,
27/09/2016,1342,1343.5,1327.7,1330.4,175693,
26/09/2016,1340.8,1346.1,1336.5,1344.1,120362,
23/09/2016,1340.3,1344.5,1337.4,1341.7,108833,
22/09/2016,1338.9,1347.8,1335.1,1344.7,152427,
21/09/2016,1318,1341.3,1310.9,1331.4,253563,
20/09/2016,1316.3,1321.1,1315.2,1318.2,87659,
19/09/2016,1313.2,1321.8,1312.6,1317.8,111107,
16/09/2016,1318.3,1321.5,1309.2,1310.2,132642,
15/09/2016,1325.8,1332.5,1312.1,1318,200075,
14/09/2016,1322.6,1329.8,1316.6,1326.1,131424,
13/09/2016,1331.7,1335.9,1318.8,1323.7,173410,
12/09/2016,1332,1333.8,1323.3,1325.6,183691,
09/09/2016,1341.6,1343.6,1331.2,1334.5,151860,
08/09/2016,1349.1,1353.9,1339.1,1341.6,174246,
07/09/2016,1353.5,1357.6,1346.9,1349.2,142466,
06/09/2016,1330.8,1357.2,1325.5,1349.2,263409,
02/09/2016,1318,1334,1307.4,1354,12131,
01/09/2016,1311.7,1318.6,1305.5,1317.1,167111,
31/08/2016,1314.7,1319.2,1306.9,1311.4,163005,
30/08/2016,1327,1328.9,1312,1316.5,149313,
29/08/2016,1323.8,1328.5,1317.2,1327.1,136851,
26/08/2016,1324.8,1346,1321.2,1325.9,292305,
25/08/2016,1327.4,1330.2,1321,1324.6,143468,
24/08/2016,1342.2,1344.1,1327,1329.7,207827,
23/08/2016,1343.6,1348.8,1338.9,1346.1,125007,
22/08/2016,1345,1345.7,1335.4,1343.4,148566,
19/08/2016,1357.1,1357.9,1342,1346.2,177682,
18/08/2016,1353.8,1361.5,1351.2,1357.2,163104,
17/08/2016,1351.3,1356.8,1340.5,1348.8,164091,
16/08/2016,1345.2,1364.3,1344.8,1356.9,213729,
15/08/2016,1343.6,1349.1,1340.9,1347.5,117800,
12/08/2016,1344.7,1362.5,1338.3,1343.2,227943,
11/08/2016,1353.2,1359.4,1341.4,1350,149880,
10/08/2016,1347,1363.6,1345.7,1351.9,184037,
09/08/2016,1341.2,1348.5,1336,1346.7,117280,
08/08/2016,1341.2,1343.9,1335.3,1341.3,126244,
05/08/2016,1367.2,1371,1340.4,1344.4,207828,
04/08/2016,1364.7,1371.4,1355.1,1367.4,158935,
03/08/2016,1370.5,1373.4,1360.6,1364.7,131123,
02/08/2016,1360.6,1374.2,1353.7,1372.6,154681,
01/08/2016,1357.2,1361.9,1353.2,1359.6,108934,
29/07/2016,1333.2,1353.3,1325.8,1349,214928,
28/07/2016,1339.5,1344.3,1330.1,1332.3,179984,
27/07/2016,1319.9,1342.3,1315.6,1326.7,160965,
26/07/2016,1315.5,1324.4,1313.6,1320.8,88658,
25/07/2016,1322.7,1323.4,1311.1,1319.5,125105,
22/07/2016,1331.4,1334,1319.4,1323.4,211535,
21/07/2016,1316.2,1334,1310.7,1331,241351,
20/07/2016,1332.2,1338.8,1312.5,1319.3,212201,
19/07/2016,1329.1,1335.5,1325.8,1332.3,144123,
18/07/2016,1333.4,1336,1323.5,1329.3,159487,
15/07/2016,1336.4,1339.5,1322.6,1327.4,184243,
14/07/2016,1344.5,1348,1320.4,1327.4,251302,
13/07/2016,1334,1346.3,1328.1,1332.2,195091,
12/07/2016,1356.3,1358.9,1331,1335.3,246267,
11/07/2016,1368.9,1376.5,1351.8,1356.6,217375,
08/07/2016,1361,1371.8,1336.3,1358.4,287124,
07/07/2016,1365.7,1372.9,1352,1362.1,204514,
06/07/2016,1358,1377.5,1356.3,1367.1,226256,
05/07/2016,1350.8,1360.3,1338.5,1358.7,337002,
01/07/2016,1345,1360.3,1338.5,1339,63821,
30/06/2016,1321,1326.5,1315.3,1320.6,182812,
29/06/2016,1313.9,1331,1313.3,1326.9,164974,
28/06/2016,1328.3,1329.5,1308.2,1317.9,183169,
27/06/2016,1322.3,1340,1320.8,1324.7,240734,
24/06/2016,1254.3,1362.6,1252.8,1322.4,527205,
23/06/2016,1268.1,1274.9,1256.9,1263.1,145996,
22/06/2016,1271.4,1273.5,1263.8,1270,127154,
21/06/2016,1271.1,1297.4,1267.1,1272.5,196994,
20/06/2016,1293,1296.8,1280.8,1292.1,186003,
17/06/2016,1282.4,1302.7,1278.8,1294.8,203550,
16/06/2016,1295,1318.9,1280.1,1298.4,331368,
15/06/2016,1288.1,1300,1281.3,1288.3,190137,
14/06/2016,1286.2,1293,1278.6,1288.1,182512,
13/06/2016,1278.3,1290.3,1275.2,1286.9,195734,
10/06/2016,1271.5,1280.9,1267.3,1275.9,151163,
09/06/2016,1264.6,1274.4,1259.4,1272.7,145087,
08/06/2016,1247,1267.2,1245.5,1262.3,167215,
07/06/2016,1248,1249,1236.9,1247,114337,
06/06/2016,1245.5,1251.3,1242.1,1247.4,157245,
03/06/2016,1212.8,1247.4,1209.1,1242.9,230035,
02/06/2016,1215.9,1220,1212,1212.6,106248,
01/06/2016,1217.9,1222.9,1208.2,1214.7,151311,
31/05/2016,1208.1,1220.6,1201.5,1217.5,227362,
27/05/2016,1215.1,1215.9,1202.2,1216.7,29931,
26/05/2016,1226.1,1237.2,1220.8,1222.7,148362,
25/05/2016,1230,1233.4,1220.6,1226.6,105239,
24/05/2016,1249.5,1252.8,1226.2,1232.2,288926,
23/05/2016,1251.7,1256.8,1243.5,1251.5,206897,
20/05/2016,1256.3,1261.2,1249.6,1252.9,188383,
19/05/2016,1259.1,1262.3,1244.6,1254.8,246015,
18/05/2016,1280.6,1283.5,1256,1274.4,225480,
17/05/2016,1274.9,1283.9,1270.1,1276.9,196855,
16/05/2016,1273.1,1290.4,1271.6,1274.2,188509,
13/05/2016,1264.8,1277.7,1264,1272.7,167683,
12/05/2016,1279.3,1282.5,1262.9,1271.2,211757,
11/05/2016,1267.3,1280.8,1266.3,1275.5,215592,
10/05/2016,1265.4,1272,1258.3,1264.8,164024,
09/05/2016,1288.8,1289.5,1262.8,1266.6,213413,
06/05/2016,1279.3,1297.7,1276.2,1294,246521,
05/05/2016,1281.2,1288.4,1270.6,1272.3,168856,
04/05/2016,1287.7,1291.8,1273.6,1274.4,205506,
03/05/2016,1293.4,1303.9,1284,1291.8,209229,
02/05/2016,1294.2,1306,1289.6,1295.8,193092,
29/04/2016,1268,1299,1267,1290.5,249603,
28/04/2016,1247.3,1271.7,1239.1,1266.4,214356,
27/04/2016,1245.7,1254.6,1240.7,1250.4,167190,
26/04/2016,1239.8,1246.5,1232.7,1243.4,139982,
25/04/2016,1234.5,1243.8,1231.3,1240.2,114696,
22/04/2016,1248.5,1254.2,1228.5,1230,198388,
21/04/2016,1244.5,1272.4,1244.4,1250.3,261992,
20/04/2016,1251.3,1259.8,1244,1254.4,158271,
19/04/2016,1233.9,1258.5,1229,1254.3,200511,
18/04/2016,1236.3,1243.3,1231.7,1235,143540,
15/04/2016,1228.5,1237.6,1226.8,1234.6,115585,
14/04/2016,1243.8,1245.9,1225.4,1226.5,196567,
13/04/2016,1257.2,1258.7,1241.4,1248.3,150426,
12/04/2016,1259.8,1264.7,1253,1260.9,148296,
11/04/2016,1241.8,1260.9,1241.6,1258,151279,
08/04/2016,1241.8,1244.6,1231,1243.8,128333,
07/04/2016,1224,1245,1224,1237.5,179765,
06/04/2016,1232.6,1233.8,1217.2,1223.8,129032,
05/04/2016,1217.1,1238.8,1216,1229.6,148762,
04/04/2016,1217.2,1224.1,1215.7,1219.3,86900,
01/04/2016,1234.1,1237.2,1210.3,1223.5,188179,
31/03/2016,1227,1242.3,1225.1,1235.6,117150,
30/03/2016,1243,1246.8,1224.9,1228.6,172801,
29/03/2016,1223.1,1245.2,1217,1237.5,193572,
28/03/2016,1217.8,1225.1,1207.7,1222,85386,
24/03/2016,1222.1,1225.6,1212.6,1223.5,61613,
23/03/2016,1248.5,1249.8,1215.4,1225.6,248406,
22/03/2016,1244.3,1260.9,1242.8,1248.6,178128,
21/03/2016,1255.2,1256.7,1241.2,1244.2,165130,
18/03/2016,1257.7,1267.7,1248.4,1254.3,152348,
17/03/2016,1262,1271.9,1255.2,1265,196709,
16/03/2016,1233.1,1264.8,1227,1229.8,195631,
15/03/2016,1237,1238.7,1226,1231,169067,
14/03/2016,1250.9,1261.9,1229.9,1245.1,198015,
11/03/2016,1272,1287.8,1249,1259.4,225924,
10/03/2016,1253.7,1274.3,1237.5,1272.8,294934,
09/03/2016,1262.2,1265.7,1243.6,1257.4,217105,
08/03/2016,1267.9,1279,1261,1262.9,198376,
07/03/2016,1260.5,1274.1,1257.4,1264,208860,
04/03/2016,1264.6,1280.7,1250.1,1270.7,351429,
03/03/2016,1240.8,1269.3,1238,1258.2,216716,
02/03/2016,1232.3,1244.8,1225.1,1241.8,175010,
01/03/2016,1238.9,1249.3,1227.7,1230.8,211175,
29/02/2016,1223.1,1241.8,1216.3,1234.4,174484,
26/02/2016,1232.5,1241.3,1212,1220.4,210351,
25/02/2016,1228.9,1244.4,1221.8,1238.8,199289,
24/02/2016,1226,1254.3,1222.4,1239.1,260422,
23/02/2016,1208.9,1229,1207.6,1222.6,175821,
22/02/2016,1208,1226.9,1202.5,1210.1,155626,
19/02/2016,1231.2,1235.3,1220.6,1230.8,168415,
18/02/2016,1209.5,1240.6,1201.3,1226.3,173177,
17/02/2016,1201.9,1214.4,1196.2,1211.4,156859,
16/02/2016,1209.4,1236.3,1191.5,1208.2,319892,
12/02/2016,1236.3,1236.3,1215,1239.4,33215,
11/02/2016,1197.5,1263.9,1196.3,1247.8,345519,
10/02/2016,1189.7,1198.1,1181.6,1194.6,159103,
09/02/2016,1189.4,1199.3,1185.9,1198.6,180163,
08/02/2016,1174,1201.4,1164.5,1197.9,232700,
05/02/2016,1155.7,1175,1145.5,1157.7,206063,
04/02/2016,1156.7,1157.9,1139.7,1157.5,168259,
03/02/2016,1129.4,1146.2,1124.8,1141.3,181052,
02/02/2016,1128.8,1131.5,1122.6,1127.2,107444,
01/02/2016,1118,1130.2,1115.3,1128,109728,
29/01/2016,1114.8,1118.9,1108.5,1116.4,126023,
28/01/2016,1115.7,1126.4,1110.2,1116.1,146072,
27/01/2016,1120.2,1128.7,1115.2,1116.3,124865,
26/01/2016,1109.4,1123.6,1107.7,1120.6,89525,
25/01/2016,1097.8,1109.2,1097.6,1105.3,148860,
22/01/2016,1101.6,1103.5,1094.4,1096.3,133883,
21/01/2016,1100.9,1104.8,1092.5,1098.2,170505,
20/01/2016,1087.3,1109.9,1087.1,1106.2,183164,
19/01/2016,1089,1094.5,1082.1,1089.1,154064,
15/01/2016,1089.3,1093.3,1089,1090.7,8927,
14/01/2016,1093.6,1095.4,1071.1,1073.6,168364,
13/01/2016,1086.8,1095.6,1079.4,1087.1,146676,
12/01/2016,1094,1099.1,1083.1,1085.2,161091,
11/01/2016,1103.6,1108.3,1093.1,1096.2,185771,
08/01/2016,1108.8,1113.1,1091.8,1097.9,183436,
07/01/2016,1093.7,1109.9,1091.1,1107.8,203063,
06/01/2016,1076.8,1094.9,1074.4,1091.9,179581,
05/01/2016,1073.5,1081.5,1071.9,1078.4,99250,
04/01/2016,1061.5,1083,1061,1075.2,151233,
,,,,,,
,,,,,,
,,,,,,
,,,,,,
,,,,,,
,,,,,,
,,,,,,
,,,,,,
,,,,,,
,,,,,,
,,,,,,
,,,,,,
,,,,,,
,,,,,,
,,,,,,
,,,,,,
,,,,,,
,,,,,,
,,,,,,
,,,,,,
,,,,,,
,,,,,,
,,,,,,
,,,,,,
,,,,,,
,,,,,,
,,,,,,
,,,,,,
,,,,,,
,,,,,,
,,,,,,
,,,,,,
,,,,,,
,,,,,,
,,,,,,
,,,,,,
,,,,,,
,,,,,,
,,,,,,
,,,,,,
,,,,,,
,,,,,,
,,,,,,
,,,,,,
,,,,,,
,,,,,,
,,,,,,
,,,,,,
,,,,,,
,,,,,,
,,,,,,
,,,,,,
,,,,,,
,,,,,,
,,,,,,
,,,,,,
,,,,,,
,,,,,,
,,,,,,
,,,,,,
,,,,,,
,,,,,,
,,,,,,
,,,,,,
,,,,,,
,,,,,,
,,,,,,
,,,,,,
,,,,,,
,,,,,,
,,,,,,
,,,,,,
,,,,,,
,,,,,,
,,,,,,
,,,,,,
,,,,,,
,,,,,,
,,,,,,
,,,,,,
,,,,,,
,,,,,,
,,,,,,
,,,,,,
,,,,,,
,,,,,,
,,,,,,
,,,,,,
,,,,,,
,,,,,,
,,,,,,
,,,,,,
,,,,,,
,,,,,,
,,,,,,
,,,,,,
,,,,,,
,,,,,,
,,,,,,
,,,,,,
,,,,,,
,,,,,,
,,,,,,
,,,,,,
,,,,,,
,,,,,,
,,,,,,
,,,,,,
,,,,,,
,,,,,,
,,,,,,
,,,,,,
,,,,,,
,,,,,,
,,,,,,
,,,,,,
,,,,,,
,,,,,,
,,,,,,
,,,,,,
,,,,,,
,,,,,,
,,,,,,
,,,,,,
,,,,,,
,,,,,,
,,,,,,
,,,,,,
,,,,,,
,,,,,,
,,,,,,
,,,,,,
,,,,,,
,,,,,,
,,,,,,
,,,,,,
,,,,,,
,,,,,,
,,,,,,
,,,,,,
,,,,,,
,,,,,,
,,,,,,
,,,,,,
,,,,,,
,,,,,,
,,,,,,
,,,,,,
,,,,,,
,,,,,,
,,,,,,
,,,,,,
,,,,,,
,,,,,,
,,,,,,
,,,,,,
,,,,,,
,,,,,,
,,,,,,
,,,,,,
,,,,,,
,,,,,,
,,,,,,
,,,,,,
,,,,,,
,,,,,,
,,,,,,
,,,,,,
,,,,,,
,,,,,,
,,,,,,
,,,,,,
,,,,,,
,,,,,,
,,,,,,
,,,,,,
,,,,,,
,,,,,,
,,,,,,
,,,,,,
,,,,,,
,,,,,,
,,,,,,
,,,,,,
,,,,,,
,,,,,,
,,,,,,
,,,,,,
,,,,,,
,,,,,,
,,,,,,
,,,,,,
,,,,,,
,,,,,,
,,,,,,
,,,,,,
,,,,,,
,,,,,,
,,,,,,
,,,,,,
,,,,,,
,,,,,,
,,,,,,
,,,,,,
,,,,,,
,,,,,,
,,,,,,
,,,,,,
,,,,,,
,,,,,,
,,,,,,
,,,,,,
,,,,,,
,,,,,,
,,,,,,
,,,,,,
,,,,,,
,,,,,,
,,,,,,
,,,,,,
,,,,,,
,,,,,,
,,,,,,
,,,,,,
,,,,,,
,,,,,,
,,,,,,
,,,,,,
,,,,,,
,,,,,,
,,,,,,
,,,,,,
,,,,,,
,,,,,,
,,,,,,
,,,,,,
,,,,,,
,,,,,,
,,,,,,
,,,,,,
,,,,,,
,,,,,,
,,,,,,
,,,,,,
,,,,,,
,,,,,,
,,,,,,
,,,,,,
,,,,,,
,,,,,,
,,,,,,
,,,,,,
,,,,,,
,,,,,,
,,,,,,
,,,,,,
,,,,,,
,,,,,,
,,,,,,
,,,,,,
,,,,,,
,,,,,,
,,,,,,
,,,,,,
,,,,,,
,,,,,,
,,,,,,
,,,,,,
,,,,,,
,,,,,,
,,,,,,
,,,,,,
,,,,,,
,,,,,,
,,,,,,
,,,,,,
,,,,,,
,,,,,,
,,,,,,
,,,,,,
,,,,,,
,,,,,,
,,,,,,
,,,,,,
,,,,,,
,,,,,,
,,,,,,
,,,,,,
,,,,,,
,,,,,,
,,,,,,
,,,,,,
,,,,,,
,,,,,,
,,,,,,
,,,,,,
,,,,,,
,,,,,,
,,,,,,
,,,,,,
,,,,,,
,,,,,,
,,,,,,
,,,,,,
,,,,,,
,,,,,,
,,,,,,
,,,,,,
,,,,,,
,,,,,,
,,,,,,
,,,,,,
,,,,,,
,,,,,,
,,,,,,
,,,,,,
,,,,,,
,,,,,,
,,,,,,
,,,,,,
,,,,,,
,,,,,,
,,,,,,
,,,,,,
,,,,,,
,,,,,,
,,,,,,
,,,,,,
,,,,,,
,,,,,,
,,,,,,
,,,,,,
,,,,,,
,,,,,,
,,,,,,
,,,,,,
,,,,,,
,,,,,,
,,,,,,
,,,,,,
,,,,,,
,,,,,,
,,,,,,
,,,,,,
,,,,,,
,,,,,,
,,,,,,
,,,,,,
,,,,,,
,,,,,,
,,,,,,
,,,,,,
,,,,,,
,,,,,,
,,,,,,
,,,,,,
,,,,,,
,,,,,,
,,,,,,
,,,,,,
,,,,,,
,,,,,,
,,,,,,
,,,,,,
,,,,,,
,,,,,,
,,,,,,
,,,,,,
,,,,,,
,,,,,,
,,,,,,
,,,,,,
,,,,,,
,,,,,,
,,,,,,
,,,,,,
,,,,,,
,,,,,,
,,,,,,
,,,,,,
,,,,,,
,,,,,,
,,,,,,
,,,,,,
,,,,,,
,,,,,,
,,,,,,
,,,,,,
,,,,,,
,,,,,,
,,,,,,
,,,,,,
,,,,,,
,,,,,,
,,,,,,
,,,,,,
,,,,,,
,,,,,,
,,,,,,
,,,,,,
,,,,,,
,,,,,,
,,,,,,
,,,,,,
,,,,,,
,,,,,,
,,,,,,
,,,,,,
,,,,,,
,,,,,,
,,,,,,
,,,,,,
,,,,,,
,,,,,,
,,,,,,
,,,,,,
,,,,,,
,,,,,,
,,,,,,
,,,,,,
,,,,,,
,,,,,,
,,,,,,
,,,,,,
,,,,,,
,,,,,,
,,,,,,
,,,,,,
,,,,,,
,,,,,,
,,,,,,
,,,,,,
,,,,,,
,,,,,,
,,,,,,
,,,,,,
,,,,,,
,,,,,,
,,,,,,
,,,,,,
,,,,,,
,,,,,,
,,,,,,
,,,,,,
,,,,,,
,,,,,,
,,,,,,
,,,,,,
,,,,,,
,,,,,,
,,,,,,
,,,,,,
,,,,,,
,,,,,,
,,,,,,
,,,,,,
,,,,,,
,,,,,,
,,,,,,
,,,,,,
,,,,,,
,,,,,,
,,,,,,
,,,,,,
,,,,,,
,,,,,,
,,,,,,
,,,,,,
,,,,,,
,,,,,,
,,,,,,
,,,,,,
,,,,,,
,,,,,,
,,,,,,
,,,,,,
,,,,,,
,,,,,,
,,,,,,
,,,,,,
,,,,,,
,,,,,,
,,,,,,
,,,,,,
,,,,,,
,,,,,,
,,,,,,
,,,,,,
,,,,,,
,,,,,,
,,,,,,
,,,,,,
,,,,,,
,,,,,,
,,,,,,
,,,,,,
,,,,,,
,,,,,,
,,,,,,
,,,,,,
,,,,,,
,,,,,,
,,,,,,
,,,,,,
,,,,,,
,,,,,,
,,,,,,
,,,,,,
,,,,,,
,,,,,,
,,,,,,
,,,,,,
,,,,,,
,,,,,,
,,,,,,
,,,,,,
,,,,,,
,,,,,,
,,,,,,
,,,,,,
,,,,,,
,,,,,,
,,,,,,
,,,,,,
,,,,,,
,,,,,,
,,,,,,
,,,,,,
,,,,,,
,,,,,,
,,,,,,
,,,,,,
,,,,,,
,,,,,,
,,,,,,
,,,,,,
,,,,,,
,,,,,,
,,,,,,
,,,,,,
,,,,,,
,,,,,,
,,,,,,
,,,,,,
,,,,,,
,,,,,,
,,,,,,
,,,,,,
,,,,,,
,,,,,,
,,,,,,
,,,,,,
,,,,,,
,,,,,,
,,,,,,
,,,,,,
,,,,,,
,,,,,,
,,,,,,
,,,,,,
,,,,,,
,,,,,,
,,,,,,
,,,,,,
,,,,,,
,,,,,,
,,,,,,
,,,,,,
,,,,,,
,,,,,,
,,,,,,
,,,,,,
,,,,,,
,,,,,,
,,,,,,
,,,,,,
,,,,,,
,,,,,,
,,,,,,
,,,,,,
,,,,,,
,,,,,,
,,,,,,
,,,,,,
,,,,,,
,,,,,,
,,,,,,
,,,,,,
,,,,,,
,,,,,,
,,,,,,
,,,,,,
,,,,,,
,,,,,,
,,,,,,
,,,,,,
,,,,,,
,,,,,,
,,,,,,
,,,,,,
,,,,,,
,,,,,,
,,,,,,
,,,,,,
,,,,,,
,,,,,,
,,,,,,
,,,,,,
,,,,,,
,,,,,,
,,,,,,
,,,,,,
,,,,,,
,,,,,,
,,,,,,
,,,,,,
,,,,,,
,,,,,,
,,,,,,
,,,,,,
,,,,,,
,,,,,,
,,,,,,
,,,,,,
,,,,,,
,,,,,,
,,,,,,
,,,,,,
,,,,,,
,,,,,,
,,,,,,
,,,,,,
,,,,,,
,,,,,,
,,,,,,
,,,,,,
,,,,,,
,,,,,,
,,,,,,
,,,,,,
,,,,,,
,,,,,,
,,,,,,
,,,,,,
,,,,,,
,,,,,,
,,,,,,
,,,,,,
,,,,,,
,,,,,,
,,,,,,
,,,,,,
,,,,,,
,,,,,,
,,,,,,
,,,,,,
,,,,,,
,,,,,,
,,,,,,
,,,,,,
,,,,,,
,,,,,,
,,,,,,
,,,,,,
,,,,,,
,,,,,,
,,,,,,
,,,,,,
,,,,,,
,,,,,,
,,,,,,
,,,,,,
,,,,,,
,,,,,,
,,,,,,
,,,,,,
,,,,,,
,,,,,,
,,,,,,
,,,,,,
,,,,,,
,,,,,,
,,,,,,
,,,,,,
,,,,,,
,,,,,,
,,,,,,
,,,,,,
,,,,,,
,,,,,,
,,,,,,
,,,,,,
,,,,,,
,,,,,,
,,,,,,
,,,,,,
,,,,,,
,,,,,,
,,,,,,
,,,,,,
,,,,,,
,,,,,,
,,,,,,
,,,,,,
,,,,,,
,,,,,,
,,,,,,
,,,,,,
,,,,,,
,,,,,,
,,,,,,
,,,,,,
,,,,,,
,,,,,,
,,,,,,
,,,,,,
,,,,,,
,,,,,,
,,,,,,
,,,,,,
,,,,,,
,,,,,,
,,,,,,
,,,,,,
,,,,,,
,,,,,,
,,,,,,
,,,,,,
,,,,,,
,,,,,,
,,,,,,
,,,,,,
,,,,,,
,,,,,,
,,,,,,
,,,,,,
,,,,,,
,,,,,,
,,,,,,
,,,,,,
,,,,,,
,,,,,,
,,,,,,
,,,,,,
,,,,,,
,,,,,,
,,,,,,
,,,,,,
,,,,,,
,,,,,,
,,,,,,
,,,,,,
,,,,,,
,,,,,,
,,,,,,
,,,,,,
,,,,,,
,,,,,,
,,,,,,
,,,,,,
,,,,,,
,,,,,,
,,,,,,
,,,,,,
,,,,,,
,,,,,,
,,,,,,
,,,,,,
,,,,,,
,,,,,,
,,,,,,
,,,,,,
,,,,,,
,,,,,,
,,,,,,
,,,,,,
,,,,,,
,,,,,,
,,,,,,
,,,,,,
,,,,,,
,,,,,,
,,,,,,
,,,,,,
,,,,,,
,,,,,,
,,,,,,
,,,,,,
,,,,,,
,,,,,,
,,,,,,
,,,,,,
,,,,,,
,,,,,,
,,,,,,
,,,,,,
,,,,,,
,,,,,,
,,,,,,
,,,,,,
,,,,,,
,,,,,,
,,,,,,
,,,,,,
,,,,,,
,,,,,,
,,,,,,
,,,,,,
,,,,,,
,,,,,,
,,,,,,
,,,,,,
,,,,,,
,,,,,,
,,,,,,
,,,,,,
,,,,,,
,,,,,,
,,,,,,
,,,,,,
,,,,,,
,,,,,,
,,,,,,
,,,,,,
,,,,,,
,,,,,,
,,,,,,
,,,,,,
,,,,,,
,,,,,,
,,,,,,
,,,,,,
,,,,,,
,,,,,,
,,,,,,
,,,,,,
,,,,,,
,,,,,,
,,,,,,
,,,,,,
,,,,,,
,,,,,,
,,,,,,
,,,,,,
,,,,,,
,,,,,,
,,,,,,
,,,,,,
,,,,,,
,,,,,,
,,,,,,
,,,,,,
,,,,,,
,,,,,,
,,,,,,
,,,,,,
,,,,,,
,,,,,,
,,,,,,
,,,,,,
,,,,,,
,,,,,,
,,,,,,
,,,,,,
,,,,,,
,,,,,,
,,,,,,
,,,,,,
,,,,,,
,,,,,,
,,,,,,
,,,,,,
,,,,,,
,,,,,,
,,,,,,
,,,,,,
,,,,,,
,,,,,,
,,,,,,
,,,,,,
,,,,,,
,,,,,,
,,,,,,
,,,,,,
,,,,,,
,,,,,,
,,,,,,
,,,,,,
,,,,,,
,,,,,,
,,,,,,
,,,,,,
,,,,,,
,,,,,,
,,,,,,
,,,,,,
,,,,,,
,,,,,,
,,,,,,
,,,,,,
,,,,,,
,,,,,,
,,,,,,
,,,,,,
,,,,,,
,,,,,,
,,,,,,
,,,,,,
,,,,,,
,,,,,,
,,,,,,
,,,,,,
,,,,,,
,,,,,,
,,,,,,
,,,,,,
,,,,,,
,,,,,,
,,,,,,
,,,,,,
,,,,,,
,,,,,,
,,,,,,
,,,,,,
,,,,,,
,,,,,,
,,,,,,
,,,,,,
,,,,,,
,,,,,,
,,,,,,
,,,,,,
,,,,,,
,,,,,,
,,,,,,
,,,,,,
,,,,,,
,,,,,,
,,,,,,
,,,,,,
,,,,,,
,,,,,,
,,,,,,
,,,,,,
,,,,,,
,,,,,,
,,,,,,
,,,,,,
,,,,,,
,,,,,,
,,,,,,
,,,,,,
,,,,,,
,,,,,,
,,,,,,
,,,,,,
,,,,,,
,,,,,,
,,,,,,
,,,,,,
,,,,,,
,,,,,,
,,,,,,
,,,,,,
,,,,,,
,,,,,,
,,,,,,
,,,,,,
,,,,,,
,,,,,,
,,,,,,
,,,,,,
,,,,,,
,,,,,,
,,,,,,
,,,,,,
,,,,,,
,,,,,,
,,,,,,
,,,,,,
,,,,,,
,,,,,,
,,,,,,
,,,,,,
,,,,,,
,,,,,,
,,,,,,
,,,,,,
,,,,,,
,,,,,,
,,,,,,
,,,,,,
,,,,,,
,,,,,,
,,,,,,
,,,,,,
,,,,,,
,,,,,,
,,,,,,
,,,,,,
,,,,,,
,,,,,,
,,,,,,
,,,,,,
,,,,,,
,,,,,,
,,,,,,
,,,,,,
,,,,,,
,,,,,,
,,,,,,
,,,,,,
,,,,,,
,,,,,,
,,,,,,
,,,,,,
,,,,,,
,,,,,,
,,,,,,
,,,,,,
,,,,,,
,,,,,,
,,,,,,
,,,,,,
,,,,,,
,,,,,,
,,,,,,
,,,,,,
,,,,,,
,,,,,,
,,,,,,
,,,,,,
,,,,,,
,,,,,,
,,,,,,
,,,,,,
,,,,,,
,,,,,,
,,,,,,
,,,,,,
,,,,,,
,,,,,,
,,,,,,
,,,,,,
,,,,,,
,,,,,,
,,,,,,
,,,,,,
,,,,,,
,,,,,,
,,,,,,
,,,,,,
,,,,,,
,,,,,,
,,,,,,
,,,,,,
,,,,,,
,,,,,,
,,,,,,
,,,,,,
,,,,,,
,,,,,,
,,,,,,
,,,,,,
,,,,,,
,,,,,,
,,,,,,
,,,,,,
,,,,,,
,,,,,,
,,,,,,
,,,,,,
,,,,,,
,,,,,,
,,,,,,
,,,,,,
,,,,,,
,,,,,,
,,,,,,
,,,,,,
,,,,,,
,,,,,,
,,,,,,
,,,,,,
,,,,,,
,,,,,,
,,,,,,
,,,,,,
,,,,,,
,,,,,,
,,,,,,
,,,,,,
,,,,,,
,,,,,,
,,,,,,
,,,,,,
,,,,,,
,,,,,,
,,,,,,
,,,,,,
,,,,,,
,,,,,,
,,,,,,
,,,,,,
,,,,,,
,,,,,,
,,,,,,
,,,,,,
,,,,,,
,,,,,,
,,,,,,
,,,,,,
,,,,,,
