Date,Open,High,Low,Close,Volume,Dividends
2017/09/01 00:00:00,4689.89,4885.55,4654.88,4834.91,560.666366,0
2017/09/02 00:00:00,4796.16,4939.19,4286.87,4472.14,929.148595,0
2017/09/03 00:00:00,4508.5,4714.76,4298.33,4509.08,691.216198,0
2017/09/04 00:00:00,4505,4527.49,3972.51,4100.11,1394.644614,0
2017/09/05 00:00:00,4106.97,4484.99,3603,4366.47,1228.938157,0
2017/09/06 00:00:00,4366.49,4662.87,4335.26,4619.77,807.363726,0
2017/09/07 00:00:00,4619.77,4788.59,4438.19,4691.61,500.429975,0
2017/09/08 00:00:00,4691.66,4735.39,4028.93,4282.8,1132.255046,0
2017/09/09 00:00:00,4282.8,4426.62,4150.06,4258.81,658.782952,0
2017/09/10 00:00:00,4258.81,4283,3801,4130.37,660.373275,0
2017/09/11 00:00:00,4153.62,4334.43,4098.91,4208.47,699.989065,0
2017/09/12 00:00:00,4208.6,4394.59,4040.8,4163.72,879.630319,0
2017/09/13 00:00:00,4159.72,4165.38,3760,3944.69,913.462545,0
2017/09/14 00:00:00,3944,3993,3165.13,3189.02,1665.021543,0
2017/09/15 00:00:00,3188.01,3856,2817,3700,1968.866492,0
2017/09/16 00:00:00,3674.01,3950,3470.66,3714.95,1297.563953,0
2017/09/17 00:00:00,3685.23,3748.21,3499.02,3699.99,682.17121,0
2017/09/18 00:00:00,3690,4123.2,3690,4035.01,1030.006455,0
2017/09/19 00:00:00,4060,4089.97,3830.91,3910.04,902.332129,0
2017/09/20 00:00:00,3910.04,4046.08,3820,3900,720.935076,0
2017/09/21 00:00:00,3889.99,3910,3567,3609.99,1001.654084,0
2017/09/22 00:00:00,3592.84,3750,3505.55,3595.87,838.966425,0
2017/09/23 00:00:00,3595.88,3817.19,3542.91,3780,752.792791,0
2017/09/24 00:00:00,3779.54,3789.99,3622.76,3660.02,661.63639,0
2017/09/25 00:00:00,3660.02,3979.87,3653.69,3920.75,727.994713,0
2017/09/26 00:00:00,3928,3976.99,3850.05,3882.35,526.727987,0
2017/09/27 00:00:00,3882.36,4249.94,3872.81,4193,628.170966,0
2017/09/28 00:00:00,4192.11,4300,4101,4174.5,849.785325,0
2017/09/29 00:00:00,4178.98,4263.86,3952.01,4174.69,1602.309565,0
2017/09/30 00:00:00,4175,4380,4138.1,4378.51,720.353183,0
2017/10/01 00:00:00,4378.49,4406.52,4240.04,4378.48,726.963685,0
2017/10/02 00:00:00,4400,4561.63,4360,4380,655.756974,0
2017/10/03 00:00:00,4380,4467.33,4180.8,4310,1082.323563,0
2017/10/04 00:00:00,4314.9,4373,4142,4208.59,868.465101,0
2017/10/05 00:00:00,4208.59,4355,4110,4292.43,779.138638,0
2017/10/06 00:00:00,4318.99,4417,4292,4369,506.529176,0
2017/10/07 00:00:00,4369,4479.5,4312.56,4423,297.5975,0
2017/10/08 00:00:00,4425,4658,4425,4640,518.462004,0
2017/10/09 00:00:00,4640,4889.98,4550,4786.95,646.463145,0
2017/10/10 00:00:00,4786.95,4960,4680.59,4783.06,1043.221773,0
2017/10/11 00:00:00,4783.06,4881.61,4710,4821.43,753.429396,0
2017/10/12 00:00:00,4821.43,5439.99,4810.16,5430,1276.701482,0
2017/10/13 00:00:00,5439.99,5846.17,5379.84,5649.98,1879.82762,0
2017/10/14 00:00:00,5650,5900,5580.01,5869.99,970.759046,0
2017/10/15 00:00:00,5855.03,5922.3,5400.01,5709.99,1343.523375,0
2017/10/16 00:00:00,5710,5788.91,5585.19,5760.02,1528.996462,0
2017/10/17 00:00:00,5760,5774.98,5508.63,5595,1429.869376,0
2017/10/18 00:00:00,5595,5596,5037.95,5512.06,2317.804373,0
2017/10/19 00:00:00,5513,5710,5490.26,5683.9,1881.722107,0
2017/10/20 00:00:00,5683.31,6110,5600,6010.01,1972.97722,0
2017/10/21 00:00:00,6013.72,6171,5850.03,6024.97,1664.307693,0
2017/10/22 00:00:00,6003.27,6060,5720.03,5950.02,1362.092216,0
2017/10/23 00:00:00,5975,6080,5621.03,5915.93,1812.557715,0
2017/10/24 00:00:00,5909.47,5925,5450,5477.03,2580.418767,0
2017/10/25 00:00:00,5506.92,5704.96,5286.98,5689.99,2282.813205,0
2017/10/26 00:00:00,5670.1,5939.99,5650,5861.77,1972.965882,0
2017/10/27 00:00:00,5861.77,5980,5649.24,5768.83,1403.706416,0
2017/10/28 00:00:00,5768.79,5850.02,5630.03,5719.64,1276.754412,0
2017/10/29 00:00:00,5709.98,6189.88,5648.01,6169.98,1804.778173,0
2017/10/30 00:00:00,6133.01,6248.68,6030,6120.5,1473.687043,0
2017/10/31 00:00:00,6120.52,6498.01,6100,6463,1511.774925,0
2017/11/01 00:00:00,6463,6774.67,6338.02,6753.98,1675.615188,0
2017/11/02 00:00:00,6753.98,7300,6685.1,7019.98,2503.610803,0
2017/11/03 00:00:00,7010.31,7346.34,6923,7115.04,1891.497592,0
2017/11/04 00:00:00,7115.02,7480.99,6901,7357.09,1399.191767,0
2017/11/05 00:00:00,7357.27,7590.25,7279.02,7345.01,1207.83233,0
2017/11/06 00:00:00,7345.1,7401,6906,6960.12,1763.019261,0
2017/11/07 00:00:00,6981.72,7198.49,6901,7064.04,1440.259494,0
2017/11/08 00:00:00,7070,7770.02,6651,7303,2822.298802,0
2017/11/09 00:00:00,7303.01,7392,7015,7079.99,1913.398308,0
2017/11/10 00:00:00,7079,7279.91,6255.01,6506.98,3254.704105,0
2017/11/11 00:00:00,6503,6797.98,6100,6245.05,2754.156861,0
2017/11/12 00:00:00,6245.05,6630,5325.01,5811.03,4968.483069,0
2017/11/13 00:00:00,5839.94,6697.47,5699.99,6465.99,2621.243039,0
2017/11/14 00:00:00,6465.99,6684.98,6311.07,6574.99,1254.292531,0
2017/11/15 00:00:00,6575.99,7298,6575.99,7240.06,1779.605845,0
2017/11/16 00:00:00,7240.14,7940,7076,7864.5,2331.95675,0
2017/11/17 00:00:00,7876.98,7989,7451,7699.19,3982.395925,0
2017/11/18 00:00:00,7680.01,7819.99,7422,7761.94,3954.266477,0
2017/11/19 00:00:00,7761.94,8123.15,7650.33,8038,3867.340444,0
2017/11/20 00:00:00,8057.11,8319.99,7954,8212,3886.634348,0
2017/11/21 00:00:00,8212.49,8400,7801,8119.51,4544.474016,0
2017/11/22 00:00:00,8091.09,8322.68,8091.09,8205.92,3545.00571,0
2017/11/23 00:00:00,8233.03,8260,8000,8019.99,4093.952687,0
2017/11/24 00:00:00,8019.97,8369,7850,8138,4411.789112,0
2017/11/25 00:00:00,8138.99,8734.78,8090,8700.01,4292.623682,0
2017/11/26 00:00:00,8700.04,9350,8604.72,9128.02,4147.380237,0
2017/11/27 00:00:00,9128,9654.28,9112.04,9650,4521.625707,0
2017/11/28 00:00:00,9650,9939,9570.5,9896.8,4917.210985,0
2017/11/29 00:00:00,9896.79,11300.03,8520,9687.88,13352.53872,0
2017/11/30 00:00:00,9687.88,10900,8850.8,9838.96,9389.574329,0
2017/12/01 00:00:00,9837,10898,9380,10782.99,6134.923633,0
2017/12/02 00:00:00,10775.04,11190,10620,10890.01,4765.439757,0
2017/12/03 00:00:00,10902.69,11825,10500,11165.41,5346.636524,0
2017/12/04 00:00:00,11165.41,11600,10802,11579,4663.424562,0
2017/12/05 00:00:00,11571.03,11853,11447.68,11699.99,5550.732055,0
2017/12/06 00:00:00,11699.99,13615.23,11665.58,13550.05,6707.946319,0
2017/12/07 00:00:00,13541.01,16649.96,13050,16599,7487.065695,0
2017/12/08 00:00:00,16599,17204.99,14015,15880,17589.01314,0
2017/12/09 00:00:00,15880.01,16269.3,12535,14656.07,13918.75869,0
2017/12/10 00:00:00,14664.01,15720.12,12368,14899.98,16553.03717,0
2017/12/11 00:00:00,14946.26,17470,14901.08,16587.97,11820.40176,0
2017/12/12 00:00:00,16587.97,16976.45,15875,16349.99,9436.802411,0
2017/12/13 00:00:00,16349.99,16546,14666.56,16033.29,12416.3288,0
2017/12/14 00:00:00,16030.34,16445,15450,16334.98,11616.86715,0
2017/12/15 00:00:00,16334.98,17991,16298.45,17539.83,9181.273947,0
2017/12/16 00:00:00,17516.81,19539,17190.01,19102.66,4202.628709,0
2017/12/17 00:00:00,19120.19,19798.68,18510,18860.02,9177.183434,0
2017/12/18 00:00:00,18860.04,19300,17029.98,18856.25,10624.63307,0
2017/12/19 00:00:00,18856.25,18950,16300,17295.2,13210.74822,0
2017/12/20 00:00:00,17295.2,17720.35,14777.66,16488.98,13450.49669,0
2017/12/21 00:00:00,16480.52,17309.5,14022,15492.64,20324.2173,0
2017/12/22 00:00:00,15514.03,15699.34,10961,13326.61,36076.27118,0
2017/12/23 00:00:00,13326.61,14950,12978.18,13300,13141.53888,0
2017/12/24 00:00:00,13300,13819.99,11640,13500,28557.53499,0
2017/12/25 00:00:00,13500,14300,12708,13699.34,15748.20761,0
2017/12/26 00:00:00,13699.34,16050,13533,15689.01,15034.6681,0
2017/12/27 00:00:00,15709.98,16498.05,14200.15,15459.99,14959.86472,0
2017/12/28 00:00:00,15459.97,15539.99,13150,14182.11,21717.85801,0
2017/12/29 00:00:00,14199.14,14981,13850,14378.9,18072.00812,0
2017/12/30 00:00:00,14378.99,14398.85,11750,12440.01,19221.15804,0
2017/12/31 00:00:00,12345.1,14050.11,12149.98,13716.36,11768.98972,0
2018/01/01 00:00:00,13715.65,13818.55,12750,13380,8609.915844,0
2018/01/02 00:00:00,13382.16,15473.49,12890.02,14675.11,20078.09211,0
2018/01/03 00:00:00,14690,15307.56,14150,14919.51,15905.66764,0
2018/01/04 00:00:00,14919.51,15280,13918.04,15059.54,21329.64957,0
2018/01/05 00:00:00,15059.56,17176.24,14600,16960.39,23251.49113,0
2018/01/06 00:00:00,16960.39,17143.13,16011.21,17069.79,18571.45751,0
2018/01/07 00:00:00,17069.79,17099.96,15610,16150.03,12493.12556,0
2018/01/08 00:00:00,16218.85,16322.3,12812,14902.54,26600.60991,0
2018/01/09 00:00:00,14902.54,15500,14011.05,14400,14315.00425,0
2018/01/10 00:00:00,14401,14955.66,13131.31,14907.09,17411.00166,0
2018/01/11 00:00:00,14940,14968.68,11400,13238.78,33554.72375,0
2018/01/12 00:00:00,13238.76,14109.78,12500,13740.01,16417.16214,0
2018/01/13 00:00:00,13749.95,14580,13706.15,14210,12221.50853,0
2018/01/14 00:00:00,14210,14339.5,12569.2,13474.99,17017.89433,0
2018/01/15 00:00:00,13477.98,14249.99,13147.79,13539.93,14652.09471,0
2018/01/16 00:00:00,13500,13542.93,9035,10900,63401.16918,0
2018/01/17 00:00:00,10899.99,11680.99,9037.94,10988.79,72331.79665,0
2018/01/18 00:00:00,10972.59,11878.82,10435.33,10961.97,48464.43494,0
2018/01/19 00:00:00,10960,11795,10360,11474.98,34129.37542,0
2018/01/20 00:00:00,11474.98,13099,11412.45,12799.94,28768.85783,0
2018/01/21 00:00:00,12799.8,12799.8,10965,11530,41379.77343,0
2018/01/22 00:00:00,11530,11926.35,9900.24,10760.05,43752.60679,0
2018/01/23 00:00:00,10760.05,11399,9905,10799.18,37473.92255,0
2018/01/24 00:00:00,10799.14,11570.48,10500,11349.99,27158.58776,0
2018/01/25 00:00:00,11349.96,11794.05,10950.21,11175.27,20839.95418,0
2018/01/26 00:00:00,11184.7,11643,10311.15,11089,33056.87196,0
2018/01/27 00:00:00,11089,11650,10842.69,11491,18860.76835,0
2018/01/28 00:00:00,11499.98,12244,11408,11879.95,16887.33952,0
2018/01/29 00:00:00,11879.95,11975.02,11139.55,11251,14170.37754,0
2018/01/30 00:00:00,11250.11,11308.42,9900,10237.51,25554.37295,0
2018/01/31 00:00:00,10230,10425.85,9700,10285.1,18015.95681,0
2018/02/01 00:00:00,10285.1,10335,8750.99,9224.52,33564.76431,0
2018/02/02 00:00:00,9224.52,9250,8010.02,8873.03,49971.62698,0
2018/02/03 00:00:00,8873.03,9473.01,8229,9199.96,28725.00074,0
2018/02/04 00:00:00,9199.96,9368,7930,8184.81,32014.30845,0
2018/02/05 00:00:00,8179.99,8382.8,6625,6939.99,63403.18258,0
2018/02/06 00:00:00,6939.63,7878,6000.01,7652.14,100201.5003,0
2018/02/07 00:00:00,7655.02,8476,7150.01,7599,60778.4605,0
2018/02/08 00:00:00,7599,7844,7572.09,7784.02,1521.537318,0
2018/02/09 00:00:00,7789.9,8738,7789.9,8683.92,20482.91083,0
2018/02/10 00:00:00,8683.93,9065.78,8120,8533.98,49381.51265,0
2018/02/11 00:00:00,8533.99,8549,7726.53,8063.88,45025.18795,0
2018/02/12 00:00:00,8063.82,8989,8053,8903,41987.85049,0
2018/02/13 00:00:00,8903,8950,8351,8539.9,35454.97296,0
2018/02/14 00:00:00,8535.17,9489.6,8533,9449.99,40811.95287,0
2018/02/15 00:00:00,9449.98,10219.5,9301.5,10000.09,52427.59672,0
2018/02/16 00:00:00,10000.89,10323.37,9666,10159.98,38161.20597,0
2018/02/17 00:00:00,10156.07,11075.07,10050,11039.55,41882.10841,0
2018/02/18 00:00:00,11039.55,11274,10080,10383.43,61137.38073,0
2018/02/19 00:00:00,10375.01,11250,10270.33,11153,40831.41713,0
2018/02/20 00:00:00,11147.11,11786.01,11100.59,11200.99,48153.35429,0
2018/02/21 00:00:00,11195.07,11304.03,10200,10437.6,68113.81875,0
2018/02/22 00:00:00,10439.02,10933.44,9679,9811.04,67060.16648,0
2018/02/23 00:00:00,9815.55,10435,9570.19,10131.04,57202.70237,0
2018/02/24 00:00:00,10131.04,10496.97,9352,9694.51,40888.1563,0
2018/02/25 00:00:00,9694.51,9847,9274.8,9590,28373.51759,0
2018/02/26 00:00:00,9590,10444.32,9350,10324,34878.29276,0
2018/02/27 00:00:00,10321,10870,10121,10569.04,30705.38512,0
2018/02/28 00:00:00,10584.33,11098,10300,10326.76,30800.98378,0
2018/03/01 00:00:00,10325.64,11060.41,10240,10920,25092.55393,0
2018/03/02 00:00:00,10923.36,11200,10770,11039,23910.71009,0
2018/03/03 00:00:00,11038.99,11544,11015.01,11464.48,21287.15328,0
2018/03/04 00:00:00,11464.47,11565,11050.02,11515,17295.91865,0
2018/03/05 00:00:00,11515,11710,11415.01,11454,15144.23106,0
2018/03/06 00:00:00,11455,11455,10555.48,10716.48,29515.57236,0
2018/03/07 00:00:00,10716.48,10899,9389.31,9910,50647.67108,0
2018/03/08 00:00:00,9910,10099,9060,9271.64,41109.47323,0
2018/03/09 00:00:00,9267.07,9410,8329,9227,64112.29141,0
2018/03/10 00:00:00,9230,9490,8667.07,8770.22,37180.01286,0
2018/03/11 00:00:00,8770.22,9740,8450,9533.57,44325.97339,0
2018/03/12 00:00:00,9533.57,9888.88,8780,9131.34,42230.77793,0
2018/03/13 00:00:00,9131.34,9474,8823,9150,40191.40936,0
2018/03/14 00:00:00,9151.92,9333.78,7900.28,8170,49708.09411,0
2018/03/15 00:00:00,8184.01,8430,7650,8240.98,52291.02228,0
2018/03/16 00:00:00,8240.98,8611.64,7900,8260,38815.40989,0
2018/03/17 00:00:00,8260,8348.62,7721.99,7824.8,33110.20633,0
2018/03/18 00:00:00,7824.01,8317.4,7322,8189.99,59488.23171,0
2018/03/19 00:00:00,8189,8705.23,8088.4,8600,55297.08494,0
2018/03/20 00:00:00,8595.01,9050,8280,8909.98,44865.10584,0
2018/03/21 00:00:00,8909.96,9177.01,8750.6,8885,39972.40537,0
2018/03/22 00:00:00,8884.82,9100,8465.1,8722.9,40617.55681,0
2018/03/23 00:00:00,8720,8909,8269,8898.03,39991.00767,0
2018/03/24 00:00:00,8898.04,8999.95,8491,8546.86,35466.60957,0
2018/03/25 00:00:00,8531.25,8669.85,8365.77,8470.15,29001.76932,0
2018/03/26 00:00:00,8470.14,8514.89,7831,8134.23,44033.59566,0
2018/03/27 00:00:00,8134.22,8215.94,7730,7795.51,37427.64805,0
2018/03/28 00:00:00,7795.51,8109,7728,7949.3,26401.33167,0
2018/03/29 00:00:00,7949.3,7975,6941.11,7090.14,54620.91513,0
2018/03/30 00:00:00,7090.16,7292.43,6600.1,6840.23,65306.03198,0
2018/03/31 00:00:00,6840.24,7223.36,6777,6923.91,36868.53909,0
2018/04/01 00:00:00,6922,7049.98,6430,6813.01,44071.43046,0
2018/04/02 00:00:00,6813.01,7125,6765,7056,32123.56007,0
2018/04/03 00:00:00,7063.97,7520,7011.01,7405.21,37787.33181,0
2018/04/04 00:00:00,7405.21,7427.52,6707,6796.1,42227.1838,0
2018/04/05 00:00:00,6796.1,6902,6566.69,6770.76,39029.73146,0
2018/04/06 00:00:00,6770,6850,6500,6601.39,27455.01192,0
2018/04/07 00:00:00,6601.39,7070,6586.28,6895.8,32269.57827,0
2018/04/08 00:00:00,6895.81,7109.13,6880,7018,21427.67317,0
2018/04/09 00:00:00,7011.04,7185,6611,6782.72,34078.29721,0
2018/04/10 00:00:00,6781.55,6890,6656,6843.9,22326.7281,0
2018/04/11 00:00:00,6839.56,6990,6787,6953.79,23997.87118,0
2018/04/12 00:00:00,6953.78,8012.23,6743.2,7923,64861.59599,0
2018/04/13 00:00:00,7922.99,8233.39,7732,7877.41,55044.52315,0
2018/04/14 00:00:00,7877.48,8186,7810,7999.01,31621.28636,0
2018/04/15 00:00:00,8004,8429.54,7999.02,8355,27946.72044,0
2018/04/16 00:00:00,8355.07,8419,7867,8064.92,36664.06972,0
2018/04/17 00:00:00,8064.92,8173.7,7825.4,7885.02,32152.60357,0
2018/04/18 00:00:00,7890.96,8236.43,7868,8173,26969.04457,0
2018/04/19 00:00:00,8173.99,8296,8080,8278,27113.84746,0
2018/04/20 00:00:00,8273.84,8930,8177.09,8856.98,39795.33749,0
2018/04/21 00:00:00,8852.12,9035,8565,8915.31,40872.22991,0
2018/04/22 00:00:00,8915.31,9020.67,8727.68,8787.02,29458.25348,0
2018/04/23 00:00:00,8785.7,8985,8745,8934.01,25838.11471,0
2018/04/24 00:00:00,8934,9731.01,8922,9619.99,46268.79011,0
2018/04/25 00:00:00,9618.96,9759.82,8730,8869.99,81110.03759,0
2018/04/26 00:00:00,8869.99,9307.48,8651.62,9266,43300.30425,0
2018/04/27 00:00:00,9267.03,9395,8889,8915.35,37241.34704,0
2018/04/28 00:00:00,8915.35,9427.48,8870,9348,34759.62842,0
2018/04/29 00:00:00,9348,9570.51,9163.74,9419,38149.85004,0
2018/04/30 00:00:00,9417.04,9458.64,9124.99,9246.01,35002.03388,0
2018/05/01 00:00:00,9246.01,9248.99,8800.49,9071.48,41018.46363,0
2018/05/02 00:00:00,9071.48,9268,8970.2,9247.84,26123.54396,0
2018/05/03 00:00:00,9247.81,9844,9168.4,9750,38768.38829,0
2018/05/04 00:00:00,9750,9830.04,9520.85,9713.99,28681.58888,0
2018/05/05 00:00:00,9714,10020,9682,9864,24990.01835,0
2018/05/06 00:00:00,9863.99,9970,9417.03,9659.01,27690.35156,0
2018/05/07 00:00:00,9661.02,9689.67,9181,9365,33787.64001,0
2018/05/08 00:00:00,9365,9475.7,9060.54,9187.56,25533.83189,0
2018/05/09 00:00:00,9178,9390,8965,9310,25673.5249,0
2018/05/10 00:00:00,9310,9395.12,8970,9002.2,25055.06372,0
2018/05/11 00:00:00,9002.21,9016.8,8341,8400,48227.04806,0
2018/05/12 00:00:00,8405.94,8646.88,8153,8465.94,40241.32081,0
2018/05/13 00:00:00,8475.44,8763.36,8298,8679.71,25632.86936,0
2018/05/14 00:00:00,8679.71,8879.99,8277,8663.34,37389.66653,0
2018/05/15 00:00:00,8663.37,8859.99,8401.3,8462,28126.95614,0
2018/05/16 00:00:00,8462,8488,8083.01,8330,31130.71891,0
2018/05/17 00:00:00,8330,8464,7979,8041.46,25439.8448,0
2018/05/18 00:00:00,8038.82,8273.21,7911.9,8239.81,23476.15825,0
2018/05/19 00:00:00,8238.01,8390.8,8095.73,8233.49,17193.42428,0
2018/05/20 00:00:00,8233.49,8609,8163.9,8526.98,19957.05711,0
2018/05/21 00:00:00,8526.97,8595.31,8305,8381.24,21516.59649,0
2018/05/22 00:00:00,8386.89,8400.18,7935.11,7977.11,23710.90286,0
2018/05/23 00:00:00,7977.12,8031.9,7425,7501.95,42910.66677,0
2018/05/24 00:00:00,7501.95,7730.73,7266.99,7575.01,37845.4466,0
2018/05/25 00:00:00,7578.99,7649.55,7308.15,7457,26739.95664,0
2018/05/26 00:00:00,7456.99,7620,7300,7333.96,19464.08607,0
2018/05/27 00:00:00,7334,7400,7231.11,7338.99,18706.94552,0
2018/05/28 00:00:00,7338.99,7437,7058.02,7099,27219.43896,0
2018/05/29 00:00:00,7099,7540,7032.95,7461.29,39407.21183,0
2018/05/30 00:00:00,7467.98,7569,7260.5,7375.96,32041.58362,0
2018/05/31 00:00:00,7382.07,7699,7327.51,7485.01,30776.0631,0
2018/06/01 00:00:00,7485.01,7608.55,7355.54,7521.01,28259.12408,0
2018/06/02 00:00:00,7521.01,7697.33,7437,7640.03,26720.69022,0
2018/06/03 00:00:00,7636.81,7786.69,7600,7714.26,27505.15895,0
2018/06/04 00:00:00,7714.26,7760.52,7446.5,7487,32258.83512,0
2018/06/05 00:00:00,7487,7679.49,7358,7625,31722.97338,0
2018/06/06 00:00:00,7626.64,7699,7467.05,7658.84,27229.9919,0
2018/06/07 00:00:00,7658.79,7765,7620,7691.08,25062.2272,0
2018/06/08 00:00:00,7691.08,7703.5,7531,7603.44,23396.80467,0
2018/06/09 00:00:00,7603.44,7683.98,7450,7491.73,19339.88518,0
2018/06/10 00:00:00,7491.73,7491.73,6622.81,6764.99,52342.02003,0
2018/06/11 00:00:00,6765,6922,6610,6872,34552.1623,0
2018/06/12 00:00:00,6872,6890.51,6435,6530,36722.21119,0
2018/06/13 00:00:00,6530,6627.6,6118.68,6292.78,46185.5181,0
2018/06/14 00:00:00,6292.78,6720,6260,6635.98,44478.13084,0
2018/06/15 00:00:00,6638.67,6666.66,6362.31,6388.9,30018.32991,0
2018/06/16 00:00:00,6380.01,6560,6320.86,6483.98,22277.24115,0
2018/06/17 00:00:00,6482.5,6589.03,6422,6449.61,19847.24769,0
2018/06/18 00:00:00,6444.06,6794.38,6380,6712.46,31821.435,0
2018/06/19 00:00:00,6711.39,6841.74,6653,6741.21,24311.42114,0
2018/06/20 00:00:00,6740,6817.23,6551.81,6761.51,26359.75245,0
2018/06/21 00:00:00,6763.21,6795,6672.57,6718.84,25428.85405,0
2018/06/22 00:00:00,6717.69,6733.97,5918.94,6045,52157.37083,0
2018/06/23 00:00:00,6045.92,6260,6008.48,6149.98,26622.78859,0
2018/06/24 00:00:00,6149.98,6259.8,5750,6136.97,47445.99896,0
2018/06/25 00:00:00,6137.95,6350,6061.97,6252,39164.51531,0
2018/06/26 00:00:00,6252,6272.54,6035,6070.78,19377.24048,0
2018/06/27 00:00:00,6065.89,6190.43,5971,6133.73,19225.6711,0
2018/06/28 00:00:00,6134.73,6173.01,5827,5853.98,30585.26603,0
2018/06/29 00:00:00,5851.01,6300,5780,6197.92,33911.28728,0
2018/06/30 00:00:00,6197.92,6528.99,6186.03,6390.07,37919.61284,0
2018/07/01 00:00:00,6391.08,6441.06,6251,6356.81,27562.96597,0
2018/07/02 00:00:00,6360.82,6685,6271.62,6615.29,36230.45226,0
2018/07/03 00:00:00,6615.29,6679.35,6463.01,6513.86,38657.78169,0
2018/07/04 00:00:00,6511.01,6784.92,6441.11,6586.98,23571.89278,0
2018/07/05 00:00:00,6585.53,6712,6453.33,6529.2,35071.9729,0
2018/07/06 00:00:00,6529.2,6648.54,6425,6609.78,29397.09475,0
2018/07/07 00:00:00,6609.79,6818.16,6508.88,6756.98,23973.87689,0
2018/07/08 00:00:00,6753.48,6780,6667.44,6712.1,24622.94779,0
2018/07/09 00:00:00,6712.1,6802.06,6612.24,6662.12,26732.40655,0
2018/07/10 00:00:00,6662.78,6681,6263,6296.91,38560.6727,0
2018/07/11 00:00:00,6296.91,6406,6278.99,6378.07,28715.49849,0
2018/07/12 00:00:00,6378.07,6380.28,6070,6250.57,31306.66335,0
2018/07/13 00:00:00,6251.4,6350,6110,6214.57,26375.32529,0
2018/07/14 00:00:00,6214.57,6335,6178,6251.99,17783.072,0
2018/07/15 00:00:00,6250.9,6395,6225.4,6353.01,22979.21151,0
2018/07/16 00:00:00,6354.15,6747.3,6330.4,6723.35,36204.87708,0
2018/07/17 00:00:00,6723.33,7468.99,6652.04,7317.44,52105.42346,0
2018/07/18 00:00:00,7317.44,7588.08,7225.38,7381.9,59487.64345,0
2018/07/19 00:00:00,7381.88,7576.28,7270,7466.21,41218.25644,0
2018/07/20 00:00:00,7468.86,7700,7273,7337.53,46140.31345,0
2018/07/21 00:00:00,7337.47,7458.47,7211,7398.78,28886.49029,0
2018/07/22 00:00:00,7399.25,7582.4,7335.5,7394.79,30270.21844,0
2018/07/23 00:00:00,7394.78,7833,7375,7721.01,41646.34667,0
2018/07/24 00:00:00,7721.65,8486,7696,8397.24,60121.16375,0
2018/07/25 00:00:00,8397.24,8491.77,8050,8175.64,48257.64912,0
2018/07/26 00:00:00,8175.63,8315.69,7850.06,7920,43223.48168,0
2018/07/27 00:00:00,7920,8285,7805,8188.57,43671.00589,0
2018/07/28 00:00:00,8188.57,8246.54,8067,8225.04,26215.17384,0
2018/07/29 00:00:00,8225.04,8294.51,8115,8211,25531.22619,0
2018/07/30 00:00:00,8210.99,8273,7866,8173.92,39692.41654,0
2018/07/31 00:00:00,8171.4,8180,7633,7730.93,48296.91559,0
2018/08/01 00:00:00,7735.67,7750,7430,7604.58,42582.31293,0
2018/08/02 00:00:00,7600.08,7709.46,7455.72,7525.71,37665.69668,0
2018/08/03 00:00:00,7525.71,7540,7282.44,7418.78,44669.48605,0
2018/08/04 00:00:00,7412.27,7494.81,6926,7009.84,36288.42601,0
2018/08/05 00:00:00,7009.84,7089.87,6882.29,7024.19,32894.84978,0
2018/08/06 00:00:00,7024.19,7160,6821,6934.82,32760.19164,0
2018/08/07 00:00:00,6935,7150.46,6670,6720.06,45438.4735,0
2018/08/08 00:00:00,6720.63,6721.54,6123,6285,59550.53632,0
2018/08/09 00:00:00,6283.27,6622.81,6178.6,6529.79,51941.18511,0
2018/08/10 00:00:00,6529.79,6575.88,6026.39,6144.01,59034.9749,0
2018/08/11 00:00:00,6148.13,6488,5971,6232.35,47133.41856,0
2018/08/12 00:00:00,6222.55,6472.3,6130,6308.33,38567.77071,0
2018/08/13 00:00:00,6308.56,6545,6145.04,6246.35,53895.82878,0
2018/08/14 00:00:00,6248.25,6250.33,5880,6188.08,50186.74509,0
2018/08/15 00:00:00,6188.08,6609,6172.11,6267.16,68806.68703,0
2018/08/16 00:00:00,6265.27,6480,6205.6,6311.75,48515.25462,0
2018/08/17 00:00:00,6316,6585,6285.4,6584.49,57851.6108,0
2018/08/18 00:00:00,6579.04,6620,6288,6387.96,53742.32217,0
2018/08/19 00:00:00,6387.96,6541,6300,6477.53,45190.84799,0
2018/08/20 00:00:00,6477.53,6530,6220,6254.84,49435.55526,0
2018/08/21 00:00:00,6251,6500,6235.08,6480,41569.94741,0
2018/08/22 00:00:00,6479.98,6882.54,6251.2,6360.89,77909.39136,0
2018/08/23 00:00:00,6362.57,6576.99,6342.28,6525.01,40358.16683,0
2018/08/24 00:00:00,6525,6725,6440.5,6681.64,38305.67532,0
2018/08/25 00:00:00,6686.98,6789,6650.61,6733.64,19220.50593,0
2018/08/26 00:00:00,6733.64,6775.27,6568,6700,20107.29721,0
2018/08/27 00:00:00,6700,6940.51,6646.5,6908.64,37747.07875,0
2018/08/28 00:00:00,6907.26,7135,6860,7076.11,48352.91716,0
2018/08/29 00:00:00,7077,7133.81,6912.34,7031.22,43252.48739,0
2018/08/30 00:00:00,7033.21,7063.63,6784.81,6984.84,44716.77462,0
2018/08/31 00:00:00,6984.84,7089,6888,7011.21,40467.40064,0
2018/09/01 00:00:00,7011.21,7275,7008.74,7200.01,40323.41409,0
2018/09/02 00:00:00,7201.57,7345.45,7127,7302.01,39814.84035,0
2018/09/03 00:00:00,7302,7338.28,7191.63,7263.02,32396.01837,0
2018/09/04 00:00:00,7263,7410,7227.17,7359.06,35300.64052,0
2018/09/05 00:00:00,7359.05,7397.3,6682,6700,63715.25627,0
2018/09/06 00:00:00,6697.27,6725,6265,6516.01,60644.46423,0
2018/09/07 00:00:00,6516.84,6544,6320,6395.54,38906.28805,0
2018/09/08 00:00:00,6395.54,6478,6111,6185.05,38215.03217,0
2018/09/09 00:00:00,6185.06,6441,6141.53,6250.81,37053.92382,0
2018/09/10 00:00:00,6252.26,6373.98,6221,6312,32439.45643,0
2018/09/11 00:00:00,6311.99,6404,6169.68,6294.91,33104.88859,0
2018/09/12 00:00:00,6293,6360,6192.37,6338.62,31433.64594,0
2018/09/13 00:00:00,6338.62,6535,6337.4,6487.38,40465.06311,0
2018/09/14 00:00:00,6487.39,6584.99,6385.62,6476.63,37173.33928,0
2018/09/15 00:00:00,6476.63,6565.45,6466.13,6514.96,25243.65661,0
2018/09/16 00:00:00,6514.96,6524.62,6370,6505,27568.1329,0
2018/09/17 00:00:00,6500.08,6533.84,6201,6248.69,35987.25474,0
2018/09/18 00:00:00,6248.69,6390,6224.98,6336.45,32620.86667,0
2018/09/19 00:00:00,6336.39,6517.7,6123,6391.89,39044.08008,0
2018/09/20 00:00:00,6392,6540,6325,6492,25189.02473,0
2018/09/21 00:00:00,6492,6784.86,6491,6759.02,51779.34346,0
2018/09/22 00:00:00,6759.01,6839.03,6627,6723.05,29349.69067,0
2018/09/23 00:00:00,6723.05,6788.23,6661.75,6708,30286.22977,0
2018/09/24 00:00:00,6706.81,6730,6557,6581.39,35305.73991,0
2018/09/25 00:00:00,6581.42,6584.01,6325.02,6447.54,40301.02945,0
2018/09/26 00:00:00,6445.11,6557.99,6379.7,6465.12,33484.54207,0
2018/09/27 00:00:00,6467.84,6750,6434,6689.13,33087.4283,0
2018/09/28 00:00:00,6689.12,6814.8,6540.88,6634.58,42399.44852,0
2018/09/29 00:00:00,6634.58,6636,6464.57,6596.38,30255.9597,0
2018/09/30 00:00:00,6597.66,6662,6533,6626.57,27764.72452,0
2018/10/01 00:00:00,6626.57,6667.09,6510,6611.61,20621.50689,0
2018/10/02 00:00:00,6610,6640,6494,6525.79,28245.81009,0
2018/10/03 00:00:00,6525.79,6549,6430,6510,28451.96914,0
2018/10/04 00:00:00,6510.01,6643.46,6505.09,6593.79,20074.30082,0
2018/10/05 00:00:00,6591.69,6697,6543.08,6635.65,16096.55239,0
2018/10/06 00:00:00,6635.65,6651,6566.77,6594.27,10939.50539,0
2018/10/07 00:00:00,6596.44,6640,6525,6615.26,17406.83176,0
2018/10/08 00:00:00,6615.26,6715.6,6587,6673.01,23123.41954,0
2018/10/09 00:00:00,6673.01,6685.38,6607,6656.61,15354.77947,0
2018/10/10 00:00:00,6656.67,6659.95,6530,6631,15390.66144,0
2018/10/11 00:00:00,6630.21,6633.92,6205,6252.68,48712.40033,0
2018/10/12 00:00:00,6252.71,6360,6209,6298.01,29004.07142,0
2018/10/13 00:00:00,6298,6345,6285.07,6332.93,19098.07003,0
2018/10/14 00:00:00,6332.92,6416,6308,6339.34,15627.41131,0
2018/10/15 00:00:00,6339.34,7680,6300,6752.5,90748.03125,0
2018/10/16 00:00:00,6752.5,6900,6670,6759.27,27557.95776,0
2018/10/17 00:00:00,6762.76,6811.12,6676.01,6740.89,26641.43138,0
2018/10/18 00:00:00,6739.01,6796,6567,6618.96,20116.52194,0
2018/10/19 00:00:00,6618.96,6648.14,6523,6528.88,20772.60077,0
2018/10/20 00:00:00,6528.88,6617.65,6505.55,6588.4,19240.72225,0
2018/10/21 00:00:00,6585.72,6663.9,6580,6590.11,6515.357792,0
2018/10/22 00:00:00,6590.12,6639,6535.27,6581.2,16213.69266,0
2018/10/23 00:00:00,6581.2,6595,6515.45,6553.51,13856.60176,0
2018/10/24 00:00:00,6553.51,6630,6547.53,6565.5,11951.54398,0
2018/10/25 00:00:00,6566.81,6575.09,6502.8,6528.09,10342.70124,0
2018/10/26 00:00:00,6528.13,6600,6515.01,6538.63,9443.504156,0
2018/10/27 00:00:00,6538.63,6558.35,6463.04,6505.6,7776.907864,0
2018/10/28 00:00:00,6505.6,6514.17,6453,6489.93,5743.933728,0
2018/10/29 00:00:00,6489.93,6505.01,6315,6344.5,13827.22407,0
2018/10/30 00:00:00,6344.5,6395,6317.01,6330.87,8877.175385,0
2018/10/31 00:00:00,6330.01,6428,6245.02,6371.93,12148.88822,0
2018/11/01 00:00:00,6369.52,6442.65,6348.66,6410,9099.035841,0
2018/11/02 00:00:00,6410,6460.34,6388.2,6433.98,9739.440679,0
2018/11/03 00:00:00,6432.8,6439.97,6345,6387.09,7661.241476,0
2018/11/04 00:00:00,6388,6525,6359,6485.85,10592.39494,0
2018/11/05 00:00:00,6485.85,6504.39,6431.02,6468.99,8987.882156,0
2018/11/06 00:00:00,6468.99,6531.31,6445.18,6519.11,11926.5657,0
2018/11/07 00:00:00,6522.73,6615.15,6509,6578.46,14271.59112,0
2018/11/08 00:00:00,6578.46,6594,6468.22,6479.84,13259.78928,0
2018/11/09 00:00:00,6479.84,6511.53,6391.01,6419.99,11787.61658,0
2018/11/10 00:00:00,6419.99,6475.55,6411,6433.05,7714.829926,0
2018/11/11 00:00:00,6435.16,6462.14,6355,6449.81,8213.507117,0
2018/11/12 00:00:00,6450.71,6497,6421,6453.07,10132.78257,0
2018/11/13 00:00:00,6451.68,6498,6391.15,6457.66,11790.56493,0
2018/11/14 00:00:00,6458.98,6482.84,5656.87,5922.41,46478.964,0
2018/11/15 00:00:00,5917.2,5939.54,5403.42,5753.4,47700.8294,0
2018/11/16 00:00:00,5757.09,5782.89,5549.25,5655.94,38721.80227,0
2018/11/17 00:00:00,5650.57,5656.6,5565.43,5628.29,26411.24141,0
2018/11/18 00:00:00,5630.49,5738.17,5617,5662,23844.99935,0
2018/11/19 00:00:00,5661.94,5664,4855,4910.03,70580.89286,0
2018/11/20 00:00:00,4913.4,5048.24,4326,4558.86,117380.9516,0
2018/11/21 00:00:00,4559.91,4787.2,4413.85,4661.07,61071.82948,0
2018/11/22 00:00:00,4661.08,4721.77,4335,4370,34531.11914,0
2018/11/23 00:00:00,4370.9,4484,4222.94,4420.61,49371.92032,0
2018/11/24 00:00:00,4415.63,4527,3824.69,3932.44,61693.11101,0
2018/11/25 00:00:00,3933.68,4233,3652.66,4085.78,101693.9756,0
2018/11/26 00:00:00,4088.69,4206,3701,3862.2,94503.75077,0
2018/11/27 00:00:00,3864.45,3940,3689.12,3875.21,67480.60721,0
2018/11/28 00:00:00,3875.63,4394.47,3874.27,4264.85,91983.56795,0
2018/11/29 00:00:00,4262.06,4450.38,4125.65,4295.84,73980.19867,0
2018/11/30 00:00:00,4295.72,4341.36,3943,4041.32,67758.44628,0
2018/12/01 00:00:00,4041.27,4299.99,3963.01,4190.02,44840.07348,0
2018/12/02 00:00:00,4190.98,4312.99,4103.04,4161.01,38912.15479,0
2018/12/03 00:00:00,4160.55,4179,3827,3884.01,49094.36916,0
2018/12/04 00:00:00,3884.76,4085,3781,3951.64,48489.55161,0
2018/12/05 00:00:00,3950.98,3970,3745,3769.84,44004.79945,0
2018/12/06 00:00:00,3768.44,3899.99,3500,3508.75,68378.79694,0
2018/12/07 00:00:00,3508.75,3549.99,3224.6,3403.55,95145.45744,0
2018/12/08 00:00:00,3403.57,3495,3222,3410.93,55365.94995,0
2018/12/09 00:00:00,3411.36,3658,3394.04,3545.37,45956.8933,0
2018/12/10 00:00:00,3548.49,3610,3370.11,3432.88,40989.24455,0
2018/12/11 00:00:00,3434.01,3480,3324.32,3380.39,35920.86415,0
2018/12/12 00:00:00,3379.23,3492,3350,3445,33922.93129,0
2018/12/13 00:00:00,3446.38,3460,3255.5,3302.06,40040.91701,0
2018/12/14 00:00:00,3302.06,3335.39,3177,3224.17,44492.98381,0
2018/12/15 00:00:00,3225.19,3276.5,3156.26,3211.72,29796.04144,0
2018/12/16 00:00:00,3211.71,3294,3186,3228.67,24628.80854,0
2018/12/17 00:00:00,3229.22,3585,3216,3509.08,66761.7517,0
2018/12/18 00:00:00,3509.03,3678.59,3424.47,3652.98,61369.61526,0
2018/12/19 00:00:00,3653,3912.73,3622.55,3662.22,94137.34101,0
2018/12/20 00:00:00,3660.01,4120,3635,4049.62,101543.836,0
2018/12/21 00:00:00,4051.86,4139.99,3764,3838.66,82343.85011,0
2018/12/22 00:00:00,3840.25,3979,3785,3948.91,42822.35087,0
2018/12/23 00:00:00,3948.91,4021.53,3870,3929.71,40117.53153,0
2018/12/24 00:00:00,3929.71,4198,3924.83,4008.01,64647.80913,0
2018/12/25 00:00:00,4010.11,4020,3646.41,3745.79,62725.62943,0
2018/12/26 00:00:00,3745.56,3837.15,3656.74,3777.74,42629.37582,0
2018/12/27 00:00:00,3777.74,3813.98,3535,3567.91,44097.39291,0
2018/12/28 00:00:00,3567.89,3887.25,3540.04,3839.26,45964.30499,0
2018/12/29 00:00:00,3839,3892,3670,3695.32,38874.3739,0
2018/12/30 00:00:00,3696.71,3903.5,3657.9,3801.91,33222.36926,0
2018/12/31 00:00:00,3803.12,3810,3630.33,3702.9,29991.77835,0
2019/01/01 00:00:00,3701.23,3810.16,3642,3797.14,23741.68703,0
2019/01/02 00:00:00,3796.45,3882.14,3750.45,3858.56,35156.46337,0
2019/01/03 00:00:00,3857.57,3862.74,3730,3766.78,29406.94836,0
2019/01/04 00:00:00,3767.2,3823.64,3703.57,3792.01,29519.55467,0
2019/01/05 00:00:00,3790.09,3840.99,3751,3770.96,30490.66775,0
2019/01/06 00:00:00,3771.12,4027.71,3740,3987.6,36553.80671,0
2019/01/07 00:00:00,3987.62,4017.9,3921.53,3975.45,31869.84626,0
2019/01/08 00:00:00,3976.76,4069.8,3903,3955.13,38901.42312,0
2019/01/09 00:00:00,3955.45,4006.81,3930.04,3966.65,28989.43951,0
2019/01/10 00:00:00,3966.06,3996.01,3540,3585.88,59402.22851,0
2019/01/11 00:00:00,3585.88,3658,3465,3601.31,38338.65473,0
2019/01/12 00:00:00,3601.31,3618.19,3530,3583.13,21999.92835,0
2019/01/13 00:00:00,3584.1,3611.1,3441.3,3476.81,26385.75745,0
2019/01/14 00:00:00,3477.56,3671.87,3467.02,3626.09,35235.21122,0
2019/01/15 00:00:00,3626.08,3648.42,3516.62,3553.06,34137.99746,0
2019/01/16 00:00:00,3553.06,3645,3543.51,3591.84,27480.17998,0
2019/01/17 00:00:00,3591.84,3634.7,3530.39,3616.21,29755.44084,0
2019/01/18 00:00:00,3613.32,3620,3565.75,3594.87,22713.44676,0
2019/01/19 00:00:00,3594.87,3720,3594.23,3665.3,22171.57812,0
2019/01/20 00:00:00,3665.75,3693.73,3475,3539.28,27901.9386,0
2019/01/21 00:00:00,3539.26,3559.51,3475.5,3526.9,19644.43684,0
2019/01/22 00:00:00,3526.88,3608.5,3434.85,3570.93,29336.44297,0
2019/01/23 00:00:00,3570.41,3607.98,3514.5,3552.82,24938.8427,0
2019/01/24 00:00:00,3552.97,3589,3529.22,3569.62,20826.25118,0
2019/01/25 00:00:00,3569.07,3587.15,3522.51,3565.29,17608.34667,0
2019/01/26 00:00:00,3566.69,3662.94,3545,3565.25,19476.53234,0
2019/01/27 00:00:00,3565.62,3579,3486,3550.84,22735.59816,0
2019/01/28 00:00:00,3550.05,3557.75,3380.27,3434.15,40405.1114,0
2019/01/29 00:00:00,3434,3443.45,3349.92,3411.04,29544.92898,0
2019/01/30 00:00:00,3410.04,3478,3387.1,3458.18,23968.26024,0
2019/01/31 00:00:00,3457.5,3489.2,3418.8,3434.1,29607.19025,0
2019/02/01 00:00:00,3434.1,3488,3401.2,3462.07,25260.47616,0
2019/02/02 00:00:00,3462.2,3526.4,3440.29,3504.77,17920.802,0
2019/02/03 00:00:00,3504.06,3511.09,3426,3458.11,19867.33639,0
2019/02/04 00:00:00,3458.11,3484.88,3433.31,3463.22,23131.98111,0
2019/02/05 00:00:00,3463.22,3478.97,3448.43,3471.59,25264.41503,0
2019/02/06 00:00:00,3471.57,3482.72,3380,3405.37,35310.24485,0
2019/02/07 00:00:00,3407,3426.45,3390,3398.4,18665.53864,0
2019/02/08 00:00:00,3398.4,3733.58,3373.1,3659.04,47968.05801,0
2019/02/09 00:00:00,3660.27,3680.02,3625.13,3665.18,24759.83372,0
2019/02/10 00:00:00,3665.18,3684.99,3609.76,3680.06,23250.60263,0
2019/02/11 00:00:00,3679.75,3684.9,3615.53,3631.05,24954.61457,0
2019/02/12 00:00:00,3631.05,3667.6,3582.34,3631.46,29479.59823,0
2019/02/13 00:00:00,3631.51,3670,3591.75,3609.4,25773.99765,0
2019/02/14 00:00:00,3608.34,3626.4,3568.11,3590.56,21753.50126,0
2019/02/15 00:00:00,3590.57,3653.23,3573.45,3602.47,20777.8729,0
2019/02/16 00:00:00,3602.49,3648.2,3597.91,3618.41,19565.99275,0
2019/02/17 00:00:00,3617.22,3700.11,3604.4,3667.58,25690.22778,0
2019/02/18 00:00:00,3667.62,3925,3655,3898.6,64042.73049,0
2019/02/19 00:00:00,3897.35,3994.52,3856,3907.79,50207.17267,0
2019/02/20 00:00:00,3907.35,3986.98,3870.66,3969.74,36205.14085,0
2019/02/21 00:00:00,3969.74,4016.48,3901.03,3937.31,31103.88473,0
2019/02/22 00:00:00,3937.31,3988,3926.65,3962,23943.16375,0
2019/02/23 00:00:00,3962,4162.02,3933.15,4117.76,33657.94288,0
2019/02/24 00:00:00,4118,4198,3712.66,3743.56,62224.18689,0
2019/02/25 00:00:00,3743.56,3872.66,3740,3827.92,38102.96625,0
2019/02/26 00:00:00,3828.44,3841.51,3777,3809.23,28838.74804,0
2019/02/27 00:00:00,3809.31,3838.85,3677.17,3818.07,31500.99547,0
2019/02/28 00:00:00,3818.04,3888,3763.87,3813.69,32561.96104,0
2019/03/01 00:00:00,3814.26,3857,3813.01,3823,23174.57217,0
2019/03/02 00:00:00,3822.17,3841.31,3772.25,3819.93,19445.83836,0
2019/03/03 00:00:00,3819.97,3835,3781.32,3807.75,16718.16541,0
2019/03/04 00:00:00,3807.32,3830,3670.69,3715.3,34742.84166,0
2019/03/05 00:00:00,3716.1,3877.1,3703.55,3857.73,32962.53616,0
2019/03/06 00:00:00,3857.58,3907,3813.09,3861.84,24775.11883,0
2019/03/07 00:00:00,3861.84,3905.4,3840.4,3873.64,26455.25766,0
2019/03/08 00:00:00,3873.63,3932,3800,3864.89,34730.36659,0
2019/03/09 00:00:00,3864.88,3971.75,3854.75,3943.04,30979.74765,0
2019/03/10 00:00:00,3943.43,3943.43,3881.69,3916.82,23187.56141,0
2019/03/11 00:00:00,3915.99,3936.98,3830,3871.61,38066.88571,0
2019/03/12 00:00:00,3871.61,3905.2,3826.06,3882.73,26921.00862,0
2019/03/13 00:00:00,3882.69,3893.56,3840,3866,24461.00876,0
2019/03/14 00:00:00,3866,3920,3810.43,3877.12,27048.74853,0
2019/03/15 00:00:00,3877.12,3939.22,3872.2,3923.76,21740.0615,0
2019/03/16 00:00:00,3924.46,4056.98,3921.98,4005.98,28568.37612,0
2019/03/17 00:00:00,4005.98,4012,3950.01,3981.14,18814.25558,0
2019/03/18 00:00:00,3981.85,4037,3953.33,3987.81,22454.47801,0
2019/03/19 00:00:00,3987.83,4031,3970,4015.53,19893.74182,0
2019/03/20 00:00:00,4017.48,4050,3980.5,4043.04,23432.30026,0
2019/03/21 00:00:00,4043.04,4069.32,3880.01,3980.64,35997.68212,0
2019/03/22 00:00:00,3980.85,4008,3968.25,3986.93,20022.60632,0
2019/03/23 00:00:00,3987.89,4018.83,3978.01,4006.01,17302.60432,0
2019/03/24 00:00:00,4006.01,4006.02,3950,3992.18,17179.85065,0
2019/03/25 00:00:00,3991.35,3999.3,3888.71,3936.12,33192.89022,0
2019/03/26 00:00:00,3935.47,3958.98,3894,3948.55,29349.53763,0
2019/03/27 00:00:00,3948.77,4048,3936.15,4038.05,32364.55585,0
2019/03/28 00:00:00,4039.58,4039.7,4002,4027.81,20089.29388,0
2019/03/29 00:00:00,4028.22,4123.71,4024.03,4103.25,30084.21744,0
2019/03/30 00:00:00,4104.24,4140,4052,4106.97,19509.2926,0
2019/03/31 00:00:00,4106.99,4116.12,4082.57,4103.95,13525.08743,0
2019/04/01 00:00:00,4102.44,4158.7,4067,4144.56,25507.06764,0
2019/04/02 00:00:00,4144.54,4897.99,4140.54,4857.29,105383.6393,0
2019/04/03 00:00:00,4857.19,5275.01,4753.5,4932.6,109890.1257,0
2019/04/04 00:00:00,4932.59,5039.08,4777,4898.66,61054.25417,0
2019/04/05 00:00:00,4898.64,5028.22,4880.62,5004.95,39768.55281,0
2019/04/06 00:00:00,5004.96,5205,4928.59,5043.89,41770.84231,0
2019/04/07 00:00:00,5042.07,5234,5026,5170.27,37615.4868,0
2019/04/08 00:00:00,5170.27,5305,5039,5236.9,50178.43078,0
2019/04/09 00:00:00,5238.38,5238.4,5076.68,5150,34067.01231,0
2019/04/10 00:00:00,5150,5422,5135,5308.25,40073.62047,0
2019/04/11 00:00:00,5307.86,5332.67,4927,5017.37,54696.60069,0
2019/04/12 00:00:00,5017.37,5080.58,4861.22,5048.01,33276.67861,0
2019/04/13 00:00:00,5047,5099,5004,5045.22,17292.4568,0
2019/04/14 00:00:00,5047.45,5152.99,5000,5131.3,18281.60774,0
2019/04/15 00:00:00,5131.28,5167.38,4950,5024.95,29057.19158,0
2019/04/16 00:00:00,5024.95,5197.72,5003.94,5173.72,24242.22949,0
2019/04/17 00:00:00,5173.72,5230.4,5146.8,5202.82,23307.53613,0
2019/04/18 00:00:00,5202.41,5287,5198.8,5258.44,22619.239,0
2019/04/19 00:00:00,5258.44,5320,5175,5258.68,24611.23632,0
2019/04/20 00:00:00,5258.68,5333.42,5230.1,5291.73,19168.90827,0
2019/04/21 00:00:00,5292.91,5314.35,5165,5256.14,25549.57094,0
2019/04/22 00:00:00,5257.41,5400,5208.35,5357.14,29563.85231,0
2019/04/23 00:00:00,5357.14,5600,5332.41,5493.31,41262.10392,0
2019/04/24 00:00:00,5490.91,5582.2,5333.35,5415,48224.15241,0
2019/04/25 00:00:00,5415,5491.84,5102,5219.9,49636.08995,0
2019/04/26 00:00:00,5220.47,5510,5161.62,5314.1,48912.29451,0
2019/04/27 00:00:00,5315,5342.5,5257.67,5295.69,15422.89694,0
2019/04/28 00:00:00,5295.69,5340,5259.48,5307.52,14371.43387,0
2019/04/29 00:00:00,5309.81,5332,5178.8,5238.14,19918.13508,0
2019/04/30 00:00:00,5238.14,5339.98,5192.15,5320.81,22238.06823,0
2019/05/01 00:00:00,5321.94,5402,5316.2,5383.2,17217.47322,0
2019/05/02 00:00:00,5383.2,5538,5370,5492.87,22795.78784,0
2019/05/03 00:00:00,5494.81,5844,5477.57,5772.69,46297.17285,0
2019/05/04 00:00:00,5770.62,5900,5587.45,5829.45,39682.40899,0
2019/05/05 00:00:00,5829.83,5839.9,5696,5775.62,23822.54378,0
2019/05/06 00:00:00,5773.18,5805,5619.14,5747.79,25256.59633,0
2019/05/07 00:00:00,5749.92,6028.41,5747.74,5846.34,39905.06442,0
2019/05/08 00:00:00,5846.34,6014.72,5772.2,5987.29,23074.05152,0
2019/05/09 00:00:00,5986.66,6224.55,5983.71,6209.18,27453.01144,0
2019/05/10 00:00:00,6209.95,6468.92,6172,6373.33,36623.61079,0
2019/05/11 00:00:00,6375.16,7343.99,6372.85,7076.22,74022.42439,0
2019/05/12 00:00:00,7076.24,7521.78,6750,6967.31,86948.97534,0
2019/05/13 00:00:00,6968.24,8100,6870,7790.71,85804.73533,0
2019/05/14 00:00:00,7795.62,8366,7599.56,7947.56,76583.7226,0
2019/05/15 00:00:00,7945.26,8249,7850,8169.87,37884.32721,0
2019/05/16 00:00:00,8169.08,8320,7705,7866.59,69630.514,0
2019/05/17 00:00:00,7868.67,7925,6913,7355.26,88752.00816,0
2019/05/18 00:00:00,7355.28,7458,7156.61,7257.45,37054.94478,0
2019/05/19 00:00:00,7257.32,8275.09,7243.08,8148.48,65577.44206,0
2019/05/20 00:00:00,8147.94,8156.03,7553,7938.15,65859.20856,0
2019/05/21 00:00:00,7937.16,8042.32,7771,7904.87,52301.75225,0
2019/05/22 00:00:00,7904.48,8016,7465,7628.43,49136.99459,0
2019/05/23 00:00:00,7627.8,7940.98,7461,7851.51,49648.1847,0
2019/05/24 00:00:00,7849.95,8130,7766,7964.87,46664.78533,0
2019/05/25 00:00:00,7964.52,8091.8,7908.34,8025.41,28414.32882,0
2019/05/26 00:00:00,8023,8740,7833.42,8614.43,49652.14457,0
2019/05/27 00:00:00,8612.54,8908.32,8589,8756.32,51886.76879,0
2019/05/28 00:00:00,8752.52,8798.49,8510.63,8715.64,31470.55153,0
2019/05/29 00:00:00,8716.87,8750,8406.6,8645.68,33880.86592,0
2019/05/30 00:00:00,8646.5,9074.26,8005,8269.54,70379.99852,0
2019/05/31 00:00:00,8267.1,8594,8108.5,8555,44727.49162,0
2019/06/01 00:00:00,8555,8626,8442.36,8544.07,31868.23416,0
2019/06/02 00:00:00,8545.1,8814.78,8524,8725.98,27835.13327,0
2019/06/03 00:00:00,8726,8800.95,8080.8,8115.82,45692.9651,0
2019/06/04 00:00:00,8115.66,8115.66,7481.02,7687.03,74143.94894,0
2019/06/05 00:00:00,7687.04,7896.7,7572.78,7776.5,48679.65646,0
2019/06/06 00:00:00,7778.08,7868.13,7444.58,7786.7,36624.11875,0
2019/06/07 00:00:00,7787.57,8100,7737.49,7980.53,33942.22566,0
2019/06/08 00:00:00,7978.94,8044.65,7751,7893.62,22657.32963,0
2019/06/09 00:00:00,7895.28,7935,7506.66,7628.13,31568.46516,0
2019/06/10 00:00:00,7627.57,8020,7511,7982.75,36756.07847,0
2019/06/11 00:00:00,7981,8010,7692.23,7884.9,30334.99943,0
2019/06/12 00:00:00,7884.9,8200,7788.99,8127.64,41597.08262,0
2019/06/13 00:00:00,8127.64,8309.82,8010.03,8218.54,30467.76434,0
2019/06/14 00:00:00,8216.44,8684.41,8144.32,8650,39835.24626,0
2019/06/15 00:00:00,8650.88,8864.99,8567.63,8808.7,31791.63604,0
2019/06/16 00:00:00,8810.77,9333,8760,8953.33,63289.25122,0
2019/06/17 00:00:00,8953,9444,8950,9313.96,47895.48537,0
2019/06/18 00:00:00,9312.13,9336.36,8950,9081.55,51554.5694,0
2019/06/19 00:00:00,9081.97,9304,8960,9255.49,32147.7065,0
2019/06/20 00:00:00,9253.76,9590,9175.2,9517.12,34556.05398,0
2019/06/21 00:00:00,9518.06,10174.99,9518.06,10159.86,50484.41589,0
2019/06/22 00:00:00,10159.86,11160,9921.72,10729.5,104169.448,0
2019/06/23 00:00:00,10729,11392.64,10555.18,10906.07,57445.32395,0
2019/06/24 00:00:00,10905.95,11143.63,10620.8,11056.59,43101.04529,0
2019/06/25 00:00:00,11056.59,11850,11026,11820.86,61276.68665,0
2019/06/26 00:00:00,11821.28,13970,11741,13093.8,155930.1474,0
2019/06/27 00:00:00,13098.38,13478.04,10525.1,11329.99,173894.8209,0
2019/06/28 00:00:00,11329.99,12480,10982.88,12400.63,95795.20396,0
2019/06/29 00:00:00,12407.06,12441.54,11475.02,11903.13,69642.07416,0
2019/06/30 00:00:00,11903.13,12180,10766.03,10854.1,84512.53044,0
2019/07/01 00:00:00,10854.1,11282.28,10030,10624.93,90962.26827,0
2019/07/02 00:00:00,10624.9,10938.75,9727,10842.85,109561.0387,0
2019/07/03 00:00:00,10844.98,11991.89,10841.04,11940,96815.90029,0
2019/07/04 00:00:00,11940,12000,11055,11145.67,66512.22189,0
2019/07/05 00:00:00,11145.67,11406.83,10796.44,10970.73,63534.35058,0
2019/07/06 00:00:00,10982.41,11665,10964.51,11256.49,51469.49633,0
2019/07/07 00:00:00,11256.45,11538,11094.37,11406.24,38884.7956,0
2019/07/08 00:00:00,11410,12338.03,11220,12238.6,52182.36722,0
2019/07/09 00:00:00,12238.6,12794.73,12068,12543.41,78442.13034,0
2019/07/10 00:00:00,12548.51,13147.08,11569,12108.37,109246.045,0
2019/07/11 00:00:00,12108.11,12111.73,11000,11342.89,87506.46106,0
2019/07/12 00:00:00,11342.88,11885,11073,11757.22,56321.85828,0
2019/07/13 00:00:00,11757.22,11799.98,10830,11355.76,54245.59455,0
2019/07/14 00:00:00,11355.78,11452,10103,10174.18,72517.57924,0
2019/07/15 00:00:00,10174.18,11100,9860,10838.72,81922.42633,0
2019/07/16 00:00:00,10833.78,11028,9350.01,9439.59,97219.44341,0
2019/07/17 00:00:00,9430.17,9957,9060,9667.92,84942.67272,0
2019/07/18 00:00:00,9668.86,10788,9252,10627.16,80283.31025,0
2019/07/19 00:00:00,10628.64,10769.71,10121.84,10504.29,56546.93213,0
2019/07/20 00:00:00,10505.78,11068.99,10350,10740.23,47331.89985,0
2019/07/21 00:00:00,10740.27,10817.9,10288,10589.45,38834.28794,0
2019/07/22 00:00:00,10590.15,10683.16,10100,10340.31,40467.95484,0
2019/07/23 00:00:00,10343.08,10343.97,9822,9864.91,47624.37071,0
2019/07/24 00:00:00,9864.78,9937,9525,9763.28,43475.38038,0
2019/07/25 00:00:00,9763.4,10175,9720.03,9879.87,37873.35473,0
2019/07/26 00:00:00,9882.15,9889.98,9637,9824,27167.46322,0
2019/07/27 00:00:00,9824,10188.66,9333,9476.52,43809.7783,0
2019/07/28 00:00:00,9478.92,9594.99,9165,9541.54,29401.02294,0
2019/07/29 00:00:00,9541.54,9729,9395,9507.64,29021.93741,0
2019/07/30 00:00:00,9509.07,9714.28,9402,9574.21,32536.36883,0
2019/07/31 00:00:00,9575,10109.8,9555,10080.53,39515.35456,0
2019/08/01 00:00:00,10080.53,10467.86,9863.46,10374.99,41727.63703,0
2019/08/02 00:00:00,10375,10670,10281.35,10523.75,42990.44422,0
2019/08/03 00:00:00,10523.75,10904.77,10497.93,10816.86,33802.31882,0
2019/08/04 00:00:00,10816.86,11040,10552,10929.23,39924.74514,0
2019/08/05 00:00:00,10929.99,11937.52,10927.8,11828.8,65153.67371,0
2019/08/06 00:00:00,11830,12330.7,11226.7,11481.69,76705.38988,0
2019/08/07 00:00:00,11481.69,12141.17,11382.84,11975.03,69173.39035,0
2019/08/08 00:00:00,11975.04,12060,11521,11999.77,51207.25717,0
2019/08/09 00:00:00,11994.17,12045.68,11700,11879.99,39427.15259,0
2019/08/10 00:00:00,11879.98,11985,11270,11309.31,42633.08705,0
2019/08/11 00:00:00,11309.24,11600,11112.11,11549.97,26772.90691,0
2019/08/12 00:00:00,11539.08,11577.89,11235.32,11396.08,17568.22708,0
2019/08/13 00:00:00,11398.35,11456.16,10788.45,10892.71,33234.72968,0
2019/08/14 00:00:00,10893.36,10897.48,9928.1,10050.37,54451.8475,0
2019/08/15 00:00:00,10055.16,10460,9911,10293.93,38174.45112,0
2019/08/16 00:00:00,10296.77,10536.03,9750,10331.54,51758.14292,0
2019/08/17 00:00:00,10331.15,10465.14,10000,10216.02,29000.5812,0
2019/08/18 00:00:00,10216.05,10500,10080,10306.78,24085.39517,0
2019/08/19 00:00:00,10306.17,10930,10258.6,10915.54,37243.31922,0
2019/08/20 00:00:00,10914.73,10949.96,10560,10760.51,32298.92168,0
2019/08/21 00:00:00,10760.51,10804.13,9858,10142.57,47355.71928,0
2019/08/22 00:00:00,10140.82,10242,9762,10099.88,34059.64274,0
2019/08/23 00:00:00,10099.9,10445,10019.79,10389.55,27550.33617,0
2019/08/24 00:00:00,10388.16,10419.42,9890,10134.35,27692.45684,0
2019/08/25 00:00:00,10134.61,10333,9906.97,10142.69,26271.6574,0
2019/08/26 00:00:00,10142.69,10604,10137.93,10372.25,41687.5116,0
2019/08/27 00:00:00,10373.6,10391.08,10051.08,10185.05,28402.77538,0
2019/08/28 00:00:00,10185.69,10299,9601.01,9721,42110.55538,0
2019/08/29 00:00:00,9721,9724,9320,9498.44,35532.69491,0
2019/08/30 00:00:00,9499.01,9696,9350.41,9584.54,26834.3181,0
2019/08/31 00:00:00,9582.76,9684.51,9420.75,9587.47,17130.29007,0
2019/09/01 00:00:00,9588.74,9830,9520,9724.98,19545.40484,0
2019/09/02 00:00:00,9723.59,10450,9712.5,10340,44740.24809,0
2019/09/03 00:00:00,10340,10773,10272,10615.28,47998.37678,0
2019/09/04 00:00:00,10611.85,10799,10369.89,10567.02,43943.88903,0
2019/09/05 00:00:00,10565.92,10900,10450,10564.49,33970.96064,0
2019/09/06 00:00:00,10563.13,10905.87,10150,10298.73,58799.64096,0
2019/09/07 00:00:00,10298.71,10558,10288.57,10455.88,27637.87739,0
2019/09/08 00:00:00,10455.9,10592.5,10208,10381.18,23984.67202,0
2019/09/09 00:00:00,10381.24,10480,10068.5,10303.12,39835.72761,0
2019/09/10 00:00:00,10302.58,10384.99,9953,10098.15,28915.41223,0
2019/09/11 00:00:00,10098.19,10293,9880,10158.33,31953.82456,0
2019/09/12 00:00:00,10158.75,10448.81,10040,10415.01,34511.16276,0
2019/09/13 00:00:00,10415.01,10439,10153,10342.06,30280.33978,0
2019/09/14 00:00:00,10344.13,10419.99,10222.33,10335.02,23621.53352,0
2019/09/15 00:00:00,10332.81,10360,10252.15,10302.01,18047.65401,0
2019/09/16 00:00:00,10303.34,10355,10078,10251.31,28971.40166,0
2019/09/17 00:00:00,10249.68,10275,10128.01,10187.82,22914.32456,0
2019/09/18 00:00:00,10187.48,10258.02,10100,10156.99,24250.2493,0
2019/09/19 00:00:00,10156.41,10325,9653,10244.29,44826.28258,0
2019/09/20 00:00:00,10243.7,10281,10061.39,10168.59,25088.49107,0
2019/09/21 00:00:00,10167.92,10176.7,9900,9986.39,20544.1752,0
2019/09/22 00:00:00,9985.15,10089,9853.97,10028.87,22049.27526,0
2019/09/23 00:00:00,10028.05,10049.99,9615.77,9702.25,31937.23236,0
2019/09/24 00:00:00,9702.2,9794.99,7800,8493.14,94007.3452,0
2019/09/25 00:00:00,8497.55,8730,8215.64,8430.05,60783.89226,0
2019/09/26 00:00:00,8430.05,8465.99,7750,8063.73,67930.85375,0
2019/09/27 00:00:00,8063.49,8265,7852.15,8177.91,43882.92463,0
2019/09/28 00:00:00,8177.47,8315,8001.09,8198.81,34473.60517,0
2019/09/29 00:00:00,8199.38,8229.13,7890,8043.82,31544.21139,0
2019/09/30 00:00:00,8043.04,8337.26,7710,8289.34,55865.48726,0
2019/10/01 00:00:00,8289.97,8500,8173.05,8292.44,43472.41809,0
2019/10/02 00:00:00,8292.67,8373.91,8151.22,8359.94,26243.38664,0
2019/10/03 00:00:00,8360,8393,8060,8223.96,30488.28406,0
2019/10/04 00:00:00,8224.43,8232.41,8005,8137.13,26476.3304,0
2019/10/05 00:00:00,8137.09,8183.41,8012.98,8126.19,21907.61556,0
2019/10/06 00:00:00,8127.55,8153.87,7785,7854.25,34676.10405,0
2019/10/07 00:00:00,7855.3,8299.92,7762,8190.09,52202.0723,0
2019/10/08 00:00:00,8190.82,8325,8088.75,8168.39,35452.65742,0
2019/10/09 00:00:00,8170.79,8670,8115,8560.74,55038.70438,0
2019/10/10 00:00:00,8562.15,8644,8414.52,8558.03,39137.94617,0
2019/10/11 00:00:00,8557.82,8779.51,8212.38,8258.5,50405.28442,0
2019/10/12 00:00:00,8257.95,8400,8250,8300.09,21339.3341,0
2019/10/13 00:00:00,8301.98,8451.37,8160,8275.01,27840.73995,0
2019/10/14 00:00:00,8275.24,8388.85,8203,8348.2,29810.66325,0
2019/10/15 00:00:00,8346.86,8403,8090,8159.29,32773.06248,0
2019/10/16 00:00:00,8159.3,8181.16,7917,7991.74,34733.59397,0
2019/10/17 00:00:00,7995.02,8124.92,7929.03,8070.58,29656.94916,0
2019/10/18 00:00:00,8070.71,8115,7816.01,7947.01,31353.18142,0
2019/10/19 00:00:00,7946.89,8098.1,7866.92,7948.01,26627.88939,0
2019/10/20 00:00:00,7949.87,8297,7870,8223.35,34286.45265,0
2019/10/21 00:00:00,8223.35,8333,8142.03,8197.27,30448.67954,0
2019/10/22 00:00:00,8197.28,8297.99,8000,8020,34651.82866,0
2019/10/23 00:00:00,8020.06,8047.59,7300,7466.62,63897.4571,0
2019/10/24 00:00:00,7468.47,7503.68,7337.99,7412.41,32714.38327,0
2019/10/25 00:00:00,7412.41,8799,7361,8655.02,90748.21817,0
2019/10/26 00:00:00,8655.88,10370,8470.38,9230,162588.5854,0
2019/10/27 00:00:00,9230,9794.98,9074.34,9529.93,93833.5416,0
2019/10/28 00:00:00,9528.23,9902.1,9160,9205.14,80174.21732,0
2019/10/29 00:00:00,9204.45,9550,9072,9407.62,64158.46245,0
2019/10/30 00:00:00,9407.62,9409.84,9001.01,9154.72,55241.78643,0
2019/10/31 00:00:00,9154.02,9405,8913,9140.85,54376.0249,0
2019/11/01 00:00:00,9140.86,9279,9030,9231.61,43594.81412,0
2019/11/02 00:00:00,9231.4,9373.74,9186.21,9289.52,28923.06083,0
2019/11/03 00:00:00,9289.85,9362.57,9066.14,9194.71,27894.37828,0
2019/11/04 00:00:00,9196.46,9513.68,9115.84,9393.35,45894.45628,0
2019/11/05 00:00:00,9392.4,9454.95,9175.76,9308.66,45935.87367,0
2019/11/06 00:00:00,9307.73,9440.91,9250.01,9339.05,37336.17037,0
2019/11/07 00:00:00,9339.16,9375,9101,9216.2,39117.47085,0
2019/11/08 00:00:00,9214,9261,8696,8773.73,62107.28924,0
2019/11/09 00:00:00,8773.74,8880,8724.88,8809.41,29469.48141,0
2019/11/10 00:00:00,8809.18,9147.19,8750,9039.47,34422.0298,0
2019/11/11 00:00:00,9040.16,9072.32,8618.68,8733.27,44888.05355,0
2019/11/12 00:00:00,8733.36,8888,8567.6,8821.94,40366.62947,0
2019/11/13 00:00:00,8821.91,8844.99,8702,8777.12,26810.11692,0
2019/11/14 00:00:00,8777.54,8800,8582.6,8646.68,33468.46896,0
2019/11/15 00:00:00,8646.38,8790,8400,8471.73,46087.41775,0
2019/11/16 00:00:00,8471.62,8543,8400,8491.02,20902.29975,0
2019/11/17 00:00:00,8490.74,8635,8350.68,8502.4,27009.03708,0
2019/11/18 00:00:00,8502.87,8503.52,8060,8187.17,43017.69094,0
2019/11/19 00:00:00,8186.5,8218.63,8003,8133.64,43556.06103,0
2019/11/20 00:00:00,8133.83,8264.29,8038.4,8098.01,32466.23098,0
2019/11/21 00:00:00,8098.56,8134.73,7500,7627.74,58418.78026,0
2019/11/22 00:00:00,7627.79,7750,6790,7268.23,126603.1403,0
2019/11/23 00:00:00,7268.23,7344.48,7080.01,7311.57,50449.89476,0
2019/11/24 00:00:00,7311.1,7330.39,6861,6903.28,67890.20648,0
2019/11/25 00:00:00,6900.23,7377.69,6515,7109.57,119645.7352,0
2019/11/26 00:00:00,7109.99,7340,7017.48,7156.14,65722.39769,0
2019/11/27 00:00:00,7154.75,7655,6840,7508.52,92452.87349,0
2019/11/28 00:00:00,7507.9,7643,7360,7419.49,56933.98111,0
2019/11/29 00:00:00,7418.52,7850,7362.3,7739.68,60745.30087,0
2019/11/30 00:00:00,7740.99,7810,7441,7541.89,46989.43362,0
2019/12/01 00:00:00,7540.63,7541.85,7210,7390.89,60769.34231,0
2019/12/02 00:00:00,7391.5,7420.56,7151.1,7294.28,46330.25604,0
2019/12/03 00:00:00,7294.42,7400,7241.35,7292.71,33149.47749,0
2019/12/04 00:00:00,7292.71,7750,7067,7194.32,83147.14914,0
2019/12/05 00:00:00,7194.59,7485,7150,7389,59306.67886,0
2019/12/06 00:00:00,7389,7590.03,7305,7527.47,48189.08794,0
2019/12/07 00:00:00,7527.8,7619.62,7470.16,7488.21,31498.68417,0
2019/12/08 00:00:00,7487.31,7564,7374.86,7510.11,29856.89763,0
2019/12/09 00:00:00,7510.11,7650,7273,7338.64,46621.88749,0
2019/12/10 00:00:00,7338.64,7407.6,7157.1,7224.13,49723.76214,0
2019/12/11 00:00:00,7224.15,7275.5,7125.66,7210,30093.09194,0
2019/12/12 00:00:00,7210,7295,7080.3,7198.08,42288.60093,0
2019/12/13 00:00:00,7197.76,7309.05,7190.76,7258.48,27609.8738,0
2019/12/14 00:00:00,7257.37,7271.77,7012,7064.05,29561.98597,0
2019/12/15 00:00:00,7064.14,7200.3,7008.35,7118.59,26395.77814,0
2019/12/16 00:00:00,7119.6,7150,6836,6891.72,43863.99306,0
2019/12/17 00:00:00,6891.44,6942.21,6560,6623.82,53865.06993,0
2019/12/18 00:00:00,6623.84,7440,6435,7277.83,95636.65125,0
2019/12/19 00:00:00,7277.83,7380,7038.31,7150.3,55509.04908,0
2019/12/20 00:00:00,7151.31,7220,7079.5,7187.83,32132.06921,0
2019/12/21 00:00:00,7188.01,7190.58,7105,7132.75,19467.17403,0
2019/12/22 00:00:00,7131.59,7518.54,7122.47,7501.44,39137.45515,0
2019/12/23 00:00:00,7500.71,7695.38,7265.84,7317.09,68051.9972,0
2019/12/24 00:00:00,7317.3,7436.68,7157.04,7255.77,43629.49419,0
2019/12/25 00:00:00,7255.77,7271.77,7128.86,7204.63,27492.04432,0
2019/12/26 00:00:00,7205.01,7435,7157.12,7202,36259.76108,0
2019/12/27 00:00:00,7202,7275.86,7076.42,7254.74,33642.70186,0
2019/12/28 00:00:00,7254.77,7365.01,7238.67,7316.14,26848.9822,0
2019/12/29 00:00:00,7315.36,7528.45,7288,7388.24,31387.10609,0
2019/12/30 00:00:00,7388.43,7408.24,7220,7246,29605.91178,0
2019/12/31 00:00:00,7246,7320,7145.01,7195.23,25954.45353,0
2020/01/01 00:00:00,7195.24,7255,7175.15,7200.85,16792.38817,0
2020/01/02 00:00:00,7200.77,7212.5,6924.74,6965.71,31951.48393,0
2020/01/03 00:00:00,6965.49,7405,6871.04,7344.96,68428.50045,0
2020/01/04 00:00:00,7345,7404,7272.21,7354.11,29987.97498,0
2020/01/05 00:00:00,7354.19,7495,7318,7358.75,38331.0856,0
2020/01/06 00:00:00,7357.64,7795.34,7346.76,7758,54635.69532,0
2020/01/07 00:00:00,7758.9,8207.68,7723.71,8145.28,91171.68466,0
2020/01/08 00:00:00,8145.92,8455,7870,8055.98,112622.6426,0
2020/01/09 00:00:00,8054.72,8055.96,7750,7817.76,64239.51983,0
2020/01/10 00:00:00,7817.74,8199,7672,8197.02,82406.77745,0
2020/01/11 00:00:00,8198.86,8286.34,8003.16,8020.01,54810.03267,0
2020/01/12 00:00:00,8020.01,8197,7960,8184.98,38131.49434,0
2020/01/13 00:00:00,8184.97,8196,8055.89,8110.34,31159.75568,0
2020/01/14 00:00:00,8110.34,8880,8105.54,8810.01,120399.1267,0
2020/01/15 00:00:00,8814.64,8916.48,8564,8821.41,84816.29761,0
2020/01/16 00:00:00,8820.01,8859.81,8586,8720.01,51991.07428,0
2020/01/17 00:00:00,8720.15,9041.65,8672.44,8913.28,70897.73738,0
2020/01/18 00:00:00,8913.27,8988.88,8806.38,8915.96,38294.74655,0
2020/01/19 00:00:00,8915.09,9198.98,8466,8701.7,70676.88926,0
2020/01/20 00:00:00,8701.72,8746.99,8521.28,8642.35,38896.63975,0
2020/01/21 00:00:00,8642.35,8789,8488,8736.03,36494.68766,0
2020/01/22 00:00:00,8736.04,8818,8590,8682.36,29080.55714,0
2020/01/23 00:00:00,8682.77,8691.81,8306.39,8404.52,48165.9446,0
2020/01/24 00:00:00,8404.52,8528.02,8238,8439,41687.52953,0
2020/01/25 00:00:00,8438.99,8451.26,8254.9,8340.58,25521.15793,0
2020/01/26 00:00:00,8340.01,8618.13,8293.66,8615,31130.48516,0
2020/01/27 00:00:00,8614.39,9000,8535,8907.57,53973.543,0
2020/01/28 00:00:00,8907.57,9400,8862.4,9374.21,74584.85377,0
2020/01/29 00:00:00,9375.34,9449.24,9216,9301.53,53864.06512,0
2020/01/30 00:00:00,9301.57,9578,9204.44,9513.21,60626.74426,0
2020/01/31 00:00:00,9511.52,9530.22,9210.01,9352.89,45552.02235,0
2020/02/01 00:00:00,9351.71,9464.53,9281,9384.61,28578.06735,0
2020/02/02 00:00:00,9384.41,9477.03,9120,9331.51,45690.91254,0
2020/02/03 00:00:00,9331.59,9618.79,9234,9292.24,50892.13345,0
2020/02/04 00:00:00,9291.35,9350,9093.01,9197.02,53308.17527,0
2020/02/05 00:00:00,9197.02,9744.45,9177.22,9612.04,64870.41562,0
2020/02/06 00:00:00,9612.03,9862.57,9526.35,9772,64949.70659,0
2020/02/07 00:00:00,9772,9885,9730,9813.73,43966.11463,0
2020/02/08 00:00:00,9813.87,9940,9667.11,9895.05,43600.84367,0
2020/02/09 00:00:00,9895.04,10166,9880.75,10151.75,43408.47562,0
2020/02/10 00:00:00,10151.72,10188,9756,9851.83,59573.08462,0
2020/02/11 00:00:00,9851.74,10323.59,9700,10223.08,62422.39522,0
2020/02/12 00:00:00,10223.08,10450,10223.08,10326.46,61008.06393,0
2020/02/13 00:00:00,10325.33,10500,10080,10229.63,79344.35876,0
2020/02/14 00:00:00,10227.78,10381.56,10111.37,10344.36,47038.48017,0
2020/02/15 00:00:00,10344.36,10375,9801,9904.72,57657.20295,0
2020/02/16 00:00:00,9904.46,10050,9638.12,9917.27,60023.99954,0
2020/02/17 00:00:00,9910.7,9964.16,9452.67,9706,70261.0119,0
2020/02/18 00:00:00,9706,10250,9576.01,10164.71,70604.12402,0
2020/02/19 00:00:00,10164.78,10250,9350,9593.79,55162.5869,0
2020/02/20 00:00:00,9594.65,9699,9400,9596.42,60152.34291,0
2020/02/21 00:00:00,9597.21,9755.51,9550.21,9677.05,42181.55452,0
2020/02/22 00:00:00,9677.05,9709.17,9560.02,9650.86,24636.75762,0
2020/02/23 00:00:00,9650.85,9990,9645,9936.4,37702.08984,0
2020/02/24 00:00:00,9936.4,9990,9473.56,9656.13,55796.59612,0
2020/02/25 00:00:00,9655.52,9675,9250,9315.84,54379.34455,0
2020/02/26 00:00:00,9316.48,9377.44,8633.63,8785.25,92130.34548,0
2020/02/27 00:00:00,8786,8971.77,8531,8823.21,72483.57876,0
2020/02/28 00:00:00,8823.25,8900,8445,8692.91,71155.20898,0
2020/02/29 00:00:00,8690.8,8790,8523.55,8523.61,36748.18304,0
2020/03/01 00:00:00,8523.61,8750,8411,8531.88,43892.20178,0
2020/03/02 00:00:00,8530.3,8965.75,8498,8915.24,60401.31773,0
2020/03/03 00:00:00,8911.18,8919.65,8651,8760.07,55154.99728,0
2020/03/04 00:00:00,8760.07,8848.29,8660,8750.87,38696.48258,0
2020/03/05 00:00:00,8750.99,9159.42,8746.54,9054.68,58201.86636,0
2020/03/06 00:00:00,9054.64,9170,8985.5,9131.88,43782.94804,0
2020/03/07 00:00:00,9130.89,9188,8835,8886.66,45422.20453,0
2020/03/08 00:00:00,8885.25,8886.76,8000,8033.31,77537.31517,0
2020/03/09 00:00:00,8034.76,8179.31,7632.01,7929.87,116968.8633,0
2020/03/10 00:00:00,7929.87,8149,7728.01,7894.56,86783.44388,0
2020/03/11 00:00:00,7894.57,7980,7590,7934.52,79942.41117,0
2020/03/12 00:00:00,7934.58,7966.17,4410,4800,261505.6087,0
2020/03/13 00:00:00,4800.01,5955,3782.13,5578.6,402201.6738,0
2020/03/14 00:00:00,5576.05,5640.52,5055.13,5172.06,136910.136,0
2020/03/15 00:00:00,5172.48,5940,5093.1,5361.3,139916.1465,0
2020/03/16 00:00:00,5360.33,5365.42,4442.12,5028.97,227276.9228,0
2020/03/17 00:00:00,5028.86,5525,4921.45,5312.64,150089.9263,0
2020/03/18 00:00:00,5312.64,5436.17,5009.37,5393.04,137127.6349,0
2020/03/19 00:00:00,5393.26,6400,5252.53,6162.37,199020.8734,0
2020/03/20 00:00:00,6162.05,6900,5670,6208.36,219298.3295,0
2020/03/21 00:00:00,6204.57,6456.98,5860.02,6186.98,128913.6684,0
2020/03/22 00:00:00,6187.04,6407.87,5734.01,5816.19,119115.9905,0
2020/03/23 00:00:00,5816.05,6600,5688,6467.31,164674.2158,0
2020/03/24 00:00:00,6465.25,6833,6371.33,6744.72,151138.0099,0
2020/03/25 00:00:00,6744.69,6957.96,6450,6677.43,132155.735,0
2020/03/26 00:00:00,6677.42,6780,6510,6737.36,83026.55521,0
2020/03/27 00:00:00,6737.27,6842.59,6261,6359.11,82914.96835,0
2020/03/28 00:00:00,6359.11,6360,6024,6236.65,93159.69343,0
2020/03/29 00:00:00,6236.65,6266,5866.56,5881.42,63311.62771,0
2020/03/30 00:00:00,5880.5,6599,5857.76,6394.38,118889.55,0
2020/03/31 00:00:00,6394.45,6523.23,6321.4,6410.44,72337.59526,0
2020/04/01 00:00:00,6412.14,6679.94,6150.11,6642.92,97500.7524,0
2020/04/02 00:00:00,6643.36,7198,6551,6794.09,149299.9069,0
2020/04/03 00:00:00,6793.86,7048,6602.1,6734.1,104080.2769,0
2020/04/04 00:00:00,6732.97,6990.41,6650.01,6856.99,72990.86114,0
2020/04/05 00:00:00,6857.41,6895.54,6677.52,6772.78,49685.35698,0
2020/04/06 00:00:00,6772.78,7355.14,6765,7329.9,118052.0008,0
2020/04/07 00:00:00,7329.9,7459.69,7077,7197.32,103585.1689,0
2020/04/08 00:00:00,7197.32,7420,7150,7361.28,76059.14584,0
2020/04/09 00:00:00,7360.26,7371.92,7108.08,7283.54,61094.87242,0
2020/04/10 00:00:00,7283.54,7295.75,6739.98,6858.92,104674.6234,0
2020/04/11 00:00:00,6858.92,6944.3,6760,6876.83,45470.29321,0
2020/04/12 00:00:00,6876.84,7177,6780,6903.79,73868.6665,0
2020/04/13 00:00:00,6903.79,6903.79,6575,6837.91,96415.47657,0
2020/04/14 00:00:00,6838.04,6978,6754.28,6868.7,69068.62329,0
2020/04/15 00:00:00,6868.57,6933,6605,6621.24,61571.38499,0
2020/04/16 00:00:00,6621.25,7190,6468.27,7101.94,125009.8575,0
2020/04/17 00:00:00,7101.99,7148.12,6972.98,7027.55,54126.50976,0
2020/04/18 00:00:00,7026.78,7293.08,7014.4,7248.6,49488.54282,0
2020/04/19 00:00:00,7248.6,7266.15,7055.6,7120.74,45664.86393,0
2020/04/20 00:00:00,7121.4,7220,6751,6826.83,90149.49137,0
2020/04/21 00:00:00,6828.98,6940,6762,6841.37,60109.71081,0
2020/04/22 00:00:00,6841.36,7156.38,6818,7125.14,61486.37733,0
2020/04/23 00:00:00,7125.12,7738,7020,7482.39,102773.5696,0
2020/04/24 00:00:00,7483.96,7615.96,7388,7505,60182.11994,0
2020/04/25 00:00:00,7505,7705,7431.07,7538.67,43874.42773,0
2020/04/26 00:00:00,7539.03,7700,7480,7693.1,50522.61621,0
2020/04/27 00:00:00,7693.1,7792.02,7606,7774.62,65441.33958,0
2020/04/28 00:00:00,7773.51,7780,7659.12,7738.98,46302.75264,0
2020/04/29 00:00:00,7738.58,8952.89,7710.05,8778.57,183546.8875,0
2020/04/30 00:00:00,8778.58,9460,8401,8620,206277.2141,0
2020/05/01 00:00:00,8620,9059.18,8613.56,8826.96,91468.81506,0
2020/05/02 00:00:00,8825.67,9010,8753,8972.05,59002.08755,0
2020/05/03 00:00:00,8972.58,9200,8712,8894.16,90126.06564,0
2020/05/04 00:00:00,8894.15,8950,8522,8871.96,84418.51233,0
2020/05/05 00:00:00,8871.92,9118.58,8760,9021.83,76480.76534,0
2020/05/06 00:00:00,9021.36,9395,8906.21,9142.92,105925.3024,0
2020/05/07 00:00:00,9143.4,10067,9021,9986.4,147154.6114,0
2020/05/08 00:00:00,9986.3,10035.96,9705,9800.01,100683.7964,0
2020/05/09 00:00:00,9800.02,9914.25,9520,9539.4,81950.67957,0
2020/05/10 00:00:00,9539.1,9574.83,8117,8722.77,183865.182,0
2020/05/11 00:00:00,8722.77,9168,8200,8561.52,168807.2518,0
2020/05/12 00:00:00,8562.04,8978.26,8528.78,8810.79,86522.78007,0
2020/05/13 00:00:00,8810.99,9398,8792.99,9309.37,92466.27402,0
2020/05/14 00:00:00,9309.35,9939,9256.76,9791.98,129565.3775,0
2020/05/15 00:00:00,9791.97,9845.62,9150,9316.42,115890.7615,0
2020/05/16 00:00:00,9315.96,9588,9220,9381.27,59587.62786,0
2020/05/17 00:00:00,9380.81,9888,9322.1,9680.04,68647.76432,0
2020/05/18 00:00:00,9681.11,9950,9464.23,9733.93,82006.60358,0
2020/05/19 00:00:00,9733.93,9897.21,9474,9775.53,78539.76045,0
2020/05/20 00:00:00,9775.13,9842,9326,9511.43,74923.73809,0
2020/05/21 00:00:00,9511.43,9578.47,8815,9068.65,108928.781,0
2020/05/22 00:00:00,9067.51,9271,8933.52,9170,58943.13102,0
2020/05/23 00:00:00,9170,9307.85,9070,9179.15,43526.29697,0
2020/05/24 00:00:00,9179.01,9298,8700,8720.34,70379.86645,0
2020/05/25 00:00:00,8718.14,8979.66,8642.72,8900.35,62833.91095,0
2020/05/26 00:00:00,8900.35,9017.67,8700,8841.18,58299.77014,0
2020/05/27 00:00:00,8841,9225,8811.73,9204.07,68910.35551,0
2020/05/28 00:00:00,9204.07,9625.47,9110,9575.89,74110.78766,0
2020/05/29 00:00:00,9575.87,9605.26,9330,9427.07,57374.36296,0
2020/05/30 00:00:00,9426.6,9740,9331.23,9697.72,55665.27254,0
2020/05/31 00:00:00,9697.72,9700,9381.41,9448.27,48333.7864,0
2020/06/01 00:00:00,9448.27,10380,9421.67,10200.77,76649.12696,0
2020/06/02 00:00:00,10202.71,10228.99,9266,9518.04,108970.7732,0
2020/06/03 00:00:00,9518.02,9690,9365.21,9666.24,46252.64494,0
2020/06/04 00:00:00,9666.32,9881.63,9450,9789.06,57456.10097,0
2020/06/05 00:00:00,9788.14,9854.75,9581,9621.16,47788.05005,0
2020/06/06 00:00:00,9621.17,9735,9531.05,9666.3,32752.95089,0
2020/06/07 00:00:00,9666.85,9802,9372.46,9746.99,57952.84839,0
2020/06/08 00:00:00,9746.99,9800,9633,9782.01,40664.66413,0
2020/06/09 00:00:00,9782,9877,9570,9772.43,46024.00129,0
2020/06/10 00:00:00,9772.44,9992.72,9704.18,9885,47130.76298,0
2020/06/11 00:00:00,9885.22,9964,9113,9280.4,94418.98473,0
2020/06/12 00:00:00,9278.88,9557.12,9232.51,9465.13,50119.06693,0
2020/06/13 00:00:00,9464.96,9494.73,9351,9473.34,27759.78485,0
2020/06/14 00:00:00,9473.34,9480.99,9245,9342.1,30055.50661,0
2020/06/15 00:00:00,9342.1,9495,8910.45,9426.02,86107.92471,0
2020/06/16 00:00:00,9426.05,9589,9373.09,9525.59,52052.44693,0
2020/06/17 00:00:00,9526.97,9565,9236.61,9465.14,48046.41115,0
2020/06/18 00:00:00,9465.13,9489,9280,9386.32,37381.95377,0
2020/06/19 00:00:00,9386.32,9438.3,9215.79,9310.23,45330.98367,0
2020/06/20 00:00:00,9310.23,9395,9170.95,9358.95,30329.06538,0
2020/06/21 00:00:00,9358.95,9422,9281.54,9294.69,24316.92623,0
2020/06/22 00:00:00,9294.69,9780,9277.09,9685.69,57895.46834,0
2020/06/23 00:00:00,9685.69,9720,9577.03,9624.89,41031.02938,0
2020/06/24 00:00:00,9624.33,9670,9208,9296.49,61571.56146,0
2020/06/25 00:00:00,9298.33,9340,9009.69,9249.49,55831.61916,0
2020/06/26 00:00:00,9249.49,9298,9045.45,9162.21,50292.29828,0
2020/06/27 00:00:00,9162.21,9196.24,8833,9012,46290.93011,0
2020/06/28 00:00:00,9012,9191,8948.06,9116.35,30688.17642,0
2020/06/29 00:00:00,9116.16,9238,9024.67,9192.56,42120.29326,0
2020/06/30 00:00:00,9192.93,9205,9064.89,9138.55,31463.1628,0
2020/07/01 00:00:00,9138.08,9292,9080.1,9232,38488.5287,0
2020/07/02 00:00:00,9231.99,9261.96,8940,9086.54,45725.16808,0
2020/07/03 00:00:00,9086.54,9125,9037.47,9058.26,28943.42018,0
2020/07/04 00:00:00,9057.79,9190,9040.04,9135.46,26441.96848,0
2020/07/05 00:00:00,9135,9145.24,8893.03,9069.41,34073.65363,0
2020/07/06 00:00:00,9069.41,9375,9055.92,9344.2,54463.13228,0
2020/07/07 00:00:00,9342.47,9379.42,9203,9257.39,34587.33668,0
2020/07/08 00:00:00,9257.4,9470,9231,9436.06,56140.51778,0
2020/07/09 00:00:00,9436.06,9440.79,9160,9232.43,48044.45065,0
2020/07/10 00:00:00,9232.42,9317.48,9125,9288.34,38295.49401,0
2020/07/11 00:00:00,9288.34,9299.28,9178.25,9234.03,22561.366,0
2020/07/12 00:00:00,9234.02,9345,9157.5,9302.75,30872.70229,0
2020/07/13 00:00:00,9303.31,9343.82,9200.89,9242.62,42740.06912,0
2020/07/14 00:00:00,9242.61,9279.54,9113,9255.85,45772.55251,0
2020/07/15 00:00:00,9255.85,9276.49,9160.57,9197.6,39053.57967,0
2020/07/16 00:00:00,9197.6,9226.15,9047.25,9133.72,43375.57119,0
2020/07/17 00:00:00,9133.72,9186.83,9089.81,9154.32,28054.35874,0
2020/07/18 00:00:00,9154.31,9219.3,9121.1,9170.28,22554.54146,0
2020/07/19 00:00:00,9170.3,9232.27,9101.35,9208.99,26052.01942,0
2020/07/20 00:00:00,9208.99,9221.52,9131,9160.78,35458.76408,0
2020/07/21 00:00:00,9160.78,9437.73,9152.8,9390,60413.58249,0
2020/07/22 00:00:00,9390,9544,9261,9518.16,48815.00411,0
2020/07/23 00:00:00,9518.16,9664,9440.33,9603.27,51856.2335,0
2020/07/24 00:00:00,9603.27,9637,9463.44,9537.8,43931.13621,0
2020/07/25 00:00:00,9538.1,9732.9,9513,9700.42,40679.54542,0
2020/07/26 00:00:00,9700.42,10111,9650,9931.54,65279.26932,0
2020/07/27 00:00:00,9931.54,11394.86,9917.21,11029.96,150188.9331,0
2020/07/28 00:00:00,11029.96,11242.23,10565,10906.27,97267.73419,0
2020/07/29 00:00:00,10906.27,11342.82,10812,11100.53,76838.09423,0
2020/07/30 00:00:00,11100.52,11170,10831,11099.61,60794.82646,0
2020/07/31 00:00:00,11099.79,11444,10960,11335.46,70063.66097,0
2020/08/01 00:00:00,11335.46,11861,11220,11801.17,85087.48513,0
2020/08/02 00:00:00,11801.17,12123.46,10518.5,11071.35,97553.0776,0
2020/08/03 00:00:00,11071.36,11473,10936,11219.81,56931.84148,0
2020/08/04 00:00:00,11219.68,11414.98,11000,11191.97,58629.11371,0
2020/08/05 00:00:00,11191.99,11780.93,11093,11744.91,74970.25685,0
2020/08/06 00:00:00,11744.91,11900,11562.5,11762.46,63529.08502,0
2020/08/07 00:00:00,11762.47,11909.94,11322,11594.23,65755.92602,0
2020/08/08 00:00:00,11594.36,11808.27,11512,11761.41,41858.16104,0
2020/08/09 00:00:00,11761.02,11797.11,11521.97,11681.68,41493.06734,0
2020/08/10 00:00:00,11681.69,12067.35,11450,11892.92,84952.33789,0
2020/08/11 00:00:00,11892.9,11935,11125,11392.08,90748.28463,0
2020/08/12 00:00:00,11392.09,11617.52,11150,11564.33,64909.61364,0
2020/08/13 00:00:00,11564.34,11792.96,11270.36,11780,70132.4915,0
2020/08/14 00:00:00,11779.77,11850,11634.03,11760.54,59818.8527,0
2020/08/15 00:00:00,11760.55,11980,11680,11852.4,56237.90505,0
2020/08/16 00:00:00,11852.4,11931.72,11686,11911,41368.23691,0
2020/08/17 00:00:00,11910.99,12468,11769.78,12281.13,84734.21154,0
2020/08/18 00:00:00,12281.15,12387.77,11817.93,11945.01,75923.83553,0
2020/08/19 00:00:00,11945.1,12020.08,11561,11754.59,73940.16961,0
2020/08/20 00:00:00,11754.38,11888,11668,11853.55,46085.25435,0
2020/08/21 00:00:00,11853.54,11878,11485.81,11531.34,64448.30614,0
2020/08/22 00:00:00,11531.23,11686,11376.81,11662.96,43678.70165,0
2020/08/23 00:00:00,11663.51,11718.07,11514.13,11648.13,37900.00469,0
2020/08/24 00:00:00,11648.12,11824.9,11585.09,11748.2,46212.39187,0
2020/08/25 00:00:00,11748.19,11767.85,11117.64,11318.42,69590.92327,0
2020/08/26 00:00:00,11318.42,11539.32,11244,11461.43,53998.23123,0
2020/08/27 00:00:00,11461.42,11592.2,11125,11330.38,63246.03638,0
2020/08/28 00:00:00,11330.38,11542.65,11276.89,11526.91,45953.90837,0
2020/08/29 00:00:00,11526.9,11580.02,11417.04,11465.84,32973.7992,0
2020/08/30 00:00:00,11465.84,11719,11458,11711.16,43177.87905,0
2020/08/31 00:00:00,11711.17,11800.77,11570,11649.51,55353.61774,0
2020/09/01 00:00:00,11649.51,12050.85,11515,11921.97,78148.19367,0
2020/09/02 00:00:00,11921.97,11954.57,11160.1,11388.54,87221.8456,0
2020/09/03 00:00:00,11388.54,11462.6,9960.8,10140.85,121950.106,0
2020/09/04 00:00:00,10138.29,10627.05,9875.5,10446.25,92733.59911,0
2020/09/05 00:00:00,10446.25,10565.68,9825,10166.69,90001.60557,0
2020/09/06 00:00:00,10166.69,10347.14,9994.86,10256.2,56368.78882,0
2020/09/07 00:00:00,10255.89,10410.75,9875,10373.44,62620.23068,0
2020/09/08 00:00:00,10373.45,10438,9850,10126.65,73491.87842,0
2020/09/09 00:00:00,10126.66,10343,9981.01,10219.2,49347.11378,0
2020/09/10 00:00:00,10219.29,10483.35,10070.83,10336.87,58253.75375,0
2020/09/11 00:00:00,10336.86,10397.6,10200,10387.89,43830.25447,0
2020/09/12 00:00:00,10387.89,10477.97,10269.25,10440.92,35379.1531,0
2020/09/13 00:00:00,10440.67,10580.11,10200,10332.83,43837.60987,0
2020/09/14 00:00:00,10332.84,10750,10212.34,10671.77,67059.29136,0
2020/09/15 00:00:00,10671.77,10930.04,10606.48,10785.31,61822.45279,0
2020/09/16 00:00:00,10785.23,11093,10661.22,10954.01,64991.51244,0
2020/09/17 00:00:00,10954.01,11045.46,10745.83,10939.99,55601.61453,0
2020/09/18 00:00:00,10940,11038.03,10812.84,10933.39,47266.72828,0
2020/09/19 00:00:00,10933.4,11179.79,10887.37,11080.65,38440.03686,0
2020/09/20 00:00:00,11080.64,11080.64,10723,10920.28,39157.92257,0
2020/09/21 00:00:00,10920.28,10988.86,10296.35,10417.22,70683.43118,0
2020/09/22 00:00:00,10417.22,10572.71,10353,10529.61,43991.23548,0
2020/09/23 00:00:00,10529.61,10537.15,10136.82,10241.46,51876.56808,0
2020/09/24 00:00:00,10241.46,10795.24,10190.93,10736.32,57676.61943,0
2020/09/25 00:00:00,10736.33,10760.53,10556.24,10686.67,48101.11701,0
2020/09/26 00:00:00,10686.57,10820.94,10644.68,10728.6,28420.83666,0
2020/09/27 00:00:00,10728.59,10799,10594.82,10774.25,30549.48325,0
2020/09/28 00:00:00,10774.26,10950,10626,10696.12,50095.25173,0
2020/09/29 00:00:00,10696.11,10867.54,10635.87,10840.48,41874.8984,0
2020/09/30 00:00:00,10840.58,10849.34,10665.13,10776.59,39596.02732,0
2020/10/01 00:00:00,10776.59,10920,10437,10619.13,60866.33289,0
2020/10/02 00:00:00,10619.13,10664.64,10374,10570.4,50130.39371,0
2020/10/03 00:00:00,10570.4,10603.56,10496.46,10542.06,22298.22134,0
2020/10/04 00:00:00,10542.07,10696.87,10517.87,10666.63,23212.0016,0
2020/10/05 00:00:00,10666.62,10798,10615.64,10792.21,34025.76165,0
2020/10/06 00:00:00,10792.2,10800,10525,10599.66,48674.74047,0
2020/10/07 00:00:00,10599.65,10681.87,10546.17,10666.39,32811.99028,0
2020/10/08 00:00:00,10666.4,10950,10530.41,10925.57,51959.69157,0
2020/10/09 00:00:00,10925.44,11104.64,10829,11050.64,48240.07324,0
2020/10/10 00:00:00,11050.64,11491,11050.51,11293.22,43648.03694,0
2020/10/11 00:00:00,11293.22,11445,11221,11369.02,29043.85134,0
2020/10/12 00:00:00,11369.02,11720.01,11172,11528.25,52825.28371,0
2020/10/13 00:00:00,11528.24,11557,11300,11420.56,42205.28371,0
2020/10/14 00:00:00,11420.57,11547.98,11280,11417.89,41415.10602,0
2020/10/15 00:00:00,11417.89,11617.34,11250.83,11505.12,48760.71768,0
2020/10/16 00:00:00,11505.13,11541.15,11200,11319.32,48797.7495,0
2020/10/17 00:00:00,11319.24,11402.42,11255,11360.2,22368.91524,0
2020/10/18 00:00:00,11360.31,11505,11346.22,11503.14,23284.04119,0
2020/10/19 00:00:00,11503.14,11823.99,11407.96,11751.47,47414.53469,0
2020/10/20 00:00:00,11751.46,12038.38,11677.59,11909.99,62134.75066,0
2020/10/21 00:00:00,11910,13217.68,11886.95,12780.96,114584.4568,0
2020/10/22 00:00:00,12780.75,13185,12678.08,12968.52,70038.82414,0
2020/10/23 00:00:00,12968.84,13027.69,12720.08,12923.07,50386.99984,0
2020/10/24 00:00:00,12923.06,13166.73,12870,13111.73,35952.20907,0
2020/10/25 00:00:00,13111.73,13350,12888,13028.83,38481.5795,0
2020/10/26 00:00:00,13029.64,13238.81,12765,13052.19,60951.67299,0
2020/10/27 00:00:00,13052.15,13789.29,13019.87,13636.17,80796.554,0
2020/10/28 00:00:00,13636.16,13859.48,12888,13266.4,94440.56123,0
2020/10/29 00:00:00,13266.4,13642.91,12920.77,13455.7,74872.60213,0
2020/10/30 00:00:00,13455.69,13669.98,13115,13560.1,70657.77888,0
2020/10/31 00:00:00,13560.1,14100,13411.5,13791,67339.23852,0
2020/11/01 00:00:00,13791,13895,13603,13761.5,36285.64853,0
2020/11/02 00:00:00,13761.49,13830,13195.05,13549.37,64566.42191,0
2020/11/03 00:00:00,13549.63,14066.11,13284.99,14023.53,74115.63079,0
2020/11/04 00:00:00,14023.53,14259,13525,14144.01,93016.98826,0
2020/11/05 00:00:00,14144.01,15750,14093.56,15590.02,143741.5227,0
2020/11/06 00:00:00,15590.02,15960,15166,15579.92,122618.1977,0
2020/11/07 00:00:00,15579.93,15753.52,14344.22,14818.3,101431.2066,0
2020/11/08 00:00:00,14818.3,15650,14703.88,15475.1,65547.17857,0
2020/11/09 00:00:00,15475.1,15840,14805.54,15328.41,108976.3341,0
2020/11/10 00:00:00,15328.41,15460,15072.46,15297.21,61681.91961,0
2020/11/11 00:00:00,15297.21,15965,15272.68,15684.24,78469.74646,0
2020/11/12 00:00:00,15684.25,16340.7,15440.64,16291.86,102196.3566,0
2020/11/13 00:00:00,16291.85,16480,15952.35,16320.7,75691.88101,0
2020/11/14 00:00:00,16320.04,16326.99,15670,16070.45,59116.34718,0
2020/11/15 00:00:00,16069.56,16180,15774.72,15957,43596.84151,0
2020/11/16 00:00:00,15957,16880,15864,16713.57,81300.67592,0
2020/11/17 00:00:00,16713.08,17858.82,16538,17659.38,115221.4031,0
2020/11/18 00:00:00,17659.38,18476.93,17214.45,17776.12,149019.7881,0
2020/11/19 00:00:00,17777.75,18179.8,17335.65,17802.82,93009.56101,0
2020/11/20 00:00:00,17802.81,18815.22,17740.04,18655.67,88423.01849,0
2020/11/21 00:00:00,18655.66,18965.9,18308.58,18703.8,75577.45839,0
2020/11/22 00:00:00,18703.8,18750,17610.86,18414.43,81645.73778,0
2020/11/23 00:00:00,18413.88,18766,18000,18368,82961.50609,0
2020/11/24 00:00:00,18368.01,19418.97,18018,19160.01,113581.5092,0
2020/11/25 00:00:00,19160,19484.21,18500.27,18719.11,93266.57689,0
2020/11/26 00:00:00,18718.83,18915.03,16188,17149.47,181005.2467,0
2020/11/27 00:00:00,17149.47,17457.62,16438.08,17139.52,85297.02479,0
2020/11/28 00:00:00,17139.53,17880.49,16865.56,17719.85,64910.69997,0
2020/11/29 00:00:00,17719.84,18360.05,17517,18184.99,55329.0163,0
2020/11/30 00:00:00,18185,19863.16,18184.99,19695.87,115463.4669,0
2020/12/01 00:00:00,19695.87,19888,18001.12,18764.96,127698.7627,0
2020/12/02 00:00:00,18764.96,19342,18330,19204.09,75911.01348,0
2020/12/03 00:00:00,19204.08,19598,18867.2,19421.9,66689.39128,0
2020/12/04 00:00:00,19422.34,19527,18565.31,18650.52,71283.6682,0
2020/12/05 00:00:00,18650.51,19177,18500,19147.66,42922.74857,0
2020/12/06 00:00:00,19147.66,19420,18857,19359.4,37043.09186,0
2020/12/07 00:00:00,19358.67,19420.91,18902.88,19166.9,41372.29629,0
2020/12/08 00:00:00,19166.9,19294.84,18200,18324.11,61626.94761,0
2020/12/09 00:00:00,18324.11,18639.57,17650,18541.28,79585.5538,0
2020/12/10 00:00:00,18541.29,18557.32,17911.12,18254.63,52890.67509,0
2020/12/11 00:00:00,18254.81,18292.73,17572.33,18036.53,72610.72426,0
2020/12/12 00:00:00,18036.53,18948.66,18020.7,18808.69,49519.97843,0
2020/12/13 00:00:00,18808.69,19411,18711.12,19174.99,56560.82174,0
2020/12/14 00:00:00,19174.99,19349,19000,19273.14,47257.20129,0
2020/12/15 00:00:00,19273.69,19570,19050,19426.43,61834.36601,0
2020/12/16 00:00:00,19426.43,21560,19278.6,21335.52,114306.3356,0
2020/12/17 00:00:00,21335.52,23800,21230,22797.16,184882.4767,0
2020/12/18 00:00:00,22797.15,23285.18,22350,23107.39,79646.13432,0
2020/12/19 00:00:00,23107.39,24171.47,22750,23821.61,86045.06468,0
2020/12/20 00:00:00,23821.6,24295,23060,23455.52,76690.14569,0
2020/12/21 00:00:00,23455.54,24102.77,21815,22719.71,88030.29724,0
2020/12/22 00:00:00,22719.88,23837.1,22353.4,23810.79,87033.12616,0
2020/12/23 00:00:00,23810.79,24100,22600,23232.76,119047.2597,0
2020/12/24 00:00:00,23232.39,23794.43,22703.42,23729.2,69013.83425,0
2020/12/25 00:00:00,23728.99,24789.86,23433.6,24712.47,79519.94357,0
2020/12/26 00:00:00,24712.47,26867.03,24500,26493.39,97806.51339,0
2020/12/27 00:00:00,26493.4,28422,25700,26281.66,148455.5862,0
2020/12/28 00:00:00,26281.54,27500,26101,27079.41,79721.7425,0
2020/12/29 00:00:00,27079.42,27410,25880,27385,69411.59261,0
2020/12/30 00:00:00,27385,28996,27320,28875.54,95356.05783,0
2020/12/31 00:00:00,28875.55,29300,27850,28923.63,75508.50515,0
2021/01/01 00:00:00,28923.63,29600,28624.57,29331.69,54182.92501,0
2021/01/02 00:00:00,29331.7,33300,28946.53,32178.33,129993.8734,0
2021/01/03 00:00:00,32176.45,34778.11,31962.99,33000.05,120957.5668,0
2021/01/04 00:00:00,33000.05,33600,28130,31988.71,140899.8857,0
2021/01/05 00:00:00,31989.75,34360,29900,33949.53,116049.997,0
2021/01/06 00:00:00,33949.53,36939.21,33288,36769.36,127139.2013,0
2021/01/07 00:00:00,36769.36,40365,36300,39432.28,132825.7004,0
2021/01/08 00:00:00,39432.48,41950,36500,40582.81,139789.9575,0
2021/01/09 00:00:00,40586.96,41380,38720,40088.22,75785.97968,0
2021/01/10 00:00:00,40088.22,41350,35111.11,38150.02,118209.5445,0
2021/01/11 00:00:00,38150.02,38264.74,30420,35404.47,249131.5399,0
2021/01/12 00:00:00,35410.37,36628,32531,34051.24,133948.152,0
2021/01/13 00:00:00,34049.15,37850,32380,37371.38,124477.9149,0
2021/01/14 00:00:00,37371.38,40100,36701.23,39144.5,102950.3894,0
2021/01/15 00:00:00,39145.21,39747.76,34408,36742.22,118300.9209,0
2021/01/16 00:00:00,36737.43,37950,35357.8,35994.98,86348.43151,0
2021/01/17 00:00:00,35994.98,36852.5,33850,35828.61,80157.72738,0
2021/01/18 00:00:00,35824.99,37469.83,34800,36631.27,70698.11875,0
2021/01/19 00:00:00,36622.46,37850,35844.06,35891.49,79611.30777,0
2021/01/20 00:00:00,35901.94,36415.31,33400,35468.23,89368.42292,0
2021/01/21 00:00:00,35468.23,35600,30071,30850.13,131803.1829,0
2021/01/22 00:00:00,30851.99,33826.53,28850,32945.17,142971.684,0
2021/01/23 00:00:00,32950,33456,31390.16,32078,64595.28768,0
2021/01/24 00:00:00,32078,33071,30900,32259.9,57978.03797,0
2021/01/25 00:00:00,32259.45,34875,31910,32254.2,88499.22692,0
2021/01/26 00:00:00,32254.19,32921.88,30837.37,32467.77,84972.20691,0
2021/01/27 00:00:00,32464.01,32557.29,29241.72,30366.15,95911.96171,0
2021/01/28 00:00:00,30362.19,33783.98,29842.1,33364.86,92621.14562,0
2021/01/29 00:00:00,33368.18,38531.9,31915.4,34252.2,231827.0056,0
2021/01/30 00:00:00,34246.28,34933,32825,34262.88,84889.68134,0
2021/01/31 00:00:00,34262.89,34342.69,32171.67,33092.98,68742.28038,0
2021/02/01 00:00:00,33092.97,34717.27,32296.16,33526.37,82718.27688,0
2021/02/02 00:00:00,33517.09,35984.33,33418,35466.24,78056.65988,0
2021/02/03 00:00:00,35472.71,37662.63,35362.38,37618.87,80784.33366,0
2021/02/04 00:00:00,37620.26,38708.27,36161.95,36936.66,92080.7359,0
2021/02/05 00:00:00,36936.65,38310.12,36570,38290.24,66681.33428,0
2021/02/06 00:00:00,38289.32,40955.51,38215.94,39186.94,98757.31118,0
2021/02/07 00:00:00,39181.01,39700,37351,38795.69,84363.67976,0
2021/02/08 00:00:00,38795.69,46794.45,37988.89,46374.87,138597.5369,0
2021/02/09 00:00:00,46374.86,48142.19,44961.09,46420.42,115499.8617,0
2021/02/10 00:00:00,46420.42,47310,43727,44807.58,97154.1822,0
2021/02/11 00:00:00,44807.58,48678.9,43994.02,47969.51,89561.08145,0
2021/02/12 00:00:00,47968.66,48985.8,46125,47287.6,85870.0357,0
2021/02/13 00:00:00,47298.15,48150,46202.53,47153.69,63768.0974,0
2021/02/14 00:00:00,47156.78,49707.43,47014.17,48577.79,73735.47553,0
2021/02/15 00:00:00,48580.47,49010.92,45570.79,47911.1,79398.15678,0
2021/02/16 00:00:00,47911.1,50689.18,47003.62,49133.45,88813.2663,0
2021/02/17 00:00:00,49133.45,52618.74,48947,52119.71,85743.63782,0
2021/02/18 00:00:00,52117.67,52530,50901.9,51552.6,60758.04695,0
2021/02/19 00:00:00,51552.61,56368,50710.2,55906,79659.77802,0
2021/02/20 00:00:00,55906,57700.46,53863.93,55841.19,80948.20531,0
2021/02/21 00:00:00,55841.19,58352.8,55477.59,57408.57,58166.70851,0
2021/02/22 00:00:00,57412.35,57508.47,47622,54087.67,134019.4349,0
2021/02/23 00:00:00,54087.67,54183.59,44892.56,48891,169375.0251,0
2021/02/24 00:00:00,48891,51374.99,46988.69,49676.2,91881.20925,0
2021/02/25 00:00:00,49676.21,52041.73,46674.34,47073.73,83310.67312,0
2021/02/26 00:00:00,47073.73,48424.11,44106.78,46276.87,109423.2007,0
2021/02/27 00:00:00,46276.88,48394,45000,46106.43,66060.83429,0
2021/02/28 00:00:00,46103.67,46638.46,43000,45135.66,83055.36904,0
2021/03/01 00:00:00,45134.11,49790,44950.53,49587.03,85086.11165,0
2021/03/02 00:00:00,49595.76,50200,47047.6,48440.65,64221.06214,0
2021/03/03 00:00:00,48436.61,52640,48100.71,50349.37,81035.91371,0
2021/03/04 00:00:00,50349.37,51773.88,47500,48374.09,82649.71683,0
2021/03/05 00:00:00,48374.09,49448.93,46300,48751.71,78192.49637,0
2021/03/06 00:00:00,48746.81,49200,47070,48882.2,44399.23424,0
2021/03/07 00:00:00,48882.2,51450.03,48882.2,50971.75,55235.02803,0
2021/03/08 00:00:00,50959.11,52402.78,49274.67,52375.17,66987.35966,0
2021/03/09 00:00:00,52375.18,54895,51789.41,54884.5,71656.73708,0
2021/03/10 00:00:00,54874.67,57387.69,53005,55851.59,84749.23894,0
2021/03/11 00:00:00,55851.59,58150,54272.82,57773.16,81914.81286,0
2021/03/12 00:00:00,57773.15,58081.51,54962.84,57221.72,73405.40605,0
2021/03/13 00:00:00,57221.72,61844,56078.23,61188.39,83245.09135,0
2021/03/14 00:00:00,61188.38,61724.79,58966.78,58968.31,52601.05275,0
2021/03/15 00:00:00,58976.08,60633.43,54600,55605.2,102771.4273,0
2021/03/16 00:00:00,55605.2,56938.29,53271.34,56900.75,77986.69436,0
2021/03/17 00:00:00,56900.74,58974.73,54123.69,58912.97,70421.62084,0
2021/03/18 00:00:00,58912.97,60129.97,57023,57648.16,66580.40668,0
2021/03/19 00:00:00,57641,59468,56270.74,58030.01,52392.65296,0
2021/03/20 00:00:00,58030.01,59880,57820.17,58102.28,44476.94178,0
2021/03/21 00:00:00,58100.02,58589.1,55450.11,57351.56,48564.47027,0
2021/03/22 00:00:00,57351.56,58430.73,53650,54083.25,62581.62617,0
2021/03/23 00:00:00,54083.25,55830.9,53000,54340.89,59789.36543,0
2021/03/24 00:00:00,54342.8,57200,51700,52303.65,83537.46502,0
2021/03/25 00:00:00,52303.66,53287,50427.56,51293.78,87400.53454,0
2021/03/26 00:00:00,51293.78,55073.46,51214.6,55025.59,63813.77469,0
2021/03/27 00:00:00,55025.59,56700.36,53950,55817.14,50105.47506,0
2021/03/28 00:00:00,55817.14,56559.75,54691.84,55777.63,39050.38751,0
2021/03/29 00:00:00,55777.65,58405.82,54800.01,57635.47,67857.9374,0
2021/03/30 00:00:00,57635.46,59368,57071.35,58746.57,55122.44312,0
2021/03/31 00:00:00,58746.57,59800,56769,58740.55,60975.54267,0
2021/04/01 00:00:00,58739.46,59490,57935.45,58720.44,47415.61722,0
2021/04/02 00:00:00,58720.45,60200,58428.57,58950.01,47382.41878,0
2021/04/03 00:00:00,58950.01,59791.72,56880,57051.94,47409.85211,0
2021/04/04 00:00:00,57051.95,58492.85,56388,58202.01,41314.08197,0
2021/04/05 00:00:00,58202.01,59272,56777.77,59129.99,54258.01579,0
2021/04/06 00:00:00,59129.99,59495.24,57413.02,57991.15,54201.00073,0
2021/04/07 00:00:00,57990.03,58655,55473,55953.45,71228.40566,0
2021/04/08 00:00:00,55953.44,58153.31,55700,58077.52,44283.14702,0
2021/04/09 00:00:00,58077.52,58894.9,57654,58142.54,40831.88491,0
2021/04/10 00:00:00,58142.55,61500,57900.01,59769.13,69906.42412,0
2021/04/11 00:00:00,59769.13,60699,59232.52,60002.43,41156.71539,0
2021/04/12 00:00:00,59998.8,61300,59350.59,59860,56375.03712,0
2021/04/13 00:00:00,59860.01,63777.77,59805.15,63575,82848.68875,0
2021/04/14 00:00:00,63575.01,64854,61301,62959.53,82616.34399,0
2021/04/15 00:00:00,62959.53,63800,62020,63159.98,51649.70034,0
2021/04/16 00:00:00,63158.74,63520.61,60000,61334.8,91764.13988,0
2021/04/17 00:00:00,61334.81,62506.05,59580.91,60006.66,58912.25613,0
2021/04/18 00:00:00,60006.67,60499,50931.3,56150.01,124882.1318,0
2021/04/19 00:00:00,56150.01,57526.81,54221.58,55633.14,78229.04227,0
2021/04/20 00:00:00,55633.14,57076.24,53329.96,56425,72744.48215,0
2021/04/21 00:00:00,56425,56757.91,53536.02,53787.63,66984.75691,0
2021/04/22 00:00:00,53787.62,55521.48,50500,51690.96,104656.6313,0
2021/04/23 00:00:00,51690.95,52131.85,47500,51125.14,132230.7807,0
2021/04/24 00:00:00,51110.56,51166.22,48657.14,50047.84,55361.51257,0
2021/04/25 00:00:00,50047.84,50567.91,46930,49066.77,58255.645,0
2021/04/26 00:00:00,49066.76,54356.62,48753.44,54001.39,86310.80212,0
2021/04/27 00:00:00,54001.38,55460,53222,55011.97,54064.03468,0
2021/04/28 00:00:00,55011.97,56428,53813.16,54846.22,55130.45902,0
2021/04/29 00:00:00,54846.23,55195.84,52330.94,53555,52486.01946,0
2021/04/30 00:00:00,53555,57963,53013.01,57694.27,68578.91005,0
2021/05/01 00:00:00,57697.25,58458.07,56956.14,57800.37,42600.35184,0
2021/05/02 00:00:00,57797.35,57911.02,56035.25,56578.21,36812.87886,0
2021/05/03 00:00:00,56578.21,58981.44,56435,57169.39,57649.93129,0
2021/05/04 00:00:00,57169.39,57200,53046.69,53200.01,85324.6259,0
2021/05/05 00:00:00,53205.05,58069.82,52900,57436.11,77263.92344,0
2021/05/06 00:00:00,57436.11,58360,55200,56393.68,70181.67191,0
2021/05/07 00:00:00,56393.68,58650,55241.63,57314.75,74542.74783,0
2021/05/08 00:00:00,57315.49,59500,56900,58862.05,69709.90603,0
2021/05/09 00:00:00,58866.53,59300,56235.66,58240.84,69806.11991,0
2021/05/10 00:00:00,58240.83,59500,53400,55816.14,89586.34925,0
2021/05/11 00:00:00,55816.14,56862.43,54370,56670.02,64329.54055,0
2021/05/12 00:00:00,56670.02,58000.01,48600,49631.32,99842.78984,0
2021/05/13 00:00:00,49537.15,51367.19,46000,49670.97,147332.0021,0
2021/05/14 00:00:00,49671.92,51483,48799.75,49841.45,80082.20431,0
2021/05/15 00:00:00,49844.16,50700,46555,46762.99,89437.44936,0
2021/05/16 00:00:00,46762.99,49795.89,43825.39,46431.5,114269.8128,0
2021/05/17 00:00:00,46426.83,46686,42001,43538.04,166657.1727,0
2021/05/18 00:00:00,43538.02,45799.29,42250.02,42849.78,116979.8608,0
2021/05/19 00:00:00,42849.78,43584.9,30000,36690.09,354347.2432,0
2021/05/20 00:00:00,36671.23,42451.67,34850,40526.64,203017.5969,0
2021/05/21 00:00:00,40525.39,42200,33488,37252.01,202100.8883,0
2021/05/22 00:00:00,37263.35,38829,35200.62,37449.73,126542.2437,0
2021/05/23 00:00:00,37458.51,38270.64,31111.01,34655.25,217136.0466,0
2021/05/24 00:00:00,34681.44,39920,34031,38796.29,161630.894,0
2021/05/25 00:00:00,38810.99,39791.77,36419.62,38324.72,111996.2284,0
2021/05/26 00:00:00,38324.72,40841,37800.44,39241.91,104780.7734,0
2021/05/27 00:00:00,39241.92,40411.14,37134.27,38529.98,86547.15879,0
2021/05/28 00:00:00,38529.99,38877.83,34684,35663.49,135377.6297,0
2021/05/29 00:00:00,35661.79,37338.58,33632.76,34605.15,112663.0927,0
2021/05/30 00:00:00,34605.15,36488,33379,35641.27,73535.38697,0
2021/05/31 00:00:00,35641.26,37499,34153.84,37253.81,94160.73529,0
2021/06/01 00:00:00,37253.82,37894.81,35666,36693.09,81234.66377,0
2021/06/02 00:00:00,36694.85,38225,35920,37568.68,67587.3725,0
2021/06/03 00:00:00,37568.68,39476,37170,39246.79,75889.10601,0
2021/06/04 00:00:00,39246.78,39289.07,35555.15,36829,91317.79925,0
2021/06/05 00:00:00,36829.15,37925,34800,35513.2,70459.62149,0
2021/06/06 00:00:00,35516.07,36480,35222,35796.31,47650.20664,0
2021/06/07 00:00:00,35796.31,36900,33300,33552.79,77574.95257,0
2021/06/08 00:00:00,33556.96,34068.01,31000,33380.81,123251.189,0
2021/06/09 00:00:00,33380.8,37534.79,32396.82,37388.05,136607.5975,0
2021/06/10 00:00:00,37388.05,38491,35782,36675.72,109527.2849,0
2021/06/11 00:00:00,36677.83,37680.4,35936.77,37331.98,78466.0053,0
2021/06/12 00:00:00,37331.98,37463.63,34600.36,35546.11,87717.54999,0
2021/06/13 00:00:00,35546.12,39380,34757,39020.57,86921.02556,0
2021/06/14 00:00:00,39020.56,41064.05,38730,40516.29,108522.3919,0
2021/06/15 00:00:00,40516.28,41330,39506.4,40144.04,80679.62284,0
2021/06/16 00:00:00,40143.8,40527.14,38116.01,38349.01,87771.97694,0
2021/06/17 00:00:00,38349,39559.88,37365,38092.97,79541.30712,0
2021/06/18 00:00:00,38092.97,38202.84,35129.29,35819.84,95228.04294,0
2021/06/19 00:00:00,35820.48,36457,34803.52,35483.72,68712.44946,0
2021/06/20 00:00:00,35483.72,36137.72,33336,35600.16,89878.17085,0
2021/06/21 00:00:00,35600.17,35750,31251.23,31608.93,168778.8732,0
2021/06/22 00:00:00,31614.12,33298.78,28805,32509.56,204208.1798,0
2021/06/23 00:00:00,32509.56,34881,31683,33678.07,126966.1006,0
2021/06/24 00:00:00,33675.07,35298,32286.57,34663.09,86625.80426,0
2021/06/25 00:00:00,34663.08,35500,31275,31584.45,116061.1304,0
2021/06/26 00:00:00,31576.09,32730,30151,32283.65,107820.3753,0
2021/06/27 00:00:00,32283.65,34749,31973.45,34700.34,96613.24421,0
2021/06/28 00:00:00,34702.49,35297.71,33862.72,34494.89,82222.26782,0
2021/06/29 00:00:00,34494.89,36600,34225.43,35911.73,90788.79622,0
2021/06/30 00:00:00,35911.72,36100,34017.55,35045,77152.19763,0
2021/07/01 00:00:00,35045,35057.57,32711,33504.69,71708.26611,0
2021/07/02 00:00:00,33502.33,33977.04,32699,33786.55,56172.18138,0
2021/07/03 00:00:00,33786.54,34945.61,33316.73,34669.13,43044.57864,0
2021/07/04 00:00:00,34669.12,35967.85,34357.15,35286.51,43703.47579,0
2021/07/05 00:00:00,35288.13,35293.78,33125.55,33690.14,64123.87425,0
2021/07/06 00:00:00,33690.15,35118.88,33532,34220.01,58210.59635,0
2021/07/07 00:00:00,34220.02,35059.09,33777.77,33862.12,53807.52168,0
2021/07/08 00:00:00,33862.11,33929.64,32077,32875.71,70136.48032,0
2021/07/09 00:00:00,32875.71,34100,32261.07,33815.81,47153.9399,0
2021/07/10 00:00:00,33815.81,34262,33004.78,33502.87,34761.17547,0
2021/07/11 00:00:00,33502.87,34666,33306.47,34258.99,31572.64745,0
2021/07/12 00:00:00,34259,34678.43,32658.34,33086.63,48181.40376,0
2021/07/13 00:00:00,33086.94,33340,32202.25,32729.77,41126.36101,0
2021/07/14 00:00:00,32729.12,33114.03,31550,32820.02,46777.82348,0
2021/07/15 00:00:00,32820.03,33185.25,31133,31880,51639.57635,0
2021/07/16 00:00:00,31874.49,32249.18,31020,31383.87,48499.86415,0
2021/07/17 00:00:00,31383.86,31955.92,31164.31,31520.07,34012.24213,0
2021/07/18 00:00:00,31520.07,32435,31108.97,31778.56,35923.71619,0
2021/07/19 00:00:00,31778.57,31899,30407.44,30839.65,47340.4685,0
2021/07/20 00:00:00,30839.65,31063.07,29278,29790.35,61034.04902,0
2021/07/21 00:00:00,29790.34,32858,29482.61,32144.51,82796.26513,0
2021/07/22 00:00:00,32144.51,32591.35,31708,32287.83,46148.09243,0
2021/07/23 00:00:00,32287.58,33650,31924.32,33634.09,50112.86363,0
2021/07/24 00:00:00,33634.1,34500,33401.14,34258.14,47977.55014,0
2021/07/25 00:00:00,34261.51,35398,33851.12,35381.02,47852.92831,0
2021/07/26 00:00:00,35381.02,40550,35205.78,37237.6,152452.5127,0
2021/07/27 00:00:00,37241.33,39542.61,36383,39457.87,88397.26702,0
2021/07/28 00:00:00,39456.61,40900,38772,40019.56,101344.5284,0
2021/07/29 00:00:00,40019.57,40640,39200,40016.48,53998.43928,0
2021/07/30 00:00:00,40018.49,42316.71,38313.23,42206.37,73602.78481,0
2021/07/31 00:00:00,42206.36,42448,41000.15,41461.83,44849.79101,0
2021/08/01 00:00:00,41461.84,42599,39422.01,39845.44,53953.18633,0
2021/08/02 00:00:00,39850.27,40480.01,38690,39147.82,50837.35195,0
2021/08/03 00:00:00,39146.86,39780,37642.03,38207.05,57117.43585,0
2021/08/04 00:00:00,38207.04,39969.66,37508.56,39723.18,52329.35243,0
2021/08/05 00:00:00,39723.17,41350,37332.7,40862.46,84343.75562,0
2021/08/06 00:00:00,40862.46,43392.43,39853.86,42836.87,75753.94135,0
2021/08/07 00:00:00,42836.87,44700,42446.41,44572.54,73396.74081,0
2021/08/08 00:00:00,44572.54,45310,43261,43794.37,69329.0927,0
2021/08/09 00:00:00,43794.36,46454.15,42779,46253.4,74587.88485,0
2021/08/10 00:00:00,46248.87,46700,44589.46,45584.99,53814.64342,0
2021/08/11 00:00:00,45585,46743.47,45341.14,45511,52734.90198,0
2021/08/12 00:00:00,45510.67,46218.12,43770,44399,55266.10878,0
2021/08/13 00:00:00,44400.06,47886,44217.39,47800,48239.37043,0
2021/08/14 00:00:00,47799.99,48144,45971.03,47068.51,46114.35902,0
2021/08/15 00:00:00,47068.5,47372.27,45500,46973.82,42110.71133,0
2021/08/16 00:00:00,46973.82,48053.83,45660,45901.29,52480.57401,0
2021/08/17 00:00:00,45901.3,47160,44376,44695.95,57039.34163,0
2021/08/18 00:00:00,44695.95,46000,44203.28,44705.29,54099.41599,0
2021/08/19 00:00:00,44699.37,47033,43927.7,46760.62,53411.75392,0
2021/08/20 00:00:00,46760.62,49382.99,46622.99,49322.47,56850.35223,0
2021/08/21 00:00:00,49322.47,49757.04,48222,48821.87,46745.13658,0
2021/08/22 00:00:00,48821.88,49500,48050,49239.22,37007.8878,0
2021/08/23 00:00:00,49239.22,50500,49029,49488.85,52462.54195,0
2021/08/24 00:00:00,49488.85,49860,47600,47674.01,51014.59475,0
2021/08/25 00:00:00,47674.01,49264.3,47126.28,48973.32,44655.83034,0
2021/08/26 00:00:00,48973.32,49352.84,46250,46843.87,49371.27777,0
2021/08/27 00:00:00,46843.86,49149.93,46348,49069.9,42068.10497,0
2021/08/28 00:00:00,49069.9,49299,48346.88,48895.35,26681.06379,0
2021/08/29 00:00:00,48895.35,49632.27,47762.54,48767.83,32652.28347,0
2021/08/30 00:00:00,48767.84,48888.61,46853,46982.91,40288.35083,0
2021/08/31 00:00:00,46982.91,48246.11,46700,47100.89,48645.52737,0
2021/09/01 00:00:00,47100.89,49156,46512,48810.52,49904.65528,0
2021/09/02 00:00:00,48810.51,50450.13,48584.06,49246.64,54410.77054,0
2021/09/03 00:00:00,49246.63,51000,48316.84,49999.14,59025.64416,0
2021/09/04 00:00:00,49998,50535.69,49370,49915.64,34664.65959,0
2021/09/05 00:00:00,49917.54,51900,49450,51756.88,40544.83587,0
2021/09/06 00:00:00,51756.88,52780,50969.33,52663.9,49249.66708,0
2021/09/07 00:00:00,52666.2,52920,42843.05,46863.73,123048.8027,0
2021/09/08 00:00:00,46868.57,47340.99,44412.02,46048.31,65069.3152,0
2021/09/09 00:00:00,46048.31,47399.97,45513.08,46395.14,50651.66002,0
2021/09/10 00:00:00,46395.14,47033,44132.29,44850.91,49048.26618,0
2021/09/11 00:00:00,44842.2,45987.93,44722.22,45173.69,30440.4081,0
2021/09/12 00:00:00,45173.68,46460,44742.06,46025.24,32094.28052,0
2021/09/13 00:00:00,46025.23,46880,43370,44940.73,65429.15056,0
2021/09/14 00:00:00,44940.72,47250,44594.44,47111.52,44855.85099,0
2021/09/15 00:00:00,47103.28,48500,46682.32,48121.41,43204.71174,0
2021/09/16 00:00:00,48121.4,48557,47021.1,47737.82,40725.08895,0
2021/09/17 00:00:00,47737.81,48150,46699.56,47299.98,34461.92776,0
2021/09/18 00:00:00,47299.98,48843.2,47035.56,48292.74,30906.47038,0
2021/09/19 00:00:00,48292.75,48372.83,46829.18,47241.75,29847.24349,0
2021/09/20 00:00:00,47241.75,47347.25,42500,43015.62,78003.52444,0
2021/09/21 00:00:00,43016.64,43639,39600,40734.38,84534.08049,0
2021/09/22 00:00:00,40734.09,44000.55,40565.39,43543.61,58349.05542,0
2021/09/23 00:00:00,43546.37,44978,43069.09,44865.26,48699.57655,0
2021/09/24 00:00:00,44865.26,45200,40675,42810.57,84113.42629,0
2021/09/25 00:00:00,42810.58,42966.84,41646.28,42670.64,33594.57189,0
2021/09/26 00:00:00,42670.63,43950,40750,43160.9,49879.99765,0
2021/09/27 00:00:00,43160.9,44350,42098,42147.35,39776.84383,0
