Date,Open,High,Low,Close,Volume,Open Interest
2016-01-04 00:00:01,1061.5,1083.0,1061.0,1075.2,151233.0,0
2016-01-05 00:00:01,1073.5,1081.5,1071.9,1078.4,99250.0,0
2016-01-06 00:00:01,1076.8,1094.9,1074.4,1091.9,179581.0,0
2016-01-07 00:00:01,1093.7,1109.9,1091.1,1107.8,203063.0,0
2016-01-08 00:00:01,1108.8,1113.1,1091.8,1097.9,183436.0,0
2016-01-11 00:00:01,1103.6,1108.3,1093.1,1096.2,185771.0,0
2016-01-12 00:00:01,1094.0,1099.1,1083.1,1085.2,161091.0,0
2016-01-13 00:00:01,1086.8,1095.6,1079.4,1087.1,146676.0,0
2016-01-14 00:00:01,1093.6,1095.4,1071.1,1073.6,168364.0,0
2016-01-15 00:00:01,1089.3,1093.3,1089.0,1090.7,8927.0,0
2016-01-19 00:00:01,1089.0,1094.5,1082.1,1089.1,154064.0,0
2016-01-20 00:00:01,1087.3,1109.9,1087.1,1106.2,183164.0,0
2016-01-21 00:00:01,1100.9,1104.8,1092.5,1098.2,170505.0,0
2016-01-22 00:00:01,1101.6,1103.5,1094.4,1096.3,133883.0,0
2016-01-25 00:00:01,1097.8,1109.2,1097.6,1105.3,148860.0,0
2016-01-26 00:00:01,1109.4,1123.6,1107.7,1120.6,89525.0,0
2016-01-27 00:00:01,1120.2,1128.7,1115.2,1116.3,124865.0,0
2016-01-28 00:00:01,1115.7,1126.4,1110.2,1116.1,146072.0,0
2016-01-29 00:00:01,1114.8,1118.9,1108.5,1116.4,126023.0,0
2016-02-01 00:00:01,1118.0,1130.2,1115.3,1128.0,109728.0,0
2016-02-02 00:00:01,1128.8,1131.5,1122.6,1127.2,107444.0,0
2016-02-03 00:00:01,1129.4,1146.2,1124.8,1141.3,181052.0,0
2016-02-04 00:00:01,1156.7,1157.9,1139.7,1157.5,168259.0,0
2016-02-05 00:00:01,1155.7,1175.0,1145.5,1157.7,206063.0,0
2016-02-08 00:00:01,1174.0,1201.4,1164.5,1197.9,232700.0,0
2016-02-09 00:00:01,1189.4,1199.3,1185.9,1198.6,180163.0,0
2016-02-10 00:00:01,1189.7,1198.1,1181.6,1194.6,159103.0,0
2016-02-11 00:00:01,1197.5,1263.9,1196.3,1247.8,345519.0,0
2016-02-12 00:00:01,1236.3,1236.3,1215.0,1239.4,33215.0,0
2016-02-16 00:00:01,1209.4,1236.3,1191.5,1208.2,319892.0,0
2016-02-17 00:00:01,1201.9,1214.4,1196.2,1211.4,156859.0,0
2016-02-18 00:00:01,1209.5,1240.6,1201.3,1226.3,173177.0,0
2016-02-19 00:00:01,1231.2,1235.3,1220.6,1230.8,168415.0,0
2016-02-22 00:00:01,1208.0,1226.9,1202.5,1210.1,155626.0,0
2016-02-23 00:00:01,1208.9,1229.0,1207.6,1222.6,175821.0,0
2016-02-24 00:00:01,1226.0,1254.3,1222.4,1239.1,260422.0,0
2016-02-25 00:00:01,1228.9,1244.4,1221.8,1238.8,199289.0,0
2016-02-26 00:00:01,1232.5,1241.3,1212.0,1220.4,210351.0,0
2016-02-29 00:00:01,1223.1,1241.8,1216.3,1234.4,174484.0,0
2016-03-01 00:00:01,1238.9,1249.3,1227.7,1230.8,211175.0,0
2016-03-02 00:00:01,1232.3,1244.8,1225.1,1241.8,175010.0,0
2016-03-03 00:00:01,1240.8,1269.3,1238.0,1258.2,216716.0,0
2016-03-04 00:00:01,1264.6,1280.7,1250.1,1270.7,351429.0,0
2016-03-07 00:00:01,1260.5,1274.1,1257.4,1264.0,208860.0,0
2016-03-08 00:00:01,1267.9,1279.0,1261.0,1262.9,198376.0,0
2016-03-09 00:00:01,1262.2,1265.7,1243.6,1257.4,217105.0,0
2016-03-10 00:00:01,1253.7,1274.3,1237.5,1272.8,294934.0,0
2016-03-11 00:00:01,1272.0,1287.8,1249.0,1259.4,225924.0,0
2016-03-14 00:00:01,1250.9,1261.9,1229.9,1245.1,198015.0,0
2016-03-15 00:00:01,1237.0,1238.7,1226.0,1231.0,169067.0,0
2016-03-16 00:00:01,1233.1,1264.8,1227.0,1229.8,195631.0,0
2016-03-17 00:00:01,1262.0,1271.9,1255.2,1265.0,196709.0,0
2016-03-18 00:00:01,1257.7,1267.7,1248.4,1254.3,152348.0,0
2016-03-21 00:00:01,1255.2,1256.7,1241.2,1244.2,165130.0,0
2016-03-22 00:00:01,1244.3,1260.9,1242.8,1248.6,178128.0,0
2016-03-23 00:00:01,1248.5,1249.8,1215.4,1225.6,248406.0,0
2016-03-24 00:00:01,1222.1,1225.6,1212.6,1223.5,61613.0,0
2016-03-28 00:00:01,1217.8,1225.1,1207.7,1222.0,85386.0,0
2016-03-29 00:00:01,1223.1,1245.2,1217.0,1237.5,193572.0,0
2016-03-30 00:00:01,1243.0,1246.8,1224.9,1228.6,172801.0,0
2016-03-31 00:00:01,1227.0,1242.3,1225.1,1235.6,117150.0,0
2016-04-01 00:00:01,1234.1,1237.2,1210.3,1223.5,188179.0,0
2016-04-04 00:00:01,1217.2,1224.1,1215.7,1219.3,86900.0,0
2016-04-05 00:00:01,1217.1,1238.8,1216.0,1229.6,148762.0,0
2016-04-06 00:00:01,1232.6,1233.8,1217.2,1223.8,129032.0,0
2016-04-07 00:00:01,1224.0,1245.0,1224.0,1237.5,179765.0,0
2016-04-08 00:00:01,1241.8,1244.6,1231.0,1243.8,128333.0,0
2016-04-11 00:00:01,1241.8,1260.9,1241.6,1258.0,151279.0,0
2016-04-12 00:00:01,1259.8,1264.7,1253.0,1260.9,148296.0,0
2016-04-13 00:00:01,1257.2,1258.7,1241.4,1248.3,150426.0,0
2016-04-14 00:00:01,1243.8,1245.9,1225.4,1226.5,196567.0,0
2016-04-15 00:00:01,1228.5,1237.6,1226.8,1234.6,115585.0,0
2016-04-18 00:00:01,1236.3,1243.3,1231.7,1235.0,143540.0,0
2016-04-19 00:00:01,1233.9,1258.5,1229.0,1254.3,200511.0,0
2016-04-20 00:00:01,1251.3,1259.8,1244.0,1254.4,158271.0,0
2016-04-21 00:00:01,1244.5,1272.4,1244.4,1250.3,261992.0,0
2016-04-22 00:00:01,1248.5,1254.2,1228.5,1230.0,198388.0,0
2016-04-25 00:00:01,1234.5,1243.8,1231.3,1240.2,114696.0,0
2016-04-26 00:00:01,1239.8,1246.5,1232.7,1243.4,139982.0,0
2016-04-27 00:00:01,1245.7,1254.6,1240.7,1250.4,167190.0,0
2016-04-28 00:00:01,1247.3,1271.7,1239.1,1266.4,214356.0,0
2016-04-29 00:00:01,1268.0,1299.0,1267.0,1290.5,249603.0,0
2016-05-02 00:00:01,1294.2,1306.0,1289.6,1295.8,193092.0,0
2016-05-03 00:00:01,1293.4,1303.9,1284.0,1291.8,209229.0,0
2016-05-04 00:00:01,1287.7,1291.8,1273.6,1274.4,205506.0,0
2016-05-05 00:00:01,1281.2,1288.4,1270.6,1272.3,168856.0,0
2016-05-06 00:00:01,1279.3,1297.7,1276.2,1294.0,246521.0,0
2016-05-09 00:00:01,1288.8,1289.5,1262.8,1266.6,213413.0,0
2016-05-10 00:00:01,1265.4,1272.0,1258.3,1264.8,164024.0,0
2016-05-11 00:00:01,1267.3,1280.8,1266.3,1275.5,215592.0,0
2016-05-12 00:00:01,1279.3,1282.5,1262.9,1271.2,211757.0,0
2016-05-13 00:00:01,1264.8,1277.7,1264.0,1272.7,167683.0,0
2016-05-16 00:00:01,1273.1,1290.4,1271.6,1274.2,188509.0,0
2016-05-17 00:00:01,1274.9,1283.9,1270.1,1276.9,196855.0,0
2016-05-18 00:00:01,1280.6,1283.5,1256.0,1274.4,225480.0,0
2016-05-19 00:00:01,1259.1,1262.3,1244.6,1254.8,246015.0,0
2016-05-20 00:00:01,1256.3,1261.2,1249.6,1252.9,188383.0,0
2016-05-23 00:00:01,1251.7,1256.8,1243.5,1251.5,206897.0,0
2016-05-24 00:00:01,1249.5,1252.8,1226.2,1232.2,288926.0,0
2016-05-25 00:00:01,1230.0,1233.4,1220.6,1226.6,105239.0,0
2016-05-26 00:00:01,1226.1,1237.2,1220.8,1222.7,148362.0,0
2016-05-27 00:00:01,1215.1,1215.9,1202.2,1216.7,29931.0,0
2016-05-31 00:00:01,1208.1,1220.6,1201.5,1217.5,227362.0,0
2016-06-01 00:00:01,1217.9,1222.9,1208.2,1214.7,151311.0,0
2016-06-02 00:00:01,1215.9,1220.0,1212.0,1212.6,106248.0,0
2016-06-03 00:00:01,1212.8,1247.4,1209.1,1242.9,230035.0,0
2016-06-06 00:00:01,1245.5,1251.3,1242.1,1247.4,157245.0,0
2016-06-07 00:00:01,1248.0,1249.0,1236.9,1247.0,114337.0,0
2016-06-08 00:00:01,1247.0,1267.2,1245.5,1262.3,167215.0,0
2016-06-09 00:00:01,1264.6,1274.4,1259.4,1272.7,145087.0,0
2016-06-10 00:00:01,1271.5,1280.9,1267.3,1275.9,151163.0,0
2016-06-13 00:00:01,1278.3,1290.3,1275.2,1286.9,195734.0,0
2016-06-14 00:00:01,1286.2,1293.0,1278.6,1288.1,182512.0,0
2016-06-15 00:00:01,1288.1,1300.0,1281.3,1288.3,190137.0,0
2016-06-16 00:00:01,1295.0,1318.9,1280.1,1298.4,331368.0,0
2016-06-17 00:00:01,1282.4,1302.7,1278.8,1294.8,203550.0,0
2016-06-20 00:00:01,1293.0,1296.8,1280.8,1292.1,186003.0,0
2016-06-21 00:00:01,1271.1,1297.4,1267.1,1272.5,196994.0,0
2016-06-22 00:00:01,1271.4,1273.5,1263.8,1270.0,127154.0,0
2016-06-23 00:00:01,1268.1,1274.9,1256.9,1263.1,145996.0,0
2016-06-24 00:00:01,1254.3,1362.6,1252.8,1322.4,527205.0,0
2016-06-27 00:00:01,1322.3,1340.0,1320.8,1324.7,240734.0,0
2016-06-28 00:00:01,1328.3,1329.5,1308.2,1317.9,183169.0,0
2016-06-29 00:00:01,1313.9,1331.0,1313.3,1326.9,164974.0,0
2016-06-30 00:00:01,1321.0,1326.5,1315.3,1320.6,182812.0,0
2016-07-01 00:00:01,1345.0,1360.3,1338.5,1339.0,63821.0,0
2016-07-05 00:00:01,1350.8,1360.3,1338.5,1358.7,337002.0,0
2016-07-06 00:00:01,1358.0,1377.5,1356.3,1367.1,226256.0,0
2016-07-07 00:00:01,1365.7,1372.9,1352.0,1362.1,204514.0,0
2016-07-08 00:00:01,1361.0,1371.8,1336.3,1358.4,287124.0,0
2016-07-11 00:00:01,1368.9,1376.5,1351.8,1356.6,217375.0,0
2016-07-12 00:00:01,1356.3,1358.9,1331.0,1335.3,246267.0,0
2016-07-13 00:00:01,1334.0,1346.3,1328.1,1332.2,195091.0,0
2016-07-14 00:00:01,1344.5,1348.0,1320.4,1327.4,251302.0,0
2016-07-15 00:00:01,1336.4,1339.5,1322.6,1327.4,184243.0,0
2016-07-18 00:00:01,1333.4,1336.0,1323.5,1329.3,159487.0,0
2016-07-19 00:00:01,1329.1,1335.5,1325.8,1332.3,144123.0,0
2016-07-20 00:00:01,1332.2,1338.8,1312.5,1319.3,212201.0,0
2016-07-21 00:00:01,1316.2,1334.0,1310.7,1331.0,241351.0,0
2016-07-22 00:00:01,1331.4,1334.0,1319.4,1323.4,211535.0,0
2016-07-25 00:00:01,1322.7,1323.4,1311.1,1319.5,125105.0,0
2016-07-26 00:00:01,1315.5,1324.4,1313.6,1320.8,88658.0,0
2016-07-27 00:00:01,1319.9,1342.3,1315.6,1326.7,160965.0,0
2016-07-28 00:00:01,1339.5,1344.3,1330.1,1332.3,179984.0,0
2016-07-29 00:00:01,1333.2,1353.3,1325.8,1349.0,214928.0,0
2016-08-01 00:00:01,1357.2,1361.9,1353.2,1359.6,108934.0,0
2016-08-02 00:00:01,1360.6,1374.2,1353.7,1372.6,154681.0,0
2016-08-03 00:00:01,1370.5,1373.4,1360.6,1364.7,131123.0,0
2016-08-04 00:00:01,1364.7,1371.4,1355.1,1367.4,158935.0,0
2016-08-05 00:00:01,1367.2,1371.0,1340.4,1344.4,207828.0,0
2016-08-08 00:00:01,1341.2,1343.9,1335.3,1341.3,126244.0,0
2016-08-09 00:00:01,1341.2,1348.5,1336.0,1346.7,117280.0,0
2016-08-10 00:00:01,1347.0,1363.6,1345.7,1351.9,184037.0,0
2016-08-11 00:00:01,1353.2,1359.4,1341.4,1350.0,149880.0,0
2016-08-12 00:00:01,1344.7,1362.5,1338.3,1343.2,227943.0,0
2016-08-15 00:00:01,1343.6,1349.1,1340.9,1347.5,117800.0,0
2016-08-16 00:00:01,1345.2,1364.3,1344.8,1356.9,213729.0,0
2016-08-17 00:00:01,1351.3,1356.8,1340.5,1348.8,164091.0,0
2016-08-18 00:00:01,1353.8,1361.5,1351.2,1357.2,163104.0,0
2016-08-19 00:00:01,1357.1,1357.9,1342.0,1346.2,177682.0,0
2016-08-22 00:00:01,1345.0,1345.7,1335.4,1343.4,148566.0,0
2016-08-23 00:00:01,1343.6,1348.8,1338.9,1346.1,125007.0,0
2016-08-24 00:00:01,1342.2,1344.1,1327.0,1329.7,207827.0,0
2016-08-25 00:00:01,1327.4,1330.2,1321.0,1324.6,143468.0,0
2016-08-26 00:00:01,1324.8,1346.0,1321.2,1325.9,292305.0,0
2016-08-29 00:00:01,1323.8,1328.5,1317.2,1327.1,136851.0,0
2016-08-30 00:00:01,1327.0,1328.9,1312.0,1316.5,149313.0,0
2016-08-31 00:00:01,1314.7,1319.2,1306.9,1311.4,163005.0,0
2016-09-01 00:00:01,1311.7,1318.6,1305.5,1317.1,167111.0,0
2016-09-02 00:00:01,1318.0,1334.0,1307.4,1354.0,12131.0,0
2016-09-06 00:00:01,1330.8,1357.2,1325.5,1349.2,263409.0,0
2016-09-07 00:00:01,1353.5,1357.6,1346.9,1349.2,142466.0,0
2016-09-08 00:00:01,1349.1,1353.9,1339.1,1341.6,174246.0,0
2016-09-09 00:00:01,1341.6,1343.6,1331.2,1334.5,151860.0,0
2016-09-12 00:00:01,1332.0,1333.8,1323.3,1325.6,183691.0,0
2016-09-13 00:00:01,1331.7,1335.9,1318.8,1323.7,173410.0,0
2016-09-14 00:00:01,1322.6,1329.8,1316.6,1326.1,131424.0,0
2016-09-15 00:00:01,1325.8,1332.5,1312.1,1318.0,200075.0,0
2016-09-16 00:00:01,1318.3,1321.5,1309.2,1310.2,132642.0,0
2016-09-19 00:00:01,1313.2,1321.8,1312.6,1317.8,111107.0,0
2016-09-20 00:00:01,1316.3,1321.1,1315.2,1318.2,87659.0,0
2016-09-21 00:00:01,1318.0,1341.3,1310.9,1331.4,253563.0,0
2016-09-22 00:00:01,1338.9,1347.8,1335.1,1344.7,152427.0,0
2016-09-23 00:00:01,1340.3,1344.5,1337.4,1341.7,108833.0,0
2016-09-26 00:00:01,1340.8,1346.1,1336.5,1344.1,120362.0,0
2016-09-27 00:00:01,1342.0,1343.5,1327.7,1330.4,175693.0,0
2016-09-28 00:00:01,1330.1,1331.1,1321.1,1323.7,143807.0,0
2016-09-29 00:00:01,1325.0,1329.4,1318.6,1326.0,145079.0,0
2016-09-30 00:00:01,1323.6,1331.5,1316.0,1317.1,198471.0,0
2016-10-03 00:00:01,1321.0,1322.6,1311.8,1312.7,120503.0,0
2016-10-04 00:00:01,1315.0,1315.4,1269.0,1269.7,327773.0,0
2016-10-05 00:00:01,1270.5,1279.4,1264.1,1268.6,200416.0,0
2016-10-06 00:00:01,1269.7,1271.6,1251.8,1253.0,176574.0,0
2016-10-07 00:00:01,1256.8,1267.6,1243.2,1251.9,261530.0,0
2016-10-10 00:00:01,1258.5,1266.8,1258.5,1260.4,128220.0,0
2016-10-11 00:00:01,1261.7,1264.0,1254.3,1255.9,127971.0,0
2016-10-12 00:00:01,1254.5,1260.5,1251.2,1253.8,122342.0,0
2016-10-13 00:00:01,1257.1,1263.9,1254.7,1257.6,142928.0,0
2016-10-14 00:00:01,1259.5,1260.7,1246.9,1255.5,161952.0,0
2016-10-17 00:00:01,1252.9,1258.2,1251.1,1256.6,102991.0,0
2016-10-18 00:00:01,1256.0,1265.6,1255.9,1262.9,141366.0,0
2016-10-19 00:00:01,1263.9,1274.4,1261.1,1269.9,135414.0,0
2016-10-20 00:00:01,1270.6,1275.9,1265.5,1267.5,130976.0,0
2016-10-21 00:00:01,1266.5,1268.8,1261.7,1267.7,97891.0,0
2016-10-24 00:00:01,1266.9,1272.8,1260.1,1263.7,148823.0,0
2016-10-25 00:00:01,1265.2,1277.5,1262.4,1273.6,132241.0,0
2016-10-26 00:00:01,1274.0,1277.2,1265.1,1266.6,132796.0,0
2016-10-27 00:00:01,1267.2,1273.7,1265.2,1269.5,123344.0,0
2016-10-28 00:00:01,1269.2,1285.4,1262.0,1276.8,222489.0,0
2016-10-31 00:00:01,1278.3,1280.5,1271.9,1273.1,115445.0,0
2016-11-01 00:00:01,1277.8,1292.9,1276.3,1288.0,194976.0,0
2016-11-02 00:00:01,1289.0,1309.3,1288.4,1308.2,224005.0,0
2016-11-03 00:00:01,1298.1,1308.0,1286.2,1303.3,220164.0,0
2016-11-04 00:00:01,1303.2,1308.3,1295.7,1304.5,202966.0,0
2016-11-07 00:00:01,1294.5,1296.5,1278.6,1279.4,209668.0,0
2016-11-08 00:00:01,1282.2,1291.5,1273.3,1274.5,194922.0,0
2016-11-09 00:00:01,1276.8,1338.3,1268.1,1273.5,783657.0,0
2016-11-10 00:00:01,1278.4,1292.5,1251.9,1266.4,392797.0,0
2016-11-11 00:00:01,1258.7,1265.0,1218.7,1224.3,420069.0,0
2016-11-14 00:00:01,1227.7,1230.9,1211.0,1221.7,332635.0,0
2016-11-15 00:00:01,1221.8,1231.4,1218.6,1224.5,224970.0,0
2016-11-16 00:00:01,1228.0,1233.1,1221.0,1223.9,190158.0,0
2016-11-17 00:00:01,1224.8,1231.1,1210.5,1216.9,224953.0,0
2016-11-18 00:00:01,1216.0,1217.5,1201.3,1208.7,244002.0,0
2016-11-21 00:00:01,1207.3,1217.8,1205.4,1209.8,162047.0,0
2016-11-22 00:00:01,1213.5,1220.9,1205.6,1211.2,201770.0,0
2016-11-23 00:00:01,1188.2,1192.5,1185.2,1192.4,3479.0,0
2016-11-25 00:00:01,1184.4,1195.4,1172.8,1181.0,89941.0,0
2016-11-28 00:00:01,1184.4,1200.0,1184.4,1193.8,132780.0,0
2016-11-29 00:00:01,1196.6,1197.7,1182.6,1190.8,195887.0,0
2016-11-30 00:00:01,1190.7,1196.8,1171.3,1173.9,232748.0,0
2016-12-01 00:00:01,1175.1,1178.4,1162.2,1169.4,216169.0,0
2016-12-02 00:00:01,1174.3,1180.3,1168.4,1177.8,169224.0,0
2016-12-05 00:00:01,1182.6,1190.2,1158.6,1176.5,212276.0,0
2016-12-06 00:00:01,1172.8,1177.1,1168.1,1170.1,130714.0,0
2016-12-07 00:00:01,1171.4,1182.3,1167.2,1177.5,137900.0,0
2016-12-08 00:00:01,1176.1,1180.7,1170.9,1172.4,142363.0,0
2016-12-09 00:00:01,1172.5,1173.8,1157.6,1161.9,154417.0,0
2016-12-12 00:00:01,1161.4,1167.9,1152.5,1165.8,159639.0,0
2016-12-13 00:00:01,1164.5,1167.0,1156.3,1159.0,136029.0,0
2016-12-14 00:00:01,1159.8,1168.0,1140.0,1163.7,205326.0,0
2016-12-15 00:00:01,1143.8,1146.0,1124.3,1129.8,262877.0,0
2016-12-16 00:00:01,1130.5,1143.2,1128.5,1137.4,171285.0,0
2016-12-19 00:00:01,1136.1,1144.4,1135.5,1142.7,112536.0,0
2016-12-20 00:00:01,1139.8,1141.7,1127.3,1133.6,138058.0,0
2016-12-21 00:00:01,1134.0,1138.8,1131.0,1133.2,109673.0,0
2016-12-22 00:00:01,1130.0,1137.3,1129.5,1133.6,70834.0,0
2016-12-23 00:00:01,1130.0,1137.3,1129.5,1133.6,70834.0,0
2016-12-27 00:00:01,1135.3,1151.7,1132.8,1138.8,102366.0,0
2016-12-28 00:00:01,1139.3,1145.1,1137.1,1140.9,100121.0,0
2016-12-29 00:00:01,1143.1,1160.6,1142.6,1158.1,152323.0,0
2016-12-30 00:00:01,1159.5,1164.3,1150.3,1151.7,138673.0,0
2017-01-03 00:00:01,1151.4,1166.0,1146.5,1162.0,216537.0,0
2017-01-04 00:00:01,1159.6,1168.6,1156.7,1165.3,172108.0,0
2017-01-05 00:00:01,1164.6,1185.9,1163.6,1181.3,262224.0,0
2017-01-06 00:00:01,1181.0,1183.8,1171.1,1173.4,217714.0,0
2017-01-09 00:00:01,1172.9,1186.4,1172.2,1184.9,174989.0,0
2017-01-10 00:00:01,1181.3,1190.6,1180.2,1185.5,215898.0,0
2017-01-11 00:00:01,1188.1,1198.5,1177.0,1196.6,317695.0,0
2017-01-12 00:00:01,1191.1,1207.2,1190.7,1199.8,260107.0,0
2017-01-13 00:00:01,1194.8,1204.3,1187.5,1196.2,28224.0,0
2017-01-17 00:00:01,1202.8,1218.9,1198.0,1212.9,368672.0,0
2017-01-18 00:00:01,1216.8,1217.7,1201.8,1212.1,195234.0,0
2017-01-19 00:00:01,1203.1,1206.4,1195.4,1201.5,241530.0,0
2017-01-20 00:00:01,1204.8,1214.8,1198.2,1204.9,236066.0,0
2017-01-23 00:00:01,1209.3,1219.4,1209.0,1215.6,231381.0,0
2017-01-24 00:00:01,1218.0,1220.1,1206.2,1210.8,211945.0,0
2017-01-25 00:00:01,1211.5,1212.2,1195.3,1200.5,80202.0,0
2017-01-26 00:00:01,1204.1,1205.0,1186.6,1192.5,94439.0,0
2017-01-27 00:00:01,1191.4,1193.8,1182.6,1191.1,142852.0,0
2017-01-30 00:00:01,1194.6,1201.3,1190.0,1196.0,185344.0,0
2017-01-31 00:00:01,1197.7,1217.4,1195.6,1211.4,237644.0,0
2017-02-01 00:00:01,1212.2,1215.0,1199.7,1208.3,211357.0,0
2017-02-02 00:00:01,1211.2,1227.5,1210.2,1219.4,220209.0,0
2017-02-03 00:00:01,1217.8,1223.2,1208.3,1220.8,210726.0,0
2017-02-06 00:00:01,1221.9,1237.5,1220.8,1232.1,190379.0,0
2017-02-07 00:00:01,1236.9,1237.5,1229.2,1236.1,192661.0,0
2017-02-08 00:00:01,1235.2,1246.6,1231.3,1239.5,216044.0,0
2017-02-09 00:00:01,1242.7,1246.2,1226.1,1236.8,234244.0,0
2017-02-10 00:00:01,1229.6,1238.9,1222.6,1235.9,229161.0,0
2017-02-13 00:00:01,1234.2,1234.4,1220.3,1225.8,168285.0,0
2017-02-14 00:00:01,1226.1,1236.0,1222.7,1225.4,223687.0,0
2017-02-15 00:00:01,1228.6,1234.9,1217.5,1233.1,220585.0,0
2017-02-16 00:00:01,1234.3,1243.7,1233.3,1241.6,196467.0,0
2017-02-17 00:00:01,1240.8,1245.1,1232.4,1239.1,20247.0,0
2017-02-21 00:00:01,1239.3,1240.2,1226.8,1238.9,245695.0,0
2017-02-22 00:00:01,1236.9,1241.9,1231.5,1233.3,193431.0,0
2017-02-23 00:00:01,1238.3,1252.2,1236.4,1251.4,250277.0,0
2017-02-24 00:00:01,1250.6,1261.2,1248.8,1258.3,209660.0,0
2017-02-27 00:00:01,1258.9,1264.9,1251.5,1258.8,201486.0,0
2017-02-28 00:00:01,1253.3,1259.3,1248.2,1253.9,225369.0,0
2017-03-01 00:00:01,1248.5,1251.4,1237.2,1250.0,300815.0,0
2017-03-02 00:00:01,1249.9,1250.8,1231.1,1232.9,262903.0,0
2017-03-03 00:00:01,1234.8,1236.7,1223.0,1226.5,268970.0,0
2017-03-06 00:00:01,1233.9,1237.3,1225.0,1225.5,154275.0,0
2017-03-07 00:00:01,1225.7,1227.4,1214.1,1216.1,195645.0,0
2017-03-08 00:00:01,1215.6,1218.5,1206.4,1209.4,200792.0,0
2017-03-09 00:00:01,1207.7,1208.9,1199.0,1203.2,226026.0,0
2017-03-10 00:00:01,1200.2,1206.2,1194.5,1201.4,250514.0,0
2017-03-13 00:00:01,1205.0,1210.9,1202.0,1203.1,168436.0,0
2017-03-14 00:00:01,1203.5,1207.5,1196.9,1202.6,176653.0,0
2017-03-15 00:00:01,1198.7,1222.0,1196.8,1200.7,256440.0,0
2017-03-16 00:00:01,1219.5,1234.0,1218.1,1227.1,243137.0,0
2017-03-17 00:00:01,1226.2,1231.5,1224.0,1230.2,146933.0,0
2017-03-20 00:00:01,1229.0,1235.5,1228.8,1234.0,122559.0,0
2017-03-21 00:00:01,1234.2,1247.7,1226.6,1246.5,278090.0,0
2017-03-22 00:00:01,1244.5,1251.5,1243.8,1249.7,210181.0,0
2017-03-23 00:00:01,1251.5,1256.4,1245.6,1250.1,38955.0,0
2017-03-24 00:00:01,1248.2,1255.0,1243.7,1251.7,50728.0,0
2017-03-27 00:00:01,1247.2,1264.2,1247.2,1258.8,70055.0,0
2017-03-28 00:00:01,1257.1,1261.4,1250.5,1258.8,110672.0,0
2017-03-29 00:00:01,1253.0,1257.5,1250.0,1256.8,157858.0,0
2017-03-30 00:00:01,1256.1,1256.5,1244.2,1248.0,211199.0,0
2017-03-31 00:00:01,1244.6,1252.8,1241.5,1251.2,158381.0,0
2017-04-03 00:00:01,1251.9,1255.9,1246.4,1254.0,135738.0,0
2017-04-04 00:00:01,1255.5,1263.7,1255.5,1258.4,152043.0,0
2017-04-05 00:00:01,1258.2,1259.3,1245.4,1248.5,226454.0,0
2017-04-06 00:00:01,1257.6,1260.9,1251.3,1253.3,160510.0,0
2017-04-07 00:00:01,1253.9,1273.3,1252.4,1257.3,365404.0,0
2017-04-10 00:00:01,1255.6,1258.9,1248.2,1253.9,176084.0,0
2017-04-11 00:00:01,1256.8,1277.4,1254.7,1274.2,279421.0,0
2017-04-12 00:00:01,1277.2,1289.0,1273.8,1278.1,241437.0,0
2017-04-13 00:00:01,1288.3,1290.7,1283.8,1288.5,229082.0,0
2017-04-17 00:00:01,1292.4,1297.4,1283.1,1291.9,189444.0,0
2017-04-18 00:00:01,1286.7,1294.4,1280.6,1294.1,272618.0,0
2017-04-19 00:00:01,1291.7,1292.7,1275.4,1283.4,251024.0,0
2017-04-20 00:00:01,1282.2,1285.2,1278.0,1283.8,237678.0,0
2017-04-21 00:00:01,1283.3,1290.1,1280.0,1289.1,220990.0,0
2017-04-24 00:00:01,1280.0,1280.0,1266.0,1277.5,287252.0,0
2017-04-25 00:00:01,1277.9,1279.9,1262.8,1267.2,242791.0,0
2017-04-26 00:00:01,1265.5,1272.8,1260.7,1264.2,233964.0,0
2017-04-27 00:00:01,1270.2,1271.1,1261.8,1265.9,203162.0,0
2017-04-28 00:00:01,1265.2,1269.9,1264.2,1268.3,166210.0,0
2017-05-01 00:00:01,1269.6,1272.4,1254.9,1255.5,197023.0,0
2017-05-02 00:00:01,1257.4,1258.8,1252.6,1257.0,171411.0,0
2017-05-03 00:00:01,1257.8,1257.8,1236.4,1248.5,245496.0,0
2017-05-04 00:00:01,1238.5,1241.7,1225.7,1228.6,305881.0,0
2017-05-05 00:00:01,1228.5,1236.0,1226.2,1226.9,257019.0,0
2017-05-08 00:00:01,1223.1,1236.9,1221.0,1227.1,188318.0,0
2017-05-09 00:00:01,1226.6,1228.7,1214.3,1216.1,240063.0,0
2017-05-10 00:00:01,1222.1,1225.8,1217.5,1218.9,185804.0,0
2017-05-11 00:00:01,1219.2,1227.7,1216.9,1224.2,230075.0,0
2017-05-12 00:00:01,1225.0,1231.6,1224.4,1227.7,189500.0,0
2017-05-15 00:00:01,1228.3,1237.4,1226.8,1230.0,182239.0,0
2017-05-16 00:00:01,1230.8,1239.1,1230.0,1236.4,197131.0,0
2017-05-17 00:00:01,1237.2,1261.5,1236.3,1258.7,365967.0,0
2017-05-18 00:00:01,1261.4,1265.0,1245.7,1252.8,361421.0,0
2017-05-19 00:00:01,1246.8,1256.4,1246.1,1253.6,210569.0,0
2017-05-22 00:00:01,1257.5,1262.6,1251.6,1261.4,201829.0,0
2017-05-23 00:00:01,1260.4,1263.8,1250.5,1255.5,269982.0,0
2017-05-24 00:00:01,1251.1,1258.8,1247.6,1253.1,234075.0,0
2017-05-25 00:00:01,1261.6,1262.8,1256.9,1259.8,62975.0,0
2017-05-26 00:00:01,1258.6,1272.7,1269.4,1271.4,14102.0,0
2017-05-30 00:00:01,1270.1,1273.4,1261.8,1265.7,275724.0,0
2017-05-31 00:00:01,1265.7,1276.8,1262.0,1275.4,193527.0,0
2017-06-01 00:00:01,1271.6,1272.8,1263.7,1270.1,174611.0,0
2017-06-02 00:00:01,1268.0,1282.2,1261.3,1280.2,257594.0,0
2017-06-05 00:00:01,1282.6,1286.0,1280.2,1282.7,134854.0,0
2017-06-06 00:00:01,1282.5,1298.8,1282.1,1297.5,243052.0,0
2017-06-07 00:00:01,1297.0,1297.6,1285.0,1293.2,212480.0,0
2017-06-08 00:00:01,1289.5,1291.5,1273.5,1279.5,247460.0,0
2017-06-09 00:00:01,1283.5,1284.6,1266.7,1271.4,212190.0,0
2017-06-12 00:00:01,1269.7,1272.4,1265.6,1268.9,168475.0,0
2017-06-13 00:00:01,1267.7,1271.0,1260.5,1268.6,171164.0,0
2017-06-14 00:00:01,1268.4,1284.2,1259.0,1275.9,337298.0,0
2017-06-15 00:00:01,1262.7,1268.5,1252.7,1254.6,238470.0,0
2017-06-16 00:00:01,1255.6,1258.6,1253.2,1256.5,145249.0,0
2017-06-19 00:00:01,1255.8,1257.3,1244.3,1246.7,174183.0,0
2017-06-20 00:00:01,1245.4,1249.4,1242.4,1243.5,172002.0,0
2017-06-21 00:00:01,1243.9,1248.8,1241.7,1245.8,160236.0,0
2017-06-22 00:00:01,1246.4,1256.0,1246.4,1249.4,182170.0,0
2017-06-23 00:00:01,1250.9,1260.0,1250.6,1256.4,153529.0,0
2017-06-26 00:00:01,1258.1,1259.0,1236.5,1246.4,219105.0,0
2017-06-27 00:00:01,1245.2,1253.8,1241.8,1246.9,204721.0,0
2017-06-28 00:00:01,1247.3,1255.7,1246.7,1249.1,188119.0,0
2017-06-29 00:00:01,1249.6,1253.2,1239.7,1245.8,260590.0,0
2017-06-30 00:00:01,1245.2,1248.2,1239.0,1242.3,210097.0,0
2017-07-03 00:00:01,1220.1,1224.6,1220.0,1219.2,26906.0,0
2017-07-05 00:00:01,1223.0,1228.4,1216.5,1221.7,348799.0,0
2017-07-06 00:00:01,1226.5,1229.5,1221.8,1223.3,185809.0,0
2017-07-07 00:00:01,1224.6,1228.1,1206.6,1209.7,310483.0,0
2017-07-10 00:00:01,1212.1,1215.0,1204.0,1213.2,233437.0,0
2017-07-11 00:00:01,1213.8,1217.1,1207.4,1214.7,213121.0,0
2017-07-12 00:00:01,1216.5,1225.2,1212.5,1219.1,254172.0,0
2017-07-13 00:00:01,1219.2,1223.6,1215.6,1217.3,219900.0,0
2017-07-14 00:00:01,1216.4,1232.7,1214.0,1227.5,258301.0,0
2017-07-17 00:00:01,1228.7,1235.4,1227.5,1233.7,166096.0,0
2017-07-18 00:00:01,1233.3,1244.1,1232.2,1241.9,245241.0,0
2017-07-19 00:00:01,1242.0,1243.5,1235.1,1242.0,189980.0,0
2017-07-20 00:00:01,1240.6,1247.2,1234.6,1245.5,263291.0,0
2017-07-21 00:00:01,1250.8,1262.1,1249.5,1261.0,51035.0,0
2017-07-24 00:00:01,1261.4,1265.1,1258.1,1260.7,61616.0,0
2017-07-25 00:00:01,1261.9,1264.2,1255.1,1258.5,61360.0,0
2017-07-26 00:00:01,1256.2,1269.8,1249.4,1255.6,92181.0,0
2017-07-27 00:00:01,1266.8,1271.3,1260.3,1266.5,154412.0,0
2017-07-28 00:00:01,1265.0,1277.0,1263.2,1275.3,241286.0,0
2017-07-31 00:00:01,1276.3,1277.3,1271.7,1273.4,158464.0,0
2017-08-01 00:00:01,1275.6,1280.3,1268.4,1279.4,206396.0,0
2017-08-02 00:00:01,1275.2,1279.0,1268.9,1278.4,204629.0,0
2017-08-03 00:00:01,1272.6,1277.0,1262.9,1274.4,198615.0,0
2017-08-04 00:00:01,1275.3,1276.5,1259.8,1264.6,260834.0,0
2017-08-07 00:00:01,1264.3,1265.6,1261.3,1264.7,120039.0,0
2017-08-08 00:00:01,1262.9,1271.0,1257.1,1262.6,240864.0,0
2017-08-09 00:00:01,1266.1,1284.7,1265.9,1279.3,280929.0,0
2017-08-10 00:00:01,1283.2,1293.8,1280.3,1290.1,257651.0,0
2017-08-11 00:00:01,1292.5,1298.1,1286.7,1294.0,259307.0,0
2017-08-14 00:00:01,1296.4,1296.4,1284.2,1290.4,233106.0,0
2017-08-15 00:00:01,1287.0,1287.7,1272.7,1279.7,278698.0,0
2017-08-16 00:00:01,1276.9,1289.5,1273.2,1282.9,268454.0,0
2017-08-17 00:00:01,1290.0,1296.0,1286.4,1292.4,316050.0,0
2017-08-18 00:00:01,1293.8,1306.9,1289.1,1291.6,379352.0,0
2017-08-21 00:00:01,1289.1,1299.7,1286.2,1296.7,254319.0,0
2017-08-22 00:00:01,1297.1,1298.1,1287.0,1291.0,259806.0,0
2017-08-23 00:00:01,1290.4,1297.0,1287.9,1294.7,226744.0,0
2017-08-24 00:00:01,1296.0,1296.8,1289.3,1292.0,237998.0,0
2017-08-25 00:00:01,1291.3,1301.4,1281.3,1297.9,350288.0,0
2017-08-28 00:00:01,1297.6,1317.8,1297.0,1315.3,310489.0,0
2017-08-29 00:00:01,1320.5,1331.9,1310.6,1318.9,444146.0,0
2017-08-30 00:00:01,1314.8,1319.3,1310.1,1314.1,301091.0,0
2017-08-31 00:00:01,1314.1,1329.0,1302.3,1322.2,359132.0,0
2017-09-01 00:00:01,1339.7,1343.5,1330.4,1330.4,52922.0,0
2017-09-05 00:00:01,1339.8,1349.7,1331.1,1344.5,546280.0,0
2017-09-06 00:00:01,1345.0,1347.7,1336.4,1339.0,297521.0,0
2017-09-07 00:00:01,1339.0,1355.5,1337.2,1350.3,354009.0,0
2017-09-08 00:00:01,1354.0,1362.4,1347.1,1351.2,377234.0,0
2017-09-11 00:00:01,1341.5,1344.6,1330.6,1335.7,292049.0,0
2017-09-12 00:00:01,1331.7,1336.3,1326.7,1332.7,281134.0,0
2017-09-13 00:00:01,1336.2,1340.5,1324.5,1328.0,298024.0,0
2017-09-14 00:00:01,1327.6,1334.9,1319.5,1329.3,327600.0,0
2017-09-15 00:00:01,1333.7,1338.2,1323.0,1325.2,313245.0,0
2017-09-18 00:00:01,1324.0,1324.0,1308.1,1310.8,259701.0,0
2017-09-19 00:00:01,1310.5,1315.3,1308.7,1310.6,268037.0,0
2017-09-20 00:00:01,1314.7,1319.8,1299.5,1316.4,343639.0,0
2017-09-21 00:00:01,1304.8,1305.0,1291.2,1294.8,388118.0,0
2017-09-22 00:00:01,1294.1,1301.9,1294.1,1297.5,256421.0,0
2017-09-25 00:00:01,1301.5,1315.8,1291.7,1311.5,357294.0,0
2017-09-26 00:00:01,1314.2,1317.1,1295.0,1301.7,376702.0,0
2017-09-27 00:00:01,1297.3,1299.2,1284.1,1287.8,364084.0,0
2017-09-28 00:00:01,1285.1,1291.6,1280.4,1288.7,279916.0,0
2017-09-29 00:00:01,1290.1,1293.2,1278.2,1284.8,280671.0,0
2017-10-02 00:00:01,1282.2,1282.8,1272.0,1275.8,267375.0,0
2017-10-03 00:00:01,1273.1,1277.4,1271.0,1274.6,202951.0,0
2017-10-04 00:00:01,1274.5,1285.0,1273.1,1276.8,266333.0,0
2017-10-05 00:00:01,1277.5,1281.6,1268.5,1273.2,217774.0,0
2017-10-06 00:00:01,1270.6,1279.2,1262.8,1274.9,361565.0,0
2017-10-09 00:00:01,1278.6,1288.0,1277.7,1285.0,195058.0,0
2017-10-10 00:00:01,1286.8,1296.7,1284.6,1293.8,308402.0,0
2017-10-11 00:00:01,1290.7,1295.9,1286.8,1288.9,258782.0,0
2017-10-12 00:00:01,1294.6,1299.8,1291.8,1296.5,239955.0,0
2017-10-13 00:00:01,1296.0,1306.4,1292.9,1304.6,290549.0,0
2017-10-16 00:00:01,1306.0,1308.4,1292.5,1303.0,265876.0,0
2017-10-17 00:00:01,1297.2,1298.4,1283.2,1286.2,328145.0,0
2017-10-18 00:00:01,1286.9,1290.8,1278.6,1283.0,250218.0,0
2017-10-19 00:00:01,1282.8,1292.8,1277.6,1290.0,345419.0,0
2017-10-20 00:00:01,1292.0,1292.9,1279.3,1280.5,308883.0,0
2017-10-23 00:00:01,1281.5,1284.7,1273.6,1280.9,276923.0,0
2017-10-24 00:00:01,1283.9,1285.3,1274.8,1278.3,262004.0,0
2017-10-25 00:00:01,1278.0,1281.3,1272.0,1279.0,368454.0,0
2017-10-26 00:00:01,1278.6,1283.8,1266.4,1269.6,377535.0,0
2017-10-27 00:00:01,1268.0,1275.2,1263.8,1271.8,352515.0,0
2017-10-30 00:00:01,1274.3,1279.9,1269.8,1277.7,253987.0,0
2017-10-31 00:00:01,1277.6,1279.1,1268.3,1270.5,264613.0,0
2017-11-01 00:00:01,1271.8,1281.9,1268.5,1277.3,376514.0,0
2017-11-02 00:00:01,1275.2,1285.1,1274.0,1278.1,374063.0,0
2017-11-03 00:00:01,1277.5,1281.2,1265.9,1269.2,361591.0,0
2017-11-06 00:00:01,1270.7,1283.9,1266.4,1281.6,340658.0,0
2017-11-07 00:00:01,1282.6,1282.8,1272.3,1275.8,327931.0,0
2017-11-08 00:00:01,1276.4,1288.1,1276.1,1283.7,346077.0,0
2017-11-09 00:00:01,1286.0,1287.7,1285.4,1287.5,20559.0,0
2017-11-10 00:00:01,1286.0,1287.7,1273.6,1274.2,342281.0,0
2017-11-13 00:00:01,1275.3,1279.9,1274.4,1278.9,213187.0,0
2017-11-14 00:00:01,1278.9,1283.8,1269.7,1282.9,342150.0,0
2017-11-15 00:00:01,1280.7,1290.0,1276.5,1277.7,417251.0,0
2017-11-16 00:00:01,1278.0,1281.8,1274.9,1278.2,268021.0,0
2017-11-17 00:00:01,1278.8,1297.5,1278.1,1296.5,368094.0,0
2017-11-20 00:00:01,1294.1,1295.1,1274.1,1275.3,399552.0,0
2017-11-21 00:00:01,1276.6,1284.5,1275.8,1281.7,315463.0,0
2017-11-22 00:00:01,1296.1,1296.4,1293.7,1296.8,5008.0,0
2017-11-24 00:00:01,1296.1,1297.6,1289.5,1291.8,83375.0,0
2017-11-27 00:00:01,1292.0,1303.4,1290.7,1298.9,143791.0,0
2017-11-28 00:00:01,1298.8,1301.3,1294.5,1299.2,224246.0,0
2017-11-29 00:00:01,1298.0,1300.4,1285.1,1286.2,370799.0,0
2017-11-30 00:00:01,1286.9,1288.4,1273.1,1276.7,331729.0,0
2017-12-01 00:00:01,1277.9,1292.5,1274.2,1282.3,421344.0,0
2017-12-04 00:00:01,1277.6,1280.5,1273.5,1277.7,250246.0,0
2017-12-05 00:00:01,1279.1,1279.8,1263.2,1264.9,311493.0,0
2017-12-06 00:00:01,1268.3,1271.8,1264.8,1266.1,239509.0,0
2017-12-07 00:00:01,1265.2,1266.8,1245.8,1253.1,305430.0,0
2017-12-08 00:00:01,1249.5,1254.4,1244.4,1248.4,270293.0,0
2017-12-11 00:00:01,1249.2,1253.4,1242.4,1246.9,185028.0,0
2017-12-12 00:00:01,1243.9,1247.9,1238.3,1241.7,216831.0,0
2017-12-13 00:00:01,1246.3,1259.7,1242.3,1248.6,296022.0,0
2017-12-14 00:00:01,1258.1,1261.6,1252.8,1257.1,252441.0,0
2017-12-15 00:00:01,1255.5,1264.5,1255.2,1257.5,230959.0,0
2017-12-18 00:00:01,1257.8,1267.0,1255.3,1265.5,202834.0,0
2017-12-19 00:00:01,1265.4,1268.6,1262.3,1264.2,196646.0,0
2017-12-20 00:00:01,1264.8,1271.4,1264.4,1269.6,198670.0,0
2017-12-21 00:00:01,1268.8,1272.5,1266.0,1270.6,188932.0,0
2017-12-22 00:00:01,1270.3,1280.4,1268.4,1278.8,180314.0,0
2017-12-26 00:00:01,1279.0,1288.4,1277.7,1287.5,130981.0,0
2017-12-27 00:00:01,1287.8,1293.2,1286.0,1291.4,193217.0,0
2017-12-28 00:00:01,1292.0,1297.3,1290.5,1297.2,213624.0,0
2017-12-29 00:00:01,1297.5,1309.8,1296.1,1309.3,226714.0,0
2018-01-02 00:00:01,1305.3,1320.4,1304.6,1316.1,269072.0,0
2018-01-03 00:00:01,1319.0,1323.0,1308.9,1318.5,342866.0,0
2018-01-04 00:00:01,1315.5,1327.3,1307.1,1321.6,350803.0,0
2018-01-05 00:00:01,1324.4,1324.7,1314.6,1322.3,322422.0,0
2018-01-08 00:00:01,1321.8,1323.0,1315.7,1320.4,238332.0,0
2018-01-09 00:00:01,1321.2,1321.4,1309.5,1313.7,321636.0,0
2018-01-10 00:00:01,1313.3,1328.6,1308.9,1319.3,382605.0,0
2018-01-11 00:00:01,1317.5,1324.7,1316.1,1322.5,254541.0,0
2018-01-12 00:00:01,1337.3,1342.4,1334.9,1334.9,44651.0,0
2018-01-16 00:00:01,1340.9,1345.0,1332.1,1337.1,472155.0,0
2018-01-17 00:00:01,1339.0,1344.5,1326.6,1339.2,358312.0,0
2018-01-18 00:00:01,1327.4,1333.3,1324.3,1327.2,305093.0,0
2018-01-19 00:00:01,1327.0,1338.2,1326.6,1333.1,268077.0,0
2018-01-22 00:00:01,1334.0,1335.8,1328.0,1331.9,325008.0,0
2018-01-23 00:00:01,1333.0,1341.5,1330.7,1336.7,354786.0,0
2018-01-24 00:00:01,1346.2,1366.8,1344.1,1361.4,147749.0,0
2018-01-25 00:00:01,1362.7,1370.5,1346.2,1368.0,140915.0,0
2018-01-26 00:00:01,1352.7,1361.0,1348.6,1357.2,139946.0,0
2018-01-29 00:00:01,1353.7,1356.3,1340.9,1345.1,224553.0,0
2018-01-30 00:00:01,1344.0,1352.5,1337.5,1340.0,394887.0,0
2018-01-31 00:00:01,1341.8,1351.0,1335.5,1343.1,365063.0,0
2018-02-01 00:00:01,1348.2,1354.3,1340.2,1347.9,301115.0,0
2018-02-02 00:00:01,1352.2,1353.3,1330.1,1337.3,416513.0,0
2018-02-05 00:00:01,1334.6,1344.8,1331.6,1336.5,298950.0,0
2018-02-06 00:00:01,1343.1,1349.3,1322.8,1329.5,457363.0,0
2018-02-07 00:00:01,1326.6,1334.8,1313.5,1314.6,335680.0,0
2018-02-08 00:00:01,1320.7,1324.5,1309.0,1319.0,349123.0,0
2018-02-09 00:00:01,1321.0,1325.0,1313.2,1315.7,306980.0,0
2018-02-12 00:00:01,1317.1,1330.0,1316.3,1326.4,203283.0,0
2018-02-13 00:00:01,1325.0,1333.5,1323.7,1330.4,192998.0,0
2018-02-14 00:00:01,1331.9,1358.6,1319.1,1358.0,405262.0,0
2018-02-15 00:00:01,1353.0,1359.8,1350.8,1355.3,251537.0,0
2018-02-16 00:00:01,1350.2,1356.2,1349.5,1356.2,21489.0,0
2018-02-20 00:00:01,1348.9,1354.0,1330.6,1331.2,357520.0,0
2018-02-21 00:00:01,1331.2,1338.5,1324.4,1332.1,244241.0,0
2018-02-22 00:00:01,1326.2,1334.4,1322.9,1332.7,201972.0,0
2018-02-23 00:00:01,1333.7,1334.2,1327.7,1330.3,165052.0,0
2018-02-26 00:00:01,1330.4,1342.9,1328.0,1332.8,237905.0,0
2018-02-27 00:00:01,1331.7,1332.6,1312.7,1315.5,710.0,0
2018-02-28 00:00:01,1318.9,1323.7,1316.7,1317.9,251263.0,0
2018-03-01 00:00:01,1319.3,1322.3,1303.6,1305.2,395651.0,0
2018-03-02 00:00:01,1318.0,1326.6,1316.2,1323.4,256112.0,0
2018-03-05 00:00:01,1324.9,1328.9,1318.3,1319.9,215468.0,0
2018-03-06 00:00:01,1321.0,1339.9,1320.8,1335.2,269691.0,0
2018-03-07 00:00:01,1339.5,1342.0,1323.0,1327.6,297281.0,0
2018-03-08 00:00:01,1326.2,1329.8,1319.6,1321.7,241811.0,0
2018-03-09 00:00:01,1322.7,1325.9,1313.2,1324.0,336571.0,0
2018-03-12 00:00:01,1324.1,1325.0,1315.3,1320.8,214392.0,0
2018-03-13 00:00:01,1323.3,1328.8,1313.8,1327.1,321790.0,0
2018-03-14 00:00:01,1326.7,1330.5,1321.7,1325.6,247027.0,0
2018-03-15 00:00:01,1324.7,1328.1,1314.9,1317.8,241746.0,0
2018-03-16 00:00:01,1316.8,1321.8,1309.5,1312.3,277568.0,0
2018-03-19 00:00:01,1312.9,1319.6,1307.4,1317.8,283944.0,0
2018-03-20 00:00:01,1316.5,1318.1,1306.6,1311.9,281146.0,0
2018-03-21 00:00:01,1310.6,1336.9,1309.5,1321.5,451237.0,0
2018-03-22 00:00:01,1338.0,1340.8,1330.3,1333.2,70121.0,0
2018-03-23 00:00:01,1335.5,1356.3,1334.7,1355.7,124800.0,0
2018-03-26 00:00:01,1350.6,1361.8,1349.2,1360.9,187073.0,0
2018-03-27 00:00:01,1351.1,1352.2,1347.9,1347.9,24159.0,0
2018-03-28 00:00:01,1351.1,1352.2,1327.7,1330.0,358319.0,0
2018-03-29 00:00:01,1329.3,1332.6,1325.4,1327.3,235348.0,0
2018-04-02 00:00:01,1336.3,1355.1,1335.1,1352.9,4979.0,0
2018-04-03 00:00:01,1345.0,1346.6,1332.7,1337.3,276654.0,0
2018-04-04 00:00:01,1336.7,1352.5,1335.2,1340.2,334886.0,0
2018-04-05 00:00:01,1337.1,1338.7,1326.0,1328.5,266243.0,0
2018-04-06 00:00:01,1329.7,1339.1,1322.6,1336.1,361181.0,0
2018-04-09 00:00:01,1338.0,1341.5,1330.1,1340.1,222038.0,0
2018-04-10 00:00:01,1339.8,1346.2,1334.2,1345.9,278138.0,0
2018-04-11 00:00:01,1343.1,1369.4,1342.5,1360.0,467541.0,0
2018-04-12 00:00:01,1356.3,1356.7,1336.7,1341.9,374672.0,0
2018-04-13 00:00:01,1337.6,1350.3,1335.5,1347.9,253937.0,0
2018-04-16 00:00:01,1349.8,1353.5,1342.8,1350.7,258382.0,0
2018-04-17 00:00:01,1349.1,1352.2,1340.2,1349.5,267744.0,0
2018-04-18 00:00:01,1350.4,1359.0,1345.0,1353.5,298749.0,0
2018-04-19 00:00:01,1352.4,1357.7,1343.2,1348.8,325544.0,0
2018-04-20 00:00:01,1348.5,1348.9,1337.0,1338.3,269829.0,0
2018-04-23 00:00:01,1336.2,1337.6,1323.8,1324.0,276592.0,0
2018-04-24 00:00:01,1326.1,1334.5,1323.6,1333.0,267707.0,0
2018-04-25 00:00:01,1332.0,1333.8,1320.2,1322.8,256659.0,0
2018-04-26 00:00:01,1324.2,1328.0,1316.2,1317.9,285847.0,0
2018-04-27 00:00:01,1318.0,1326.4,1315.8,1323.4,232724.0,0
2018-04-30 00:00:01,1324.0,1325.9,1310.7,1319.2,287438.0,0
2018-05-01 00:00:01,1316.0,1317.4,1302.3,1306.8,267336.0,0
2018-05-02 00:00:01,1304.4,1314.9,1304.3,1305.6,350840.0,0
2018-05-03 00:00:01,1305.5,1319.0,1305.2,1312.7,297240.0,0
2018-05-04 00:00:01,1312.8,1316.9,1308.5,1314.7,299809.0,0
2018-05-07 00:00:01,1316.3,1320.1,1310.6,1314.1,230426.0,0
2018-05-08 00:00:01,1314.1,1318.5,1306.2,1313.7,398268.0,0
2018-05-09 00:00:01,1315.3,1317.8,1304.2,1313.0,372491.0,0
2018-05-10 00:00:01,1312.8,1323.4,1310.6,1322.3,362491.0,0
2018-05-11 00:00:01,1321.8,1326.3,1317.0,1320.7,259923.0,0
2018-05-14 00:00:01,1318.3,1322.4,1312.8,1318.2,235892.0,0
2018-05-15 00:00:01,1313.2,1314.7,1288.2,1290.3,461831.0,0
2018-05-16 00:00:01,1290.1,1296.4,1285.7,1291.5,321197.0,0
2018-05-17 00:00:01,1290.2,1294.0,1284.0,1289.4,289678.0,0
2018-05-18 00:00:01,1290.0,1293.7,1285.1,1291.3,254923.0,0
2018-05-21 00:00:01,1290.3,1292.7,1281.2,1290.9,313755.0,0
2018-05-22 00:00:01,1298.2,1301.3,1292.8,1297.4,42154.0,0
2018-05-23 00:00:01,1295.9,1303.8,1292.0,1294.8,61616.0,0
2018-05-24 00:00:01,1298.0,1311.8,1297.4,1309.8,99686.0,0
2018-05-25 00:00:01,1305.7,1309.0,1299.9,1309.0,61195.0,0
2018-05-29 00:00:01,1302.2,1311.3,1296.6,1304.1,348290.0,0
2018-05-30 00:00:01,1303.1,1308.8,1300.0,1306.5,320122.0,0
2018-05-31 00:00:01,1306.0,1311.5,1301.0,1304.7,293132.0,0
2018-06-01 00:00:01,1303.0,1304.8,1293.1,1299.3,308394.0,0
2018-06-04 00:00:01,1296.7,1302.3,1293.8,1297.3,209443.0,0
2018-06-05 00:00:01,1296.4,1304.8,1293.5,1302.2,257770.0,0
2018-06-06 00:00:01,1300.6,1306.1,1297.7,1301.4,239391.0,0
2018-06-07 00:00:01,1300.9,1307.8,1299.0,1303.0,239302.0,0
2018-06-08 00:00:01,1301.3,1304.8,1296.0,1302.7,211335.0,0
2018-06-11 00:00:01,1303.5,1307.0,1297.8,1303.2,206333.0,0
2018-06-12 00:00:01,1304.5,1304.8,1296.3,1299.4,227402.0,0
2018-06-13 00:00:01,1299.6,1305.2,1294.5,1301.3,254837.0,0
2018-06-14 00:00:01,1303.1,1313.0,1301.0,1308.3,332112.0,0
2018-06-15 00:00:01,1305.9,1306.7,1277.9,1278.5,495364.0,0
2018-06-18 00:00:01,1281.1,1284.9,1279.5,1280.1,180772.0,0
2018-06-19 00:00:01,1280.7,1286.8,1272.6,1278.6,272942.0,0
2018-06-20 00:00:01,1277.3,1278.6,1269.6,1274.5,223323.0,0
2018-06-21 00:00:01,1269.7,1272.3,1262.4,1270.5,268481.0,0
2018-06-22 00:00:01,1268.6,1273.1,1268.4,1270.7,177199.0,0
2018-06-25 00:00:01,1272.2,1274.4,1265.5,1268.9,191258.0,0
2018-06-26 00:00:01,1267.3,1269.4,1256.4,1259.9,243918.0,0
2018-06-27 00:00:01,1260.5,1261.9,1252.2,1256.1,250008.0,0
2018-06-28 00:00:01,1253.6,1255.8,1247.2,1251.0,234981.0,0
2018-06-29 00:00:01,1249.5,1257.1,1246.9,1254.5,221077.0,0
2018-07-02 00:00:01,1253.4,1255.6,1240.6,1241.7,251533.0,0
2018-07-03 00:00:01,1253.5,1262.4,1238.8,1253.5,145678.0,0
2018-07-05 00:00:01,1257.7,1262.4,1252.2,1258.8,372468.0,0
2018-07-06 00:00:01,1258.4,1260.2,1253.7,1255.8,195750.0,0
2018-07-09 00:00:01,1255.7,1266.9,1255.7,1259.6,231724.0,0
2018-07-10 00:00:01,1258.5,1261.0,1247.7,1255.4,266748.0,0
2018-07-11 00:00:01,1256.7,1257.3,1241.7,1244.4,293555.0,0
2018-07-12 00:00:01,1242.3,1248.8,1241.4,1246.6,216104.0,0
2018-07-13 00:00:01,1247.7,1248.5,1236.2,1241.2,248662.0,0
2018-07-16 00:00:01,1241.0,1245.8,1238.3,1239.7,178908.0,0
2018-07-17 00:00:01,1240.8,1245.1,1225.9,1227.3,304251.0,0
2018-07-18 00:00:01,1227.0,1229.1,1220.9,1227.9,272126.0,0
2018-07-19 00:00:01,1227.3,1229.6,1210.7,1224.0,414022.0,0
2018-07-20 00:00:01,1222.9,1232.4,1215.3,1231.1,342215.0,0
2018-07-23 00:00:01,1240.7,1244.7,1231.1,1234.4,75122.0,0
2018-07-24 00:00:01,1233.4,1238.6,1227.0,1234.6,64451.0,0
2018-07-25 00:00:01,1233.3,1243.4,1232.5,1241.0,55539.0,0
2018-07-26 00:00:01,1240.8,1244.6,1231.3,1235.3,99096.0,0
2018-07-27 00:00:01,1231.4,1236.5,1226.3,1232.7,150903.0,0
2018-07-30 00:00:01,1231.1,1234.1,1227.8,1231.5,178604.0,0
2018-07-31 00:00:01,1230.5,1237.8,1222.6,1233.6,287649.0,0
2018-08-01 00:00:01,1232.7,1233.7,1224.4,1227.6,210076.0,0
2018-08-02 00:00:01,1214.7,1219.3,1205.8,1210.6,411.0,0
2018-08-03 00:00:01,1216.0,1228.5,1212.5,1223.2,272386.0,0
2018-08-06 00:00:01,1214.4,1214.4,1206.6,1208.6,297.0,0
2018-08-07 00:00:01,1215.8,1224.3,1215.6,1218.3,199691.0,0
2018-08-08 00:00:01,1218.7,1223.8,1213.6,1221.0,255706.0,0
2018-08-09 00:00:01,1222.0,1225.6,1218.4,1219.9,225166.0,0
2018-08-10 00:00:01,1220.0,1224.9,1213.1,1219.0,317657.0,0
2018-08-13 00:00:01,1218.4,1221.4,1198.6,1198.9,363069.0,0
2018-08-14 00:00:01,1193.1,1197.5,1192.8,1193.0,92.0,0
2018-08-15 00:00:01,1201.5,1202.0,1180.0,1185.0,364039.0,0
2018-08-16 00:00:01,1183.0,1189.0,1167.1,1184.0,353666.0,0
2018-08-17 00:00:01,1180.7,1192.0,1178.5,1184.2,246695.0,0
2018-08-20 00:00:01,1190.4,1197.7,1189.6,1194.6,199964.0,0
2018-08-21 00:00:01,1197.3,1204.3,1194.3,1200.0,211149.0,0
2018-08-22 00:00:01,1203.0,1208.4,1199.2,1203.3,227367.0,0
2018-08-23 00:00:01,1202.8,1203.4,1190.2,1194.0,226193.0,0
2018-08-24 00:00:01,1191.6,1215.4,1189.5,1213.3,286519.0,0
2018-08-27 00:00:01,1214.5,1218.8,1209.3,1216.0,205140.0,0
2018-08-28 00:00:01,1209.7,1217.0,1202.3,1207.4,136.0,0
2018-08-29 00:00:01,1206.6,1213.7,1206.6,1211.5,235721.0,0
2018-08-30 00:00:01,1212.6,1214.0,1202.1,1205.0,276369.0,0
2018-08-31 00:00:01,1206.3,1209.7,1201.2,1206.7,117750.0,0
2018-09-04 00:00:01,1207.0,1209.7,1195.1,1199.1,402704.0,0
2018-09-05 00:00:01,1197.2,1204.2,1196.4,1201.3,203575.0,0
2018-09-06 00:00:01,1202.5,1212.7,1200.5,1204.3,278851.0,0
2018-09-07 00:00:01,1205.6,1209.0,1198.7,1200.4,272324.0,0
2018-09-10 00:00:01,1200.7,1203.8,1196.2,1199.8,207244.0,0
2018-09-11 00:00:01,1200.4,1204.8,1192.7,1202.2,253326.0,0
2018-09-12 00:00:01,1203.5,1213.9,1197.6,1210.9,292275.0,0
2018-09-13 00:00:01,1212.4,1218.0,1205.0,1208.2,295658.0,0
2018-09-14 00:00:01,1206.6,1213.8,1197.7,1201.1,276004.0,0
2018-09-17 00:00:01,1199.8,1209.7,1197.5,1205.8,205761.0,0
2018-09-18 00:00:01,1206.4,1208.2,1200.3,1202.9,223080.0,0
2018-09-19 00:00:01,1202.2,1202.2,1202.2,1202.2,0.0,0
2018-09-20 00:00:01,1208.8,1213.2,1205.1,1211.3,232693.0,0
2018-09-21 00:00:01,1212.1,1215.8,1196.0,1201.3,333369.0,0
2018-09-24 00:00:01,1204.0,1208.8,1198.6,1204.4,207122.0,0
2018-09-25 00:00:01,1203.1,1207.9,1201.3,1205.1,192109.0,0
2018-09-26 00:00:01,1205.5,1206.9,1194.6,1199.1,330481.0,0
2018-09-27 00:00:01,1194.6,1197.3,1180.5,1182.3,4947.0,0
2018-09-28 00:00:01,1186.8,1198.0,1184.3,1196.2,300928.0,0
2018-10-01 00:00:01,1196.1,1196.5,1188.1,1191.7,213617.0,0
2018-10-02 00:00:01,1192.7,1212.3,1192.2,1207.0,350240.0,0
2018-10-03 00:00:01,1207.0,1212.3,1200.4,1202.9,246832.0,0
2018-10-04 00:00:01,1201.4,1210.7,1199.6,1201.6,280314.0,0
2018-10-05 00:00:01,1203.7,1209.8,1200.9,1205.6,250219.0,0
2018-10-08 00:00:01,1201.0,1201.0,1183.7,1184.4,250.0,0
2018-10-09 00:00:01,1192.2,1195.8,1186.6,1191.5,236941.0,0
2018-10-10 00:00:01,1192.7,1198.6,1188.5,1193.4,243118.0,0
2018-10-11 00:00:01,1197.9,1230.0,1194.7,1227.6,503085.0,0
2018-10-12 00:00:01,1227.7,1228.1,1219.3,1222.0,309392.0,0
2018-10-15 00:00:01,1222.4,1232.3,1222.4,1226.4,136.0,0
2018-10-16 00:00:01,1230.5,1235.9,1226.3,1231.0,233393.0,0
2018-10-17 00:00:01,1228.0,1232.9,1223.7,1227.4,228207.0,0
2018-10-18 00:00:01,1225.5,1233.6,1221.7,1230.1,239133.0,0
2018-10-19 00:00:01,1228.6,1234.1,1226.2,1228.7,188648.0,0
2018-10-22 00:00:01,1230.5,1232.6,1222.8,1224.6,180132.0,0
2018-10-23 00:00:01,1225.1,1243.0,1224.5,1236.8,276325.0,0
2018-10-24 00:00:01,1233.8,1238.0,1228.3,1231.1,204289.0,0
2018-10-25 00:00:01,1236.6,1242.0,1230.5,1232.4,252780.0,0
2018-10-26 00:00:01,1234.7,1246.0,1232.5,1235.8,304896.0,0
2018-10-29 00:00:01,1236.4,1237.6,1226.1,1227.6,225204.0,0
2018-10-30 00:00:01,1231.9,1232.5,1221.4,1225.3,218624.0,0
2018-10-31 00:00:01,1224.7,1225.0,1213.4,1215.0,231855.0,0
2018-11-01 00:00:01,1216.6,1239.3,1216.1,1238.6,293251.0,0
2018-11-02 00:00:01,1235.3,1238.4,1231.3,1233.3,249587.0,0
2018-11-05 00:00:01,1234.5,1236.8,1228.4,1232.3,157253.0,0
2018-11-06 00:00:01,1233.4,1237.8,1224.9,1226.3,188660.0,0
2018-11-07 00:00:01,1228.9,1238.4,1224.2,1228.7,252072.0,0
2018-11-08 00:00:01,1227.7,1228.5,1220.8,1225.1,229614.0,0
2018-11-09 00:00:01,1224.3,1224.6,1207.2,1208.6,306462.0,0
2018-11-12 00:00:01,1201.6,1201.6,1201.6,1201.3,1.0,0
2018-11-13 00:00:01,1196.3,1201.3,1196.3,1199.2,5.0,0
2018-11-14 00:00:01,1202.8,1217.2,1198.1,1210.1,268788.0,0
2018-11-15 00:00:01,1211.8,1217.0,1207.1,1215.0,234966.0,0
2018-11-16 00:00:01,1214.4,1226.0,1213.7,1223.0,237367.0,0
2018-11-19 00:00:01,1222.6,1226.5,1218.5,1225.3,189907.0,0
2018-11-20 00:00:01,1224.6,1229.5,1220.3,1221.2,245888.0,0
2018-11-21 00:00:01,1225.8,1225.8,1225.8,1225.8,0.0,0
2018-11-23 00:00:01,1227.8,1229.7,1220.3,1223.2,234908.0,0
2018-11-26 00:00:01,1230.4,1234.5,1228.0,1228.7,141646.0,0
2018-11-27 00:00:01,1228.5,1231.7,1217.8,1219.9,132694.0,0
2018-11-28 00:00:01,1220.9,1233.8,1216.8,1229.8,199518.0,0
2018-11-29 00:00:01,1227.1,1234.9,1226.7,1230.4,229628.0,0
2018-11-30 00:00:01,1229.9,1231.1,1221.8,1226.0,158763.0,0
2018-12-03 00:00:01,1227.8,1240.4,1226.6,1239.6,233816.0,0
2018-12-04 00:00:01,1236.3,1247.5,1235.8,1246.6,214514.0,0
2018-12-05 00:00:01,1244.6,1244.8,1238.7,1242.6,104283.0,0
2018-12-06 00:00:01,1243.0,1249.9,1240.0,1243.6,238860.0,0
2018-12-07 00:00:01,1243.1,1255.8,1242.6,1252.6,215414.0,0
2018-12-10 00:00:01,1255.6,1256.6,1246.9,1249.4,190957.0,0
2018-12-11 00:00:01,1249.8,1255.1,1245.8,1247.2,176025.0,0
2018-12-12 00:00:01,1248.3,1252.6,1247.1,1250.0,144462.0,0
2018-12-13 00:00:01,1250.7,1251.7,1244.4,1247.4,148496.0,0
2018-12-14 00:00:01,1246.2,1247.3,1236.5,1241.4,183625.0,0
2018-12-17 00:00:01,1242.8,1252.2,1239.4,1251.8,156508.0,0
2018-12-18 00:00:01,1249.7,1254.5,1249.0,1253.6,164361.0,0
2018-12-19 00:00:01,1253.5,1262.2,1245.3,1256.4,261331.0,0
2018-12-20 00:00:01,1247.0,1270.3,1246.2,1267.9,303814.0,0
2018-12-21 00:00:01,1263.5,1266.2,1257.1,1258.1,200024.0,0
2018-12-24 00:00:01,1260.7,1273.9,1260.0,1271.8,130455.0,0
2018-12-26 00:00:01,1273.5,1282.3,1267.4,1273.0,198175.0,0
2018-12-27 00:00:01,1270.1,1281.6,1269.1,1281.1,200717.0,0
2018-12-28 00:00:01,1278.0,1284.7,1276.5,1283.0,155354.0,0
2018-12-31 00:00:01,1283.0,1286.5,1279.7,1281.3,108913.0,0
2019-01-02 00:00:01,1285.0,1291.0,1280.6,1284.1,222578.0,0
2019-01-03 00:00:01,1288.5,1296.9,1286.4,1294.8,229532.0,0
2019-01-04 00:00:01,1296.5,1300.4,1278.1,1285.8,299076.0,0
2019-01-07 00:00:01,1287.0,1297.0,1284.1,1289.9,197176.0,0
2019-01-08 00:00:01,1289.9,1291.4,1280.2,1285.9,206439.0,0
2019-01-09 00:00:01,1286.1,1295.0,1280.9,1292.0,232491.0,0
2019-01-10 00:00:01,1294.7,1298.0,1286.7,1287.4,227942.0,0
2019-01-11 00:00:01,1287.6,1295.7,1287.0,1289.5,200393.0,0
2019-01-14 00:00:01,1292.4,1293.9,1289.9,1289.1,7.0,0
2019-01-15 00:00:01,1292.4,1294.8,1286.5,1288.4,229624.0,0
2019-01-16 00:00:01,1289.6,1295.4,1287.6,1293.8,173284.0,0
2019-01-17 00:00:01,1293.9,1295.0,1288.3,1292.3,188241.0,0
2019-01-18 00:00:01,1280.7,1283.0,1276.0,1282.6,100826.0,0
2019-01-22 00:00:01,1279.1,1285.0,1276.0,1283.4,307704.0,0
2019-01-23 00:00:01,1290.8,1292.1,1284.0,1290.2,60819.0,0
2019-01-24 00:00:01,1288.3,1290.0,1281.5,1285.9,68784.0,0
2019-01-25 00:00:01,1286.0,1309.3,1284.8,1304.2,87878.0,0
2019-01-28 00:00:01,1308.5,1309.8,1302.7,1309.3,122869.0,0
2019-01-29 00:00:01,1308.5,1317.1,1307.8,1315.2,171769.0,0
2019-01-30 00:00:01,1317.0,1328.6,1313.5,1315.5,262539.0,0
2019-01-31 00:00:01,1325.4,1331.1,1322.2,1325.2,215552.0,0
2019-02-01 00:00:01,1326.0,1328.2,1320.6,1322.1,192924.0,0
2019-02-04 00:00:01,1322.6,1323.6,1312.7,1319.3,147699.0,0
2019-02-05 00:00:01,1316.8,1321.0,1314.8,1319.2,122758.0,0
2019-02-06 00:00:01,1319.4,1319.9,1309.6,1314.4,133244.0,0
2019-02-07 00:00:01,1310.9,1315.8,1306.4,1314.2,159728.0,0
2019-02-08 00:00:01,1314.3,1319.5,1311.5,1318.5,131864.0,0
2019-02-11 00:00:01,1313.4,1313.4,1304.7,1307.0,119.0,0
2019-02-12 00:00:01,1311.6,1318.3,1310.0,1314.0,144119.0,0
2019-02-13 00:00:01,1311.6,1316.0,1308.1,1310.8,143.0,0
2019-02-14 00:00:01,1309.6,1317.4,1304.7,1313.9,219485.0,0
2019-02-15 00:00:01,1325.0,1330.8,1323.8,1322.1,91941.0,0
2019-02-19 00:00:01,1329.2,1345.0,1323.8,1344.8,334325.0,0
2019-02-20 00:00:01,1343.9,1349.8,1339.8,1347.9,235291.0,0
2019-02-21 00:00:01,1341.7,1344.3,1323.3,1327.8,277389.0,0
2019-02-22 00:00:01,1325.8,1335.6,1323.8,1332.8,236737.0,0
2019-02-25 00:00:01,1331.9,1334.9,1327.3,1329.5,176322.0,0
2019-02-26 00:00:01,1329.9,1332.4,1325.5,1328.5,179292.0,0
2019-02-27 00:00:01,1327.7,1327.9,1316.5,1317.7,604.0,0
2019-02-28 00:00:01,1321.7,1328.9,1314.0,1316.1,238804.0,0
2019-03-01 00:00:01,1315.5,1316.5,1291.3,1299.2,328780.0,0
2019-03-04 00:00:01,1294.4,1298.1,1283.8,1287.5,253631.0,0
2019-03-05 00:00:01,1287.8,1290.6,1282.0,1284.7,207640.0,0
2019-03-06 00:00:01,1288.8,1291.8,1284.3,1287.6,187195.0,0
2019-03-07 00:00:01,1287.3,1289.6,1280.8,1286.1,246103.0,0
2019-03-08 00:00:01,1286.7,1301.3,1285.6,1299.3,270805.0,0
2019-03-11 00:00:01,1298.2,1299.2,1290.6,1291.1,187305.0,0
2019-03-12 00:00:01,1294.7,1294.7,1294.7,1296.3,1.0,0
2019-03-13 00:00:01,1301.8,1311.6,1300.6,1309.3,204246.0,0
2019-03-14 00:00:01,1293.4,1293.4,1293.4,1293.4,1.0,0
2019-03-15 00:00:01,1295.6,1306.3,1293.7,1302.9,224685.0,0
2019-03-18 00:00:01,1302.0,1306.7,1298.0,1301.5,172561.0,0
2019-03-19 00:00:01,1303.7,1310.8,1302.1,1306.5,203029.0,0
2019-03-20 00:00:01,1300.7,1300.7,1300.7,1300.5,2.0,0
2019-03-21 00:00:01,1318.6,1326.3,1309.1,1313.6,59829.0,0
2019-03-22 00:00:01,1315.4,1320.9,1312.8,1318.7,78716.0,0
2019-03-25 00:00:01,1319.7,1330.8,1317.0,1329.0,83949.0,0
2019-03-26 00:00:01,1328.3,1329.3,1318.5,1321.4,119776.0,0
2019-03-27 00:00:01,1321.7,1325.2,1313.7,1316.9,197067.0,0
2019-03-28 00:00:01,1315.0,1317.6,1293.3,1295.3,407079.0,0
2019-03-29 00:00:01,1295.0,1304.6,1291.3,1298.5,260381.0,0
2019-04-01 00:00:01,1297.2,1301.7,1291.0,1294.2,229896.0,0
2019-04-02 00:00:01,1292.2,1297.1,1289.5,1295.4,190667.0,0
2019-04-03 00:00:01,1296.9,1299.0,1292.7,1295.3,186420.0,0
2019-04-04 00:00:01,1294.4,1298.7,1284.9,1294.3,250306.0,0
2019-04-05 00:00:01,1296.5,1297.8,1288.3,1295.6,227617.0,0
2019-04-08 00:00:01,1292.2,1302.1,1291.8,1297.1,63.0,0
2019-04-09 00:00:01,1301.6,1310.4,1300.6,1308.3,196670.0,0
2019-04-10 00:00:01,1308.2,1314.7,1304.7,1313.9,212949.0,0
2019-04-11 00:00:01,1312.4,1313.1,1292.9,1293.3,311101.0,0
2019-04-12 00:00:01,1295.8,1299.1,1293.2,1295.2,185177.0,0
2019-04-15 00:00:01,1294.0,1295.2,1285.3,1291.3,222209.0,0
2019-04-16 00:00:01,1290.8,1291.7,1275.5,1277.2,308866.0,0
2019-04-17 00:00:01,1279.5,1282.1,1275.2,1276.8,209965.0,0
2019-04-18 00:00:01,1276.2,1279.7,1273.0,1276.0,219695.0,0
2019-04-22 00:00:01,1278.0,1281.9,1275.7,1277.6,133327.0,0
2019-04-23 00:00:01,1277.0,1278.5,1267.9,1273.2,271377.0,0
2019-04-24 00:00:01,1274.4,1280.7,1270.5,1279.4,235966.0,0
2019-04-25 00:00:01,1277.9,1284.8,1275.2,1279.7,230543.0,0
2019-04-26 00:00:01,1279.1,1290.9,1276.0,1288.8,268033.0,0
2019-04-29 00:00:01,1289.0,1289.1,1279.9,1281.5,199297.0,0
2019-04-30 00:00:01,1281.7,1283.3,1280.8,1282.8,114.0,0
2019-05-01 00:00:01,1285.2,1289.4,1274.5,1284.2,269944.0,0
2019-05-02 00:00:01,1278.5,1279.4,1267.3,1272.0,273895.0,0
2019-05-03 00:00:01,1271.6,1283.9,1269.0,1281.3,269353.0,0
2019-05-06 00:00:01,1281.8,1287.4,1278.1,1283.8,240672.0,0
2019-05-07 00:00:01,1282.4,1287.3,1279.1,1285.6,241502.0,0
2019-05-08 00:00:01,1285.6,1292.8,1280.2,1281.4,288297.0,0
2019-05-09 00:00:01,1281.9,1289.2,1280.4,1285.2,296815.0,0
2019-05-10 00:00:01,1285.0,1290.3,1283.9,1287.4,227237.0,0
2019-05-13 00:00:01,1288.3,1302.2,1282.4,1301.8,362480.0,0
2019-05-14 00:00:01,1300.8,1304.2,1294.3,1296.3,215009.0,0
2019-05-15 00:00:01,1298.0,1301.7,1293.6,1297.8,241040.0,0
2019-05-16 00:00:01,1297.7,1299.3,1284.2,1286.2,256906.0,0
2019-05-17 00:00:01,1287.2,1289.0,1274.6,1275.7,255125.0,0
2019-05-20 00:00:01,1277.6,1278.8,1273.3,1277.3,206270.0,0
2019-05-21 00:00:01,1277.7,1277.7,1269.0,1273.2,204984.0,0
2019-05-22 00:00:01,1274.4,1277.1,1272.0,1274.2,186404.0,0
2019-05-23 00:00:01,1278.5,1292.5,1277.5,1291.0,71630.0,0
2019-05-24 00:00:01,1289.2,1292.6,1288.9,1289.2,23685.0,0
2019-05-28 00:00:01,1290.5,1292.6,1280.8,1282.5,207053.0,0
2019-05-29 00:00:01,1284.3,1290.3,1283.8,1286.3,194696.0,0
2019-05-30 00:00:01,1279.4,1288.3,1273.9,1287.1,55573.0,0
2019-05-31 00:00:01,1293.2,1311.9,1292.5,1311.1,322176.0,0
2019-06-03 00:00:01,1312.5,1333.0,1310.9,1327.9,347054.0,0
2019-06-04 00:00:01,1324.3,1328.6,1320.8,1323.4,302.0,0
2019-06-05 00:00:01,1330.2,1348.9,1329.3,1333.6,391880.0,0
2019-06-06 00:00:01,1336.1,1344.2,1331.3,1342.7,252464.0,0
2019-06-07 00:00:01,1339.7,1352.7,1334.3,1346.1,314048.0,0
2019-06-10 00:00:01,1341.2,1341.7,1329.0,1329.3,220533.0,0
2019-06-11 00:00:01,1331.8,1333.8,1323.6,1331.2,204179.0,0
2019-06-12 00:00:01,1330.6,1342.3,1329.8,1336.8,226929.0,0
2019-06-13 00:00:01,1337.8,1347.0,1335.9,1343.7,197876.0,0
2019-06-14 00:00:01,1346.5,1362.2,1341.4,1344.5,346086.0,0
2019-06-17 00:00:01,1345.5,1347.1,1336.6,1342.9,230833.0,0
2019-06-18 00:00:01,1343.9,1358.5,1342.1,1350.7,364839.0,0
2019-06-19 00:00:01,1350.4,1366.6,1344.8,1348.8,320720.0,0
2019-06-20 00:00:01,1364.5,1397.7,1361.3,1396.9,511767.0,0
2019-06-21 00:00:01,1391.2,1415.4,1386.1,1400.1,496645.0,0
2019-06-24 00:00:01,1403.9,1425.1,1403.6,1418.2,359931.0,0
2019-06-25 00:00:01,1423.4,1442.9,1415.1,1418.7,618309.0,0
2019-06-26 00:00:01,1407.2,1413.3,1405.8,1411.6,84.0,0
2019-06-27 00:00:01,1412.7,1415.3,1401.4,1412.0,324556.0,0
2019-06-28 00:00:01,1413.3,1427.8,1408.6,1409.7,297964.0,0
2019-07-01 00:00:01,1386.6,1395.8,1382.8,1385.6,214.0,0
2019-07-02 00:00:01,1386.2,1424.0,1386.2,1408.0,372203.0,0
2019-07-03 00:00:01,1421.6,1424.4,1412.7,1420.9,118832.0,0
2019-07-05 00:00:01,1418.8,1426.8,1388.6,1400.1,555564.0,0
2019-07-08 00:00:01,1401.0,1409.9,1393.8,1400.0,303906.0,0
2019-07-09 00:00:01,1397.9,1402.4,1387.5,1400.5,276008.0,0
2019-07-10 00:00:01,1400.0,1421.1,1391.8,1412.5,426438.0,0
2019-07-11 00:00:01,1421.1,1429.4,1402.7,1406.7,380765.0,0
2019-07-12 00:00:01,1406.2,1418.9,1404.5,1412.2,272092.0,0
2019-07-15 00:00:01,1417.7,1421.6,1409.3,1413.5,231266.0,0
2019-07-16 00:00:01,1416.4,1420.0,1402.1,1411.2,327180.0,0
2019-07-17 00:00:01,1404.6,1404.6,1404.6,1421.3,6.0,0
2019-07-18 00:00:01,1428.5,1449.7,1415.6,1428.1,467773.0,0
2019-07-19 00:00:01,1448.3,1454.4,1421.1,1426.7,509138.0,0
2019-07-22 00:00:01,1428.5,1430.8,1423.0,1426.9,247608.0,0
2019-07-23 00:00:01,1426.0,1431.4,1414.6,1421.7,380116.0,0
2019-07-24 00:00:01,1431.0,1442.9,1429.4,1436.5,65218.0,0
2019-07-25 00:00:01,1439.3,1447.0,1423.9,1427.5,112902.0,0
2019-07-26 00:00:01,1422.8,1423.0,1422.8,1432.2,5.0,0
2019-07-29 00:00:01,1431.9,1440.8,1427.5,1433.3,168447.0,0
2019-07-30 00:00:01,1439.5,1445.7,1434.8,1441.8,248318.0,0
2019-07-31 00:00:01,1443.7,1447.8,1422.3,1437.8,406886.0,0
2019-08-01 00:00:01,1425.6,1458.2,1412.1,1432.4,567523.0,0
2019-08-02 00:00:01,1457.5,1461.9,1442.5,1457.5,471109.0,0
2019-08-05 00:00:01,1440.4,1469.7,1440.4,1464.6,1008.0,0
2019-08-06 00:00:01,1481.1,1486.8,1468.2,1484.2,375937.0,0
2019-08-07 00:00:01,1473.5,1509.9,1473.2,1507.3,824.0,0
2019-08-08 00:00:01,1512.1,1521.3,1501.6,1509.5,385340.0,0
2019-08-09 00:00:01,1515.9,1521.1,1506.2,1508.5,325590.0,0
2019-08-12 00:00:01,1509.2,1531.5,1498.6,1517.2,338340.0,0
2019-08-13 00:00:01,1522.3,1546.1,1488.9,1514.1,598082.0,0
2019-08-14 00:00:01,1513.0,1534.9,1504.5,1527.8,474508.0,0
2019-08-15 00:00:01,1526.6,1537.7,1518.3,1531.2,428618.0,0
2019-08-16 00:00:01,1533.9,1538.6,1513.9,1523.6,314597.0,0
2019-08-19 00:00:01,1523.0,1523.6,1503.3,1511.6,289329.0,0
2019-08-20 00:00:01,1506.3,1518.8,1503.0,1515.7,240391.0,0
2019-08-21 00:00:01,1518.4,1518.4,1506.5,1515.7,238972.0,0
2019-08-22 00:00:01,1495.1,1495.1,1493.8,1497.3,686.0,0
2019-08-23 00:00:01,1508.8,1540.3,1503.0,1537.6,459203.0,0
2019-08-26 00:00:01,1545.4,1565.0,1534.8,1537.2,407500.0,0
2019-08-27 00:00:01,1537.3,1554.5,1535.3,1551.8,334873.0,0
2019-08-28 00:00:01,1551.8,1556.6,1541.4,1549.1,342556.0,0
2019-08-29 00:00:01,1549.4,1559.8,1528.6,1536.9,439428.0,0
2019-08-30 00:00:01,1536.9,1541.9,1525.6,1529.2,320657.0,0
2019-09-03 00:00:01,1539.2,1558.9,1529.6,1555.9,541575.0,0
2019-09-04 00:00:01,1556.0,1566.2,1542.6,1560.4,404779.0,0
2019-09-05 00:00:01,1561.4,1561.9,1514.3,1525.5,586738.0,0
2019-09-06 00:00:01,1517.3,1526.0,1504.5,1506.2,54.0,0
2019-09-09 00:00:01,1516.4,1523.8,1505.5,1511.1,312350.0,0
2019-09-10 00:00:01,1507.0,1509.1,1492.1,1499.2,390357.0,0
2019-09-11 00:00:01,1493.9,1506.2,1492.9,1503.2,296849.0,0
2019-09-12 00:00:01,1504.9,1532.2,1496.8,1507.4,480662.0,0
2019-09-13 00:00:01,1486.9,1486.9,1486.9,1490.9,1.0,0
2019-09-16 00:00:01,1500.0,1500.6,1498.5,1503.1,21.0,0
2019-09-17 00:00:01,1506.5,1515.0,1500.9,1513.4,329751.0,0
2019-09-18 00:00:01,1509.7,1519.5,1490.7,1515.8,352179.0,0
2019-09-19 00:00:01,1502.0,1512.1,1496.3,1506.2,281865.0,0
2019-09-20 00:00:01,1503.0,1503.0,1503.0,1507.3,2.0,0
2019-09-23 00:00:01,1521.5,1534.4,1517.9,1531.5,349589.0,0
2019-09-24 00:00:01,1515.1,1533.0,1515.1,1532.1,25.0,0
2019-09-25 00:00:01,1539.8,1542.8,1507.4,1512.3,462742.0,0
2019-09-26 00:00:01,1510.9,1519.5,1507.1,1515.2,367934.0,0
2019-09-27 00:00:01,1511.8,1514.4,1493.3,1506.4,436289.0,0
2019-09-30 00:00:01,1501.7,1507.2,1470.5,1472.9,424759.0,0
2019-10-01 00:00:01,1478.0,1493.5,1465.0,1489.0,440804.0,0
2019-10-02 00:00:01,1476.6,1503.7,1474.1,1501.0,205.0,0
2019-10-03 00:00:01,1505.6,1525.8,1501.7,1513.8,400130.0,0
2019-10-04 00:00:01,1505.6,1508.7,1497.1,1506.2,233.0,0
2019-10-07 00:00:01,1497.2,1499.7,1493.3,1504.4,252399.0,0
2019-10-08 00:00:01,1489.4,1506.3,1489.3,1497.2,46.0,0
2019-10-09 00:00:01,1515.4,1516.5,1510.1,1512.8,277242.0,0
2019-10-10 00:00:01,1510.8,1522.3,1495.7,1500.9,401849.0,0
2019-10-11 00:00:01,1498.3,1508.0,1478.0,1488.7,462693.0,0
2019-10-14 00:00:01,1492.0,1501.5,1487.1,1497.6,221049.0,0
2019-10-15 00:00:01,1497.7,1503.0,1480.8,1483.5,307105.0,0
2019-10-16 00:00:01,1484.8,1495.5,1480.6,1494.0,360083.0,0
2019-10-17 00:00:01,1494.2,1501.1,1487.0,1498.3,296546.0,0
2019-10-18 00:00:01,1487.3,1489.1,1486.6,1488.2,82.0,0
2019-10-21 00:00:01,1495.6,1498.7,1484.8,1488.1,272195.0,0
2019-10-22 00:00:01,1487.5,1492.1,1484.0,1487.5,200931.0,0
2019-10-23 00:00:01,1491.1,1499.4,1490.7,1495.7,235483.0,0
2019-10-24 00:00:01,1495.1,1506.9,1490.4,1504.7,290074.0,0
2019-10-25 00:00:01,1501.4,1503.7,1499.0,1499.5,93.0,0
2019-10-28 00:00:01,1507.4,1510.8,1492.3,1495.8,310472.0,0
2019-10-29 00:00:01,1494.0,1494.0,1489.7,1490.7,283038.0,0
2019-10-30 00:00:01,1487.2,1495.4,1481.0,1493.2,320.0,0
2019-10-31 00:00:01,1498.8,1516.7,1496.0,1514.8,375394.0,0
2019-11-01 00:00:01,1511.0,1511.6,1503.0,1508.0,235.0,0
2019-11-04 00:00:01,1516.4,1517.1,1506.5,1511.1,250475.0,0
2019-11-05 00:00:01,1511.6,1511.9,1480.7,1483.7,573018.0,0
2019-11-06 00:00:01,1491.5,1495.9,1490.5,1493.1,302400.0,0
2019-11-07 00:00:01,1466.8,1473.0,1466.5,1464.2,581.0,0
2019-11-08 00:00:01,1469.1,1469.1,1461.7,1461.3,21.0,0
2019-11-11 00:00:01,1460.0,1467.4,1448.9,1457.1,295394.0,0
2019-11-12 00:00:01,1454.9,1454.9,1447.1,1452.1,6.0,0
2019-11-13 00:00:01,1463.5,1467.9,1462.8,1463.3,335980.0,0
2019-11-14 00:00:01,1464.0,1475.5,1461.7,1473.4,312108.0,0
2019-11-15 00:00:01,1469.1,1469.1,1469.1,1467.3,13.0,0
2019-11-18 00:00:01,1467.8,1474.4,1456.6,1471.9,325033.0,0
2019-11-19 00:00:01,1467.7,1474.3,1467.7,1473.3,18.0,0
2019-11-20 00:00:01,1472.6,1474.5,1467.3,1470.0,31.0,0
2019-11-21 00:00:01,1481.3,1482.7,1469.4,1470.5,73979.0,0
2019-11-22 00:00:01,1470.9,1480.3,1468.1,1468.8,77902.0,0
2019-11-25 00:00:01,1467.5,1468.9,1460.7,1463.8,121238.0,0
2019-11-26 00:00:01,1461.3,1470.0,1456.6,1467.4,271754.0,0
2019-11-27 00:00:01,1461.1,1461.9,1452.0,1453.4,88164.0,0
2019-11-29 00:00:01,1461.7,1472.9,1459.1,1472.7,259290.0,0
2019-12-02 00:00:01,1470.3,1471.7,1459.8,1469.2,304242.0,0
2019-12-03 00:00:01,1461.6,1480.4,1459.5,1478.2,1460.0,0
2019-12-04 00:00:01,1483.2,1489.9,1476.7,1480.2,311909.0,0
2019-12-05 00:00:01,1480.0,1485.7,1478.0,1483.1,231844.0,0
2019-12-06 00:00:01,1475.0,1476.0,1458.2,1459.1,899.0,0
2019-12-09 00:00:01,1464.1,1469.8,1463.0,1464.9,163682.0,0
2019-12-10 00:00:01,1460.7,1467.2,1460.7,1462.6,367.0,0
2019-12-11 00:00:01,1479.1,1479.9,1478.7,1475.0,247053.0,0
2019-12-12 00:00:01,1469.5,1474.9,1468.2,1472.3,396657.0,0
2019-12-13 00:00:01,1463.1,1475.9,1463.1,1475.6,468.0,0
2019-12-16 00:00:01,1480.0,1484.5,1477.4,1480.5,160416.0,0
2019-12-17 00:00:01,1480.6,1484.9,1478.4,1480.6,167359.0,0
2019-12-18 00:00:01,1480.4,1483.6,1474.3,1478.7,190975.0,0
2019-12-19 00:00:01,1475.9,1478.9,1473.3,1478.2,319.0,0
2019-12-20 00:00:01,1476.7,1478.1,1475.3,1474.7,118.0,0
2019-12-23 00:00:01,1482.4,1490.1,1481.2,1488.7,155802.0,0
2019-12-24 00:00:01,1488.7,1498.6,1488.7,1499.1,52.0,0
2019-12-26 00:00:01,1503.9,1517.4,1502.1,1514.4,213592.0,0
2019-12-27 00:00:01,1516.5,1519.9,1512.1,1518.1,194736.0,0
2019-12-30 00:00:01,1515.9,1519.1,1513.5,1518.6,169813.0,0
2019-12-31 00:00:01,1513.8,1523.4,1513.8,1519.5,301.0,0
2020-01-02 00:00:01,1521.0,1534.0,1519.7,1528.1,257867.0,0
2020-01-03 00:00:01,1530.1,1552.7,1530.1,1549.2,107.0,0
2020-01-06 00:00:01,1562.7,1590.9,1562.3,1568.8,539023.0,0
2020-01-07 00:00:01,1567.4,1579.2,1557.0,1574.3,418145.0,0
2020-01-08 00:00:01,1556.7,1563.8,1556.5,1560.2,787217.0,0
2020-01-09 00:00:01,1557.7,1562.4,1541.0,1554.3,354523.0,0
2020-01-10 00:00:01,1551.2,1558.8,1545.4,1557.5,16.0,0
2020-01-13 00:00:01,1563.0,1563.1,1547.0,1550.6,296619.0,0
2020-01-14 00:00:01,1548.6,1549.5,1536.4,1544.6,323782.0,0
2020-01-15 00:00:01,1546.8,1558.8,1546.5,1554.0,297777.0,0
2020-01-16 00:00:01,1556.6,1558.2,1548.0,1550.5,253076.0,0
2020-01-17 00:00:01,1554.1,1558.0,1553.6,1558.8,108.0,0
2020-01-21 00:00:01,1564.2,1566.2,1551.0,1556.4,45.0,0
2020-01-22 00:00:01,1557.0,1558.9,1555.2,1556.7,276521.0,0
2020-01-23 00:00:01,1564.7,1573.7,1557.5,1571.6,65319.0,0
2020-01-24 00:00:01,1556.3,1570.3,1556.3,1571.1,38.0,0
2020-01-27 00:00:01,1586.1,1594.7,1581.6,1583.7,134423.0,0
2020-01-28 00:00:01,1587.1,1588.5,1570.4,1575.8,191039.0,0
2020-01-29 00:00:01,1572.0,1583.0,1567.9,1576.0,225389.0,0
2020-01-30 00:00:01,1582.4,1590.7,1576.8,1589.2,371286.0,0
2020-01-31 00:00:01,1573.4,1589.0,1570.0,1582.9,1095.0,0
2020-02-03 00:00:01,1597.8,1598.5,1573.2,1582.4,303458.0,0
2020-02-04 00:00:01,1581.5,1584.5,1552.8,1555.5,328192.0,0
2020-02-05 00:00:01,1556.1,1566.2,1551.1,1562.8,297418.0,0
2020-02-06 00:00:01,1560.0,1571.9,1556.0,1570.0,221612.0,0
2020-02-07 00:00:01,1564.9,1571.9,1560.5,1568.6,431.0,0
2020-02-10 00:00:01,1575.8,1580.5,1571.5,1579.5,186247.0,0
2020-02-11 00:00:01,1570.9,1571.1,1561.9,1565.6,440.0,0
2020-02-12 00:00:01,1571.2,1573.6,1564.4,1571.6,183410.0,0
2020-02-13 00:00:01,1569.8,1581.7,1568.5,1578.8,264293.0,0
2020-02-14 00:00:01,1575.8,1582.4,1574.8,1582.7,68.0,0
2020-02-18 00:00:01,1587.0,1604.3,1579.8,1600.0,310.0,0
2020-02-19 00:00:01,1604.8,1615.9,1602.4,1611.8,298536.0,0
2020-02-20 00:00:01,1615.0,1626.5,1606.6,1620.5,389144.0,0
2020-02-21 00:00:01,1619.3,1645.0,1619.3,1644.6,186.0,0
2020-02-24 00:00:01,1674.2,1674.4,1652.8,1676.6,655245.0,0
2020-02-25 00:00:01,1647.0,1655.8,1627.0,1650.0,654660.0,0
2020-02-26 00:00:01,1640.8,1643.8,1640.3,1643.1,515771.0,0
2020-02-27 00:00:01,1658.0,1662.5,1636.7,1642.5,560547.0,0
2020-02-28 00:00:01,1640.3,1642.5,1564.8,1564.1,289.0,0
2020-03-02 00:00:01,1583.9,1608.3,1574.3,1592.3,537.0,0
2020-03-03 00:00:01,1594.5,1645.3,1594.0,1642.1,610.0,0
2020-03-04 00:00:01,1640.1,1654.3,1632.6,1643.0,297251.0,0
2020-03-05 00:00:01,1637.2,1672.9,1637.2,1666.4,154.0,0
2020-03-06 00:00:01,1673.1,1692.8,1642.4,1672.4,619051.0,0
2020-03-09 00:00:01,1692.6,1704.3,1658.0,1675.7,467110.0,0
2020-03-10 00:00:01,1671.6,1674.6,1643.0,1659.1,48.0,0
2020-03-11 00:00:01,1649.3,1671.8,1632.4,1642.3,373462.0,0
2020-03-12 00:00:01,1633.1,1651.0,1560.4,1590.3,553457.0,0
2020-03-13 00:00:01,1582.7,1597.9,1504.0,1516.7,524471.0,0
2020-03-16 00:00:01,1563.8,1574.8,1450.9,1486.5,535860.0,0
2020-03-17 00:00:01,1469.3,1537.7,1469.3,1524.9,122.0,0
2020-03-18 00:00:01,1527.6,1547.0,1473.3,1477.9,412332.0,0
2020-03-19 00:00:01,1487.2,1502.8,1460.1,1479.3,306016.0,0
2020-03-20 00:00:01,1483.5,1483.5,1483.5,1484.0,14.0,0
2020-03-23 00:00:01,1508.4,1574.8,1489.4,1572.7,95848.0,0
2020-03-24 00:00:01,1622.8,1685.5,1622.8,1660.2,442.0,0
2020-03-25 00:00:01,1665.5,1698.0,1609.0,1634.3,104547.0,0
2020-03-26 00:00:01,1642.2,1677.2,1612.0,1660.3,134861.0,0
2020-03-27 00:00:01,1623.9,1623.9,1623.9,1623.9,0.0,0
2020-03-30 00:00:01,1663.4,1673.6,1632.0,1643.2,144290.0,0
2020-03-31 00:00:01,1618.7,1621.0,1576.0,1583.4,2694.0,0
2020-04-01 00:00:01,1589.4,1612.4,1576.0,1591.4,159377.0,0
2020-04-02 00:00:01,1602.4,1645.6,1595.2,1637.7,162151.0,0
2020-04-03 00:00:01,1624.5,1636.0,1619.8,1633.7,643.0,0
2020-04-06 00:00:01,1629.1,1696.7,1625.9,1677.0,1063.0,0
2020-04-07 00:00:01,1707.1,1742.6,1672.0,1683.7,194263.0,0
2020-04-08 00:00:01,1678.7,1695.8,1670.7,1684.3,121346.0,0
2020-04-09 00:00:01,1662.7,1732.5,1662.7,1736.2,825.0,0
2020-04-13 00:00:01,1722.0,1756.8,1710.7,1744.8,696.0,0
2020-04-14 00:00:01,1761.5,1788.8,1747.1,1768.9,234439.0,0
2020-04-15 00:00:01,1758.1,1759.8,1731.6,1740.2,181342.0,0
2020-04-16 00:00:01,1743.5,1768.0,1722.6,1731.7,199823.0,0
2020-04-17 00:00:01,1715.7,1725.0,1684.9,1689.2,223.0,0
2020-04-20 00:00:01,1693.0,1718.4,1685.0,1711.2,183636.0,0
2020-04-21 00:00:01,1713.3,1718.0,1666.2,1687.8,240743.0,0
2020-04-22 00:00:01,1703.1,1742.4,1695.4,1738.3,187864.0,0
2020-04-23 00:00:01,1736.5,1764.2,1730.6,1745.4,194495.0,0
2020-04-24 00:00:01,1744.0,1744.0,1714.5,1723.5,221.0,0
2020-04-27 00:00:01,1745.0,1745.8,1720.0,1723.8,142721.0,0
2020-04-28 00:00:01,1724.4,1731.9,1704.1,1722.2,166606.0,0
2020-04-29 00:00:01,1710.0,1713.5,1702.0,1703.4,373.0,0
2020-04-30 00:00:01,1729.6,1737.0,1687.5,1694.2,228730.0,0
2020-05-01 00:00:01,1686.6,1701.5,1670.5,1694.5,337.0,0
2020-05-04 00:00:01,1711.2,1726.0,1700.3,1713.3,146307.0,0
2020-05-05 00:00:01,1711.0,1717.8,1695.4,1710.6,179577.0,0
2020-05-06 00:00:01,1714.1,1716.6,1683.0,1688.5,196313.0,0
2020-05-07 00:00:01,1686.0,1733.2,1683.9,1725.8,233381.0,0
2020-05-08 00:00:01,1726.2,1728.9,1703.8,1709.9,330.0,0
2020-05-11 00:00:01,1706.0,1713.8,1692.1,1698.0,184455.0,0
2020-05-12 00:00:01,1700.0,1716.7,1693.5,1706.8,182675.0,0
2020-05-13 00:00:01,1705.0,1726.5,1701.6,1716.4,204533.0,0
2020-05-14 00:00:01,1723.1,1746.5,1716.0,1740.9,208601.0,0
2020-05-15 00:00:01,1739.7,1751.4,1739.7,1753.4,719.0,0
2020-05-18 00:00:01,1757.5,1775.8,1729.3,1734.4,264848.0,0
2020-05-19 00:00:01,1734.8,1751.6,1727.2,1745.6,181673.0,0
2020-05-20 00:00:01,1751.6,1752.1,1745.6,1750.6,16.0,0
2020-05-21 00:00:01,1751.7,1751.7,1715.3,1721.9,225941.0,0
2020-05-22 00:00:01,1726.6,1726.7,1726.6,1734.6,6.0,0
2020-05-26 00:00:01,1746.3,1755.6,1721.2,1728.2,146582.0,0
2020-05-27 00:00:01,1724.1,1729.1,1701.6,1726.8,156746.0,0
2020-05-28 00:00:01,1725.0,1743.7,1720.0,1728.3,159174.0,0
2020-05-29 00:00:01,1718.8,1738.3,1715.1,1736.9,1406.0,0
2020-06-01 00:00:01,1749.8,1761.0,1737.6,1750.3,142807.0,0
2020-06-02 00:00:01,1750.3,1757.0,1728.0,1734.0,172030.0,0
2020-06-03 00:00:01,1733.7,1738.9,1690.3,1704.8,249036.0,0
2020-06-04 00:00:01,1702.8,1729.0,1698.9,1727.4,193873.0,0
2020-06-05 00:00:01,1720.8,1723.2,1671.7,1683.0,267086.0,0
2020-06-08 00:00:01,1686.7,1707.6,1680.7,1705.1,151461.0,0
2020-06-09 00:00:01,1703.9,1729.4,1697.6,1721.9,178128.0,0
2020-06-10 00:00:01,1718.9,1749.4,1714.1,1720.7,195593.0,0
2020-06-11 00:00:01,1746.6,1754.9,1727.5,1739.8,202214.0,0
2020-06-12 00:00:01,1733.6,1753.0,1728.2,1737.3,148176.0,0
2020-06-15 00:00:01,1740.7,1743.8,1706.2,1727.2,195205.0,0
2020-06-16 00:00:01,1732.3,1741.3,1721.8,1736.5,177702.0,0
2020-06-17 00:00:01,1735.3,1739.3,1717.3,1735.6,137879.0,0
2020-06-18 00:00:01,1735.5,1749.2,1722.7,1731.1,152628.0,0
2020-06-19 00:00:01,1729.8,1760.9,1728.3,1753.0,174981.0,0
2020-06-22 00:00:01,1765.8,1779.0,1753.5,1766.4,219460.0,0
2020-06-23 00:00:01,1764.9,1786.8,1758.3,1782.0,190018.0,0
2020-06-24 00:00:01,1784.4,1796.1,1770.6,1775.1,230610.0,0
2020-06-25 00:00:01,1772.3,1779.6,1764.1,1770.6,148788.0,0
2020-06-26 00:00:01,1774.8,1786.2,1754.0,1780.3,195963.0,0
2020-06-29 00:00:01,1789.2,1790.4,1776.5,1781.2,128441.0,0
2020-06-30 00:00:01,1799.2,1801.4,1795.5,1800.5,190351.0,0
2020-07-01 00:00:01,1798.9,1807.7,1767.9,1779.9,258541.0,0
2020-07-02 00:00:01,1779.0,1791.7,1766.3,1790.0,181017.0,0
2020-07-06 00:00:01,1787.0,1799.0,1779.2,1793.5,140564.0,0
2020-07-07 00:00:01,1793.9,1810.8,1781.2,1809.9,217229.0,0
2020-07-08 00:00:01,1807.9,1829.8,1803.8,1820.6,232708.0,0
2020-07-09 00:00:01,1818.8,1825.5,1799.6,1803.8,265280.0,0
2020-07-10 00:00:01,1808.4,1817.0,1796.5,1801.9,208264.0,0
2020-07-13 00:00:01,1803.4,1818.8,1802.1,1814.1,218006.0,0
2020-07-14 00:00:01,1810.9,1813.6,1809.6,1813.4,235992.0,0
2020-07-15 00:00:01,1811.1,1819.5,1804.0,1813.8,179267.0,0
2020-07-16 00:00:01,1813.1,1816.2,1794.1,1800.3,190841.0,0
2020-07-17 00:00:01,1796.9,1813.9,1795.2,1810.0,162684.0,0
2020-07-20 00:00:01,1812.3,1823.4,1806.6,1817.4,173983.0,0
2020-07-21 00:00:01,1819.6,1844.9,1817.2,1843.9,265677.0,0
2020-07-22 00:00:01,1842.8,1871.8,1842.1,1865.1,376705.0,0
2020-07-23 00:00:01,1871.6,1897.7,1863.1,1890.0,400358.0,0
2020-07-24 00:00:01,1884.9,1904.6,1880.5,1897.5,288088.0,0
2020-07-27 00:00:01,1929.0,1971.3,1926.8,1955.4,127487.0,0
2020-07-28 00:00:01,1963.2,2000.0,1927.5,1963.9,154485.0,0
2020-07-29 00:00:01,1971.9,1998.4,1955.7,1976.7,191033.0,0
2020-07-30 00:00:01,1986.4,1987.3,1952.3,1966.8,268606.0,0
2020-07-31 00:00:01,1973.6,2005.4,1971.4,1985.9,275460.0,0
2020-08-03 00:00:01,1997.4,2009.5,1975.2,1986.3,176729.0,0
2020-08-04 00:00:01,1993.5,2037.7,1982.6,2021.0,269790.0,0
2020-08-05 00:00:01,2037.0,2070.3,2027.5,2049.3,361949.0,0
2020-08-06 00:00:01,2055.0,2081.8,2049.0,2069.4,307517.0,0
2020-08-07 00:00:01,2076.4,2082.1,2024.8,2028.0,391017.0,0
2020-08-10 00:00:01,2044.8,2060.8,2027.8,2039.7,248644.0,0
2020-08-11 00:00:01,2038.4,2040.5,1911.3,1946.3,556617.0,0
2020-08-12 00:00:01,1921.6,1961.0,1874.2,1949.0,450394.0,0
2020-08-13 00:00:01,1927.3,1974.8,1923.0,1970.4,346000.0,0
2020-08-14 00:00:01,1963.8,1970.0,1939.1,1949.8,237092.0,0
2020-08-17 00:00:01,1956.4,2000.8,1939.1,1998.7,285580.0,0
2020-08-18 00:00:01,1993.6,2024.6,1985.2,2013.1,358272.0,0
2020-08-19 00:00:01,2010.5,2015.6,1930.5,1970.3,440405.0,0
2020-08-20 00:00:01,1934.4,1963.1,1928.9,1946.5,378970.0,0
2020-08-21 00:00:01,1955.6,1963.1,1916.6,1947.0,352773.0,0
2020-08-24 00:00:01,1947.9,1970.3,1930.8,1939.2,284540.0,0
2020-08-25 00:00:01,1935.9,1944.1,1919.1,1923.1,271641.0,0
2020-08-26 00:00:01,1939.0,1963.4,1908.4,1952.5,338049.0,0
2020-08-27 00:00:01,1963.0,1987.0,1914.7,1932.6,461990.0,0
2020-08-28 00:00:01,1937.5,1983.0,1928.2,1974.9,329609.0,0
2020-08-31 00:00:01,1973.9,1985.8,1962.3,1978.6,242577.0,0
2020-09-01 00:00:01,1973.7,2001.2,1969.2,1978.9,300227.0,0
2020-09-02 00:00:01,1976.8,1980.4,1938.9,1944.7,326130.0,0
2020-09-03 00:00:01,1948.9,1956.6,1927.2,1937.8,300282.0,0
2020-09-04 00:00:01,1938.0,1945.9,1923.0,1934.3,300921.0,0
2020-09-08 00:00:01,1938.0,1948.3,1911.7,1943.2,412083.0,0
2020-09-09 00:00:01,1939.4,1959.7,1926.3,1954.9,224190.0,0
2020-09-10 00:00:01,1955.3,1954.9,1949.9,1964.3,268963.0,0
2020-09-11 00:00:01,1953.8,1959.0,1945.7,1947.9,202859.0,0
2020-09-14 00:00:01,1948.9,1972.5,1945.2,1963.7,196763.0,0
2020-09-15 00:00:01,1966.2,1982.4,1955.6,1966.2,232698.0,0
2020-09-16 00:00:01,1961.4,1983.8,1957.2,1970.5,287073.0,0
2020-09-17 00:00:01,1967.6,1969.3,1938.2,1949.9,263192.0,0
2020-09-18 00:00:01,1951.1,1968.2,1951.1,1962.1,174242.0,0
2020-09-21 00:00:01,1957.3,1962.9,1885.4,1910.6,380526.0,0
2020-09-22 00:00:01,1918.1,1925.5,1898.9,1907.6,279441.0,0
2020-09-23 00:00:01,1905.1,1909.9,1856.0,1868.4,402011.0,0
2020-09-24 00:00:01,1866.9,1880.9,1851.0,1876.9,338361.0,0
2020-09-25 00:00:01,1872.7,1879.3,1854.1,1866.3,226076.0,0
2020-09-28 00:00:01,1862.7,1888.2,1851.1,1882.3,232907.0,0
2020-09-29 00:00:01,1886.4,1904.8,1880.8,1903.2,213482.0,0
2020-09-30 00:00:01,1903.2,1908.2,1885.8,1895.5,256446.0,0
2020-10-01 00:00:01,1891.2,1917.9,1890.0,1916.3,257047.0,0
2020-10-02 00:00:01,1911.0,1923.6,1895.2,1907.6,209696.0,0
2020-10-05 00:00:01,1910.9,1924.9,1902.5,1920.1,176090.0,0
2020-10-06 00:00:01,1917.8,1927.0,1902.9,1908.8,172605.0,0
2020-10-07 00:00:01,1882.6,1902.4,1877.1,1890.8,183295.0,0
2020-10-08 00:00:01,1890.6,1905.3,1885.3,1895.1,179968.0,0
2020-10-09 00:00:01,1898.4,1936.8,1898.0,1926.2,224808.0,0
2020-10-12 00:00:01,1935.0,1939.4,1923.8,1928.9,155906.0,0
2020-10-13 00:00:01,1927.3,1930.6,1889.3,1894.6,260044.0,0
2020-10-14 00:00:01,1895.4,1917.5,1885.0,1907.3,185374.0,0
2020-10-15 00:00:01,1906.0,1913.2,1892.7,1908.9,205615.0,0
2020-10-16 00:00:01,1912.7,1918.7,1901.1,1906.4,144094.0,0
2020-10-19 00:00:01,1903.2,1923.4,1900.2,1911.7,155479.0,0
2020-10-20 00:00:01,1906.4,1915.5,1909.0,1915.4,160356.0,0
2020-10-21 00:00:01,1911.6,1936.0,1911.6,1929.5,194754.0,0
2020-10-22 00:00:01,1927.4,1929.4,1894.2,1904.6,208087.0,0
2020-10-23 00:00:01,1906.5,1917.3,1895.2,1905.2,168148.0,0
2020-10-26 00:00:01,1906.0,1911.1,1892.5,1905.7,161841.0,0
2020-10-27 00:00:01,1904.4,1913.8,1898.7,1911.9,149056.0,0
2020-10-28 00:00:01,1909.8,1882.1,1875.7,1879.2,289026.0,0
2020-10-29 00:00:01,1877.5,1885.1,1859.2,1868.0,219592.0,0
2020-10-30 00:00:01,1867.9,1885.9,1875.0,1879.9,207865.0,0
2020-11-02 00:00:01,1877.0,1897.1,1873.3,1892.5,161958.0,0
2020-11-03 00:00:01,1896.4,1911.8,1906.9,1910.4,166642.0,0
2020-11-04 00:00:01,1910.3,1905.8,1897.8,1896.2,284598.0,0
2020-11-05 00:00:01,1903.4,1952.6,1948.0,1946.8,288663.0,0
2020-11-06 00:00:01,1950.0,1961.8,1937.2,1951.7,233903.0,0
2020-11-09 00:00:01,1956.0,1869.3,1861.2,1854.4,475721.0,0
2020-11-10 00:00:01,1864.1,1877.1,1870.9,1876.4,243090.0,0
2020-11-11 00:00:01,1876.1,1882.5,1853.9,1861.6,201067.0,0
2020-11-12 00:00:01,1863.9,1883.0,1860.7,1873.3,199543.0,0
2020-11-13 00:00:01,1875.6,1888.9,1885.3,1886.2,158776.0,0
2020-11-16 00:00:01,1886.6,1898.0,1861.5,1887.8,217991.0,0
2020-11-17 00:00:01,1888.2,1892.7,1876.3,1885.1,155099.0,0
2020-11-18 00:00:01,1879.5,1871.5,1868.2,1873.9,203979.0,0
2020-11-19 00:00:01,1872.0,1866.7,1862.0,1861.5,217146.0,0
2020-11-20 00:00:01,1864.8,1873.9,1868.7,1872.4,180515.0,0
2020-11-23 00:00:01,1875.9,1844.5,1839.6,1844.1,106315.0,0
2020-11-24 00:00:01,1842.6,1813.1,1807.4,1810.9,125089.0,0
2020-11-25 00:00:01,1812.0,1821.7,1804.7,1811.2,121112.0,0
2020-11-27 00:00:01,1812.1,1822.6,1776.5,1788.1,277091.0,0
2020-11-30 00:00:01,1790.8,1793.3,1767.2,1780.9,235285.0,0
2020-12-01 00:00:01,1780.3,1821.1,1778.4,1818.9,197184.0,0
2020-12-02 00:00:01,1819.1,1835.7,1828.2,1830.2,182809.0,0
2020-12-03 00:00:01,1833.9,1847.4,1826.7,1841.1,177988.0,0
2020-12-04 00:00:01,1844.7,1852.7,1832.0,1840.0,167301.0,0
2020-12-07 00:00:01,1841.1,1870.8,1862.1,1866.0,204259.0,0
2020-12-08 00:00:01,1866.1,1879.8,1863.9,1874.9,147902.0,0
2020-12-09 00:00:01,1875.4,1875.9,1828.2,1838.5,216843.0,0
2020-12-10 00:00:01,1843.0,1854.2,1831.5,1837.4,162513.0,0
2020-12-11 00:00:01,1840.0,1851.8,1826.8,1843.6,150634.0,0
2020-12-14 00:00:01,1845.0,1832.7,1828.1,1832.1,166785.0,0
2020-12-15 00:00:01,1830.5,1859.3,1828.5,1855.3,169218.0,0
2020-12-16 00:00:01,1857.7,1870.0,1848.2,1859.1,196702.0,0
2020-12-17 00:00:01,1868.4,1902.0,1865.9,1890.4,213170.0,0
2020-12-18 00:00:01,1891.3,1895.7,1881.9,1888.9,149960.0,0
2020-12-21 00:00:01,1892.9,1912.0,1859.0,1882.8,226997.0,0
2020-12-22 00:00:01,1883.0,1889.4,1863.7,1870.3,173183.0,0
2020-12-23 00:00:01,1865.6,1883.7,1860.9,1878.1,157856.0,0
2020-12-24 00:00:01,1877.3,1887.4,1873.1,1883.2,87445.0,0
2020-12-28 00:00:01,1887.0,1904.1,1873.0,1880.4,194545.0,0
2020-12-29 00:00:01,1878.0,1891.3,1875.6,1882.9,145905.0,0
2020-12-30 00:00:01,1881.8,1899.0,1879.5,1893.4,128688.0,0
2020-12-31 00:00:01,1899.0,1904.9,1889.1,1895.1,127578.0,0
2021-01-04 00:00:01,1908.2,1948.7,1906.1,1946.6,261675.0,0
2021-01-05 00:00:01,1946.0,1957.0,1938.4,1954.4,192111.0,0
2021-01-06 00:00:01,1952.8,1962.5,1902.6,1908.6,356182.0,0
2021-01-07 00:00:01,1921.5,1929.6,1907.5,1913.6,192365.0,0
2021-01-08 00:00:01,1915.2,1918.4,1827.8,1835.4,422485.0,0
2021-01-11 00:00:01,1849.4,1856.0,1817.1,1850.8,253190.0,0
2021-01-12 00:00:01,1845.4,1856.9,1854.3,1844.2,225729.0,0
2021-01-13 00:00:01,1855.0,1859.3,1841.6,1854.9,203544.0,0
2021-01-14 00:00:01,1845.6,1853.6,1843.4,1851.4,242126.0,0
2021-01-15 00:00:01,1847.3,1856.6,1822.1,1829.9,224725.0,0
2021-01-19 00:00:01,1828.8,1845.0,1800.8,1840.2,324829.0,0
2021-01-20 00:00:01,1843.2,1875.6,1865.8,1870.2,51238.0,0
2021-01-21 00:00:01,1875.6,1874.5,1870.8,1869.3,47567.0,0
2021-01-22 00:00:01,1874.0,1874.1,1839.7,1859.9,74763.0,0
2021-01-25 00:00:01,1858.6,1870.9,1850.0,1859.0,86197.0,0
2021-01-26 00:00:01,1858.7,1864.5,1851.1,1854.8,89895.0,0
2021-01-27 00:00:01,1854.3,1847.6,1841.5,1848.9,163249.0,0
2021-01-28 00:00:01,1847.2,1846.1,1843.1,1841.2,270329.0,0
2021-01-29 00:00:01,1845.6,1851.7,1843.8,1850.3,269474.0,0
2021-02-01 00:00:01,1865.0,1876.0,1851.7,1863.9,237650.0,0
2021-02-02 00:00:01,1863.6,1866.3,1830.4,1833.4,226676.0,0
2021-02-03 00:00:01,1838.5,1845.9,1830.1,1835.1,134552.0,0
2021-02-04 00:00:01,1834.5,1835.7,1784.6,1791.2,269731.0,0
2021-02-05 00:00:01,1794.3,1816.0,1792.2,1813.0,202612.0,0
2021-02-08 00:00:01,1818.1,1840.6,1807.3,1834.2,171978.0,0
2021-02-09 00:00:01,1832.4,1849.5,1830.3,1837.5,151353.0,0
2021-02-10 00:00:01,1838.3,1856.6,1834.0,1842.7,173508.0,0
2021-02-11 00:00:01,1844.3,1848.6,1821.7,1826.8,143597.0,0
2021-02-12 00:00:01,1825.4,1825.1,1819.1,1823.2,169671.0,0
2021-02-16 00:00:01,1795.0,1796.1,1793.0,1799.0,348000.0,0
2021-02-17 00:00:01,1793.1,1779.9,1770.6,1772.8,250909.0,0
2021-02-18 00:00:01,1776.0,1775.8,1772.8,1775.0,220586.0,0
2021-02-19 00:00:01,1774.6,1790.9,1759.0,1777.4,247288.0,0
2021-02-22 00:00:01,1782.0,1812.4,1778.6,1808.4,216129.0,0
2021-02-23 00:00:01,1809.3,1815.2,1794.5,1805.9,187078.0,0
2021-02-24 00:00:01,1805.0,1813.0,1782.2,1797.9,220240.0,0
2021-02-25 00:00:01,1804.9,1781.7,1763.9,1775.4,309165.0,0
2021-02-26 00:00:01,1770.9,1734.4,1725.5,1728.8,351549.0,0
2021-03-01 00:00:01,1732.8,1757.4,1717.2,1723.0,238037.0,0
2021-03-02 00:00:01,1722.8,1737.8,1704.6,1733.6,230514.0,0
2021-03-03 00:00:01,1736.5,1739.1,1699.4,1715.8,251741.0,0
2021-03-04 00:00:01,1708.4,1721.6,1687.6,1700.7,271077.0,0
2021-03-05 00:00:01,1695.3,1705.7,1683.0,1698.5,254927.0,0
2021-03-08 00:00:01,1701.6,1712.0,1673.3,1678.0,258100.0,0
2021-03-09 00:00:01,1679.3,1718.7,1676.7,1716.9,233565.0,0
2021-03-10 00:00:01,1714.5,1725.3,1705.6,1721.8,213679.0,0
2021-03-11 00:00:01,1725.0,1738.0,1716.8,1722.6,197168.0,0
2021-03-12 00:00:01,1720.5,1728.0,1696.6,1719.8,222995.0,0
2021-03-15 00:00:01,1726.5,1733.2,1719.2,1729.2,158839.0,0
2021-03-16 00:00:01,1730.7,1740.5,1724.4,1730.9,170463.0,0
2021-03-17 00:00:01,1730.0,1750.6,1722.0,1727.1,214084.0,0
2021-03-18 00:00:01,1745.9,1756.0,1719.1,1734.6,18942.0,0
2021-03-19 00:00:01,1736.3,1748.2,1729.3,1743.9,36859.0,0
2021-03-22 00:00:01,1747.5,1749.2,1728.6,1740.4,36260.0,0
2021-03-23 00:00:01,1741.2,1729.3,1727.7,1727.5,62567.0,0
2021-03-24 00:00:01,1728.2,1739.9,1724.8,1735.5,68820.0,0
2021-03-25 00:00:01,1736.0,1732.2,1722.5,1727.3,73549.0,0
2021-03-26 00:00:01,1727.5,1737.9,1721.2,1734.7,98882.0,0
2021-03-29 00:00:01,1732.4,1734.8,1705.6,1714.6,171876.0,0
2021-03-30 00:00:01,1713.0,1714.8,1678.3,1686.0,218812.0,0
2021-03-31 00:00:01,1685.9,1716.3,1677.3,1715.6,205346.0,0
2021-04-01 00:00:01,1709.0,1732.0,1706.4,1728.4,166688.0,0
2021-04-05 00:00:01,1730.0,1734.4,1721.6,1728.8,100575.0,0
2021-04-06 00:00:01,1729.2,1745.5,1742.2,1743.0,148878.0,0
2021-04-07 00:00:01,1744.4,1744.1,1736.0,1741.6,118174.0,0
2021-04-08 00:00:01,1738.6,1759.4,1733.6,1758.2,140648.0,0
2021-04-09 00:00:01,1756.5,1758.2,1730.8,1744.8,165011.0,0
2021-04-12 00:00:01,1744.5,1733.7,1727.0,1732.7,122724.0,0
2021-04-13 00:00:01,1732.2,1748.1,1744.6,1747.6,170934.0,0
2021-04-14 00:00:01,1746.4,1737.4,1736.1,1736.3,141968.0,0
2021-04-15 00:00:01,1736.6,1766.2,1763.6,1766.8,193552.0,0
2021-04-16 00:00:01,1764.8,1784.7,1760.3,1780.2,167944.0,0
2021-04-19 00:00:01,1778.8,1790.4,1766.6,1770.6,178114.0,0
2021-04-20 00:00:01,1770.5,1780.8,1763.5,1778.4,165014.0,0
2021-04-21 00:00:01,1779.1,1795.9,1790.5,1793.1,171089.0,0
2021-04-22 00:00:01,1794.5,1784.8,1778.7,1782.0,160685.0,0
2021-04-23 00:00:01,1784.0,1796.3,1769.5,1777.8,171772.0,0
2021-04-26 00:00:01,1776.1,1782.4,1780.3,1780.1,136847.0,0
2021-04-27 00:00:01,1781.1,1785.9,1773.9,1778.8,140469.0,0
2021-04-28 00:00:01,1776.4,1782.7,1761.8,1773.9,190626.0,0
2021-04-29 00:00:01,1781.9,1774.5,1771.3,1768.3,222795.0,0
2021-04-30 00:00:01,1772.4,1770.0,1764.9,1767.7,160763.0,0
2021-05-03 00:00:01,1768.1,1794.1,1790.8,1791.8,198798.0,0
2021-05-04 00:00:01,1793.2,1799.5,1769.2,1776.0,225083.0,0
2021-05-05 00:00:01,1778.4,1788.1,1785.4,1784.3,176172.0,0
2021-05-06 00:00:01,1787.0,1816.5,1813.0,1815.7,277680.0,0
2021-05-07 00:00:01,1815.4,1833.4,1830.6,1831.3,332450.0,0
2021-05-10 00:00:01,1835.4,1846.3,1830.5,1837.6,254657.0,0
2021-05-11 00:00:01,1836.2,1839.2,1837.3,1836.1,294462.0,0
2021-05-12 00:00:01,1838.2,1844.7,1813.0,1822.8,323911.0,0
2021-05-13 00:00:01,1816.2,1829.1,1808.4,1824.0,238443.0,0
2021-05-14 00:00:01,1826.4,1847.1,1819.0,1838.1,222090.0,0
2021-05-17 00:00:01,1845.9,1867.9,1866.2,1867.6,260925.0,0
2021-05-18 00:00:01,1867.3,1870.6,1868.8,1868.0,219676.0,0
2021-05-19 00:00:01,1870.2,1874.0,1862.0,1881.5,387547.0,0
2021-05-20 00:00:01,1872.2,1887.2,1866.2,1883.9,43110.0,0
2021-05-21 00:00:01,1880.4,1892.3,1872.5,1878.9,51799.0,0
2021-05-24 00:00:01,1885.6,1890.0,1877.9,1886.7,51824.0,0
2021-05-25 00:00:01,1883.4,1903.7,1900.0,1900.5,174389.0,0
2021-05-26 00:00:01,1902.4,1915.6,1893.0,1903.8,172696.0,0
2021-05-27 00:00:01,1899.3,1901.6,1898.9,1898.5,203605.0,0
2021-05-28 00:00:01,1899.8,1908.8,1884.3,1905.3,194069.0,0
2021-06-01 00:00:01,1901.8,1903.0,1901.6,1905.0,283146.0,0
2021-06-02 00:00:01,1903.0,1911.8,1896.4,1909.9,160414.0,0
2021-06-03 00:00:01,1910.5,1876.0,1872.2,1873.3,269228.0,0
2021-06-04 00:00:01,1872.7,1894.6,1891.6,1892.0,224522.0,0
2021-06-07 00:00:01,1894.3,1902.9,1883.7,1898.8,142315.0,0
2021-06-08 00:00:01,1901.6,1906.9,1885.7,1894.4,170166.0,0
2021-06-09 00:00:01,1894.4,1901.7,1889.3,1895.5,143891.0,0
2021-06-10 00:00:01,1891.4,1903.0,1871.8,1896.4,244698.0,0
2021-06-11 00:00:01,1901.9,1906.2,1876.1,1879.6,213681.0,0
2021-06-14 00:00:01,1879.6,1879.7,1845.7,1865.9,235708.0,0
2021-06-15 00:00:01,1867.8,1870.9,1853.0,1856.4,152410.0,0
2021-06-16 00:00:01,1861.0,1866.0,1804.4,1861.4,228605.0,0
2021-06-17 00:00:01,1812.3,1826.4,1767.9,1774.8,372368.0,0
2021-06-18 00:00:01,1773.9,1797.9,1761.2,1769.0,254641.0,0
2021-06-21 00:00:01,1764.3,1786.9,1764.1,1782.9,187249.0,0
2021-06-22 00:00:01,1783.2,1790.1,1771.2,1777.4,167293.0,0
2021-06-23 00:00:01,1779.1,1795.6,1773.1,1783.4,175084.0,0
2021-06-24 00:00:01,1778.2,1788.6,1772.7,1776.7,148872.0,0
2021-06-25 00:00:01,1775.7,1791.0,1773.6,1777.8,158121.0,0
2021-06-28 00:00:01,1782.0,1786.1,1770.4,1780.7,158467.0,0
2021-06-29 00:00:01,1778.8,1779.2,1750.1,1763.6,232701.0,0
2021-06-30 00:00:01,1761.9,1774.7,1753.2,1771.6,169111.0,0
2021-07-01 00:00:01,1770.8,1783.4,1765.9,1776.8,167260.0,0
2021-07-02 00:00:01,1777.5,1795.9,1774.4,1783.3,202365.0,0
2021-07-06 00:00:01,1787.5,1815.7,1784.7,1794.2,273015.0,0
2021-07-07 00:00:01,1797.0,1810.2,1794.1,1802.1,168050.0,0
2021-07-08 00:00:01,1803.8,1819.5,1793.5,1800.2,234021.0,0
2021-07-09 00:00:01,1803.2,1813.0,1796.6,1810.6,172928.0,0
2021-07-12 00:00:01,1808.5,1811.0,1791.0,1805.9,188154.0,0
2021-07-13 00:00:01,1806.7,1818.0,1798.7,1809.9,227638.0,0
2021-07-14 00:00:01,1808.3,1831.1,1804.9,1825.0,204998.0,0
2021-07-15 00:00:01,1828.7,1835.0,1820.6,1829.0,168788.0,0
2021-07-16 00:00:01,1830.7,1832.7,1809.5,1815.0,181535.0,0
2021-07-19 00:00:01,1811.6,1818.0,1795.0,1809.2,247651.0,0
2021-07-20 00:00:01,1813.5,1825.9,1805.2,1811.4,216747.0,0
2021-07-21 00:00:01,1814.7,1818.1,1798.3,1807.4,64012.0,0
2021-07-22 00:00:01,1807.8,1812.3,1796.0,1809.2,53343.0,0
2021-07-23 00:00:01,1811.5,1814.5,1793.1,1805.9,88214.0,0
2021-07-26 00:00:01,1806.4,1816.1,1800.2,1803.4,81390.0,0
2021-07-27 00:00:01,1801.5,1809.5,1796.9,1804.0,76707.0,0
2021-07-28 00:00:01,1802.4,1813.9,1795.6,1804.6,195298.0,0
2021-07-29 00:00:01,1811.5,1837.5,1810.9,1835.8,204918.0,0
2021-07-30 00:00:01,1832.5,1835.5,1813.1,1817.2,152236.0,0
2021-08-02 00:00:01,1817.0,1823.2,1808.2,1822.2,157414.0,0
2021-08-03 00:00:01,1816.8,1818.2,1809.5,1814.1,101460.0,0
2021-08-04 00:00:01,1813.7,1835.9,1808.3,1814.5,237140.0,0
2021-08-05 00:00:01,1814.9,1817.9,1799.7,1808.9,166287.0,0
2021-08-06 00:00:01,1806.7,1807.0,1759.5,1763.1,305778.0,0
2021-08-09 00:00:01,1765.0,1765.7,1677.9,1726.5,282388.0,0
2021-08-10 00:00:01,1732.0,1739.4,1718.5,1731.7,178253.0,0
2021-08-11 00:00:01,1730.4,1756.7,1724.6,1753.3,181306.0,0
2021-08-12 00:00:01,1752.9,1759.6,1742.6,1751.8,133990.0,0
2021-08-13 00:00:01,1754.4,1781.9,1753.0,1778.2,140689.0,0
2021-08-16 00:00:01,1780.9,1791.3,1772.0,1789.8,133821.0,0
2021-08-17 00:00:01,1789.1,1797.6,1782.1,1787.8,142476.0,0
2021-08-18 00:00:01,1787.8,1795.7,1778.8,1784.4,131190.0,0
2021-08-19 00:00:01,1789.5,1795.0,1774.6,1783.1,147534.0,0
2021-08-20 00:00:01,1782.8,1791.0,1780.0,1784.0,106495.0,0
2021-08-23 00:00:01,1781.2,1809.1,1778.0,1806.3,150238.0,0
2021-08-24 00:00:01,1807.6,1812.2,1802.6,1808.5,112953.0,0
2021-08-25 00:00:01,1805.1,1805.3,1784.0,1791.0,160525.0,0
2021-08-26 00:00:01,1793.0,1800.4,1781.3,1795.2,131078.0,0
2021-08-27 00:00:01,1795.2,1821.9,1785.2,1819.5,198760.0,0
2021-08-30 00:00:01,1821.6,1826.5,1810.0,1812.2,102579.0,0
2021-08-31 00:00:01,1812.2,1821.9,1803.4,1818.1,162209.0,0
2021-09-01 00:00:01,1816.7,1822.7,1810.6,1816.0,138802.0,0
2021-09-02 00:00:01,1816.2,1819.6,1806.5,1811.5,111099.0,0
2021-09-03 00:00:01,1811.5,1836.9,1810.9,1833.7,181932.0,0
2021-09-07 00:00:01,1833.5,1833.5,1793.7,1798.5,248598.0,0
2021-09-08 00:00:01,1796.1,1804.4,1783.1,1793.5,158104.0,0
2021-09-09 00:00:01,1790.9,1803.4,1785.1,1800.0,152037.0,0
2021-09-10 00:00:01,1796.2,1806.0,1788.2,1792.1,134148.0,0
2021-09-13 00:00:01,1789.8,1800.2,1784.4,1794.4,110870.0,0
2021-09-14 00:00:01,1794.8,1810.6,1780.6,1807.1,193835.0,0
2021-09-15 00:00:01,1806.6,1808.5,1791.7,1794.8,137513.0,0
2021-09-16 00:00:01,1795.5,1797.3,1745.5,1756.7,243613.0,0
2021-09-17 00:00:01,1754.6,1767.8,1747.1,1751.4,180673.0,0
2021-09-20 00:00:01,1754.2,1768.4,1742.3,1763.8,150573.0,0
2021-09-21 00:00:01,1765.5,1782.8,1758.3,1778.2,139900.0,0
2021-09-22 00:00:01,1775.0,1788.4,1764.6,1778.8,169937.0,0
2021-09-23 00:00:01,1769.2,1777.1,1737.5,1749.8,220098.0,0
2021-09-24 00:00:01,1743.7,1758.0,1740.2,1751.7,147736.0,0
