2015-12-31 00:00:00,2060.590088,2062.540039,2043.619995,2043.939941,0
2016-01-01 00:00:00,2038.199951,2038.199951,1989.680054,2012.660034,0
2016-01-02 00:00:00,2013.780029,2021.939941,2004.170044,2016.709961,0
2016-01-03 00:00:00,2011.709961,2011.709961,1979.050049,1990.26001,0
2016-01-04 00:00:00,1985.319946,1985.319946,1938.829956,1943.089966,0
2016-01-05 00:00:00,1945.969971,1960.400024,1918.459961,1922.030029,0
2016-01-06 00:00:00,1926.119995,1935.650024,1901.099976,1923.670044,0
2016-01-07 00:00:00,1927.829956,1947.380005,1914.349976,1938.680054,0
2016-01-08 00:00:00,1940.339966,1950.329956,1886.410034,1890.280029,0
2016-01-09 00:00:00,1891.680054,1934.469971,1878.930054,1921.839966,0
2016-01-10 00:00:00,1916.680054,1916.680054,1857.829956,1880.329956,0
2016-01-11 00:00:00,1888.660034,1901.439941,1864.599976,1881.329956,0
2016-01-12 00:00:00,1876.180054,1876.180054,1812.290039,1859.329956,0
2016-01-13 00:00:00,1861.459961,1889.849976,1848.97998,1868.98999,0
2016-01-14 00:00:00,1877.400024,1908.849976,1877.400024,1906.900024,0
2016-01-15 00:00:00,1906.280029,1906.280029,1875.969971,1877.079956,0
2016-01-16 00:00:00,1878.790039,1906.72998,1878.790039,1903.630005,0
2016-01-17 00:00:00,1902.52002,1916.98999,1872.699951,1882.949951,0
2016-01-18 00:00:00,1885.219971,1902.959961,1873.650024,1893.359985,0
2016-01-19 00:00:00,1894,1940.23999,1894,1940.23999,0
2016-01-20 00:00:00,1936.939941,1947.199951,1920.300049,1939.380005,0
2016-01-21 00:00:00,1935.26001,1935.26001,1897.290039,1903.030029,0
2016-01-22 00:00:00,1907.069946,1918.01001,1872.22998,1912.530029,0
2016-01-23 00:00:00,1911.670044,1927.349976,1900.52002,1915.449951,0
2016-01-24 00:00:00,1913.069946,1913.069946,1872.650024,1880.050049,0
2016-01-25 00:00:00,1873.25,1873.25,1828.459961,1853.439941,0
2016-01-26 00:00:00,1848.459961,1868.25,1834.939941,1852.209961,0
2016-01-27 00:00:00,1857.099976,1881.599976,1850.319946,1851.859985,0
2016-01-28 00:00:00,1847,1847,1810.099976,1829.079956,0
2016-01-29 00:00:00,1833.400024,1864.780029,1833.400024,1864.780029,0
2016-01-30 00:00:00,1871.439941,1895.77002,1871.439941,1895.579956,0
2016-01-31 00:00:00,1898.800049,1930.680054,1898.800049,1926.819946,0
2016-02-01 00:00:00,1927.569946,1930,1915.089966,1917.829956,0
2016-02-02 00:00:00,1916.73999,1918.780029,1902.170044,1917.780029,0
2016-02-03 00:00:00,1924.439941,1946.699951,1924.439941,1945.5,0
2016-02-04 00:00:00,1942.380005,1942.380005,1919.439941,1921.27002,0
2016-02-05 00:00:00,1917.560059,1932.079956,1891,1929.800049,0
2016-02-06 00:00:00,1931.869995,1951.829956,1925.410034,1951.699951,0
2016-02-07 00:00:00,1954.949951,1962.959961,1945.780029,1948.050049,0
2016-02-08 00:00:00,1947.130005,1958.27002,1931.810059,1932.22998,0
2016-02-09 00:00:00,1937.089966,1978.349976,1937.089966,1978.349976,0
2016-02-10 00:00:00,1976.599976,1986.51001,1968.800049,1986.449951,0
2016-02-11 00:00:00,1985.599976,1993.689941,1977.369995,1993.400024,0
2016-02-12 00:00:00,1994.01001,2009.130005,1986.77002,1999.98999,0
2016-02-13 00:00:00,1996.109985,2006.119995,1989.380005,2001.76001,0
2016-02-14 00:00:00,1996.880005,1996.880005,1977.430054,1979.26001,0
2016-02-15 00:00:00,1981.439941,1992.689941,1979.839966,1989.26001,0
2016-02-16 00:00:00,1990.969971,2005.079956,1969.25,1989.569946,0
2016-02-17 00:00:00,1994.709961,2022.369995,1994.709961,2022.189941,0
2016-02-18 00:00:00,2019.27002,2024.569946,2012.050049,2019.640015,0
2016-02-19 00:00:00,2015.27002,2015.939941,2005.22998,2015.930054,0
2016-02-20 00:00:00,2014.23999,2032.02002,2010.040039,2027.219971,0
2016-02-21 00:00:00,2026.900024,2046.23999,2022.160034,2040.589966,0
2016-02-22 00:00:00,2041.160034,2052.360107,2041.160034,2049.580078,0
2016-02-23 00:00:00,2047.880005,2053.909912,2043.140015,2051.600098,0
2016-02-24 00:00:00,2048.639893,2056.600098,2040.569946,2049.800049,0
2016-02-25 00:00:00,2048.550049,2048.550049,2034.859985,2036.709961,0
2016-02-26 00:00:00,2032.47998,2036.040039,2022.48999,2035.939941,0
2016-02-27 00:00:00,2037.890015,2042.670044,2031.959961,2037.050049,0
2016-02-28 00:00:00,2035.75,2055.909912,2028.310059,2055.01001,0
2016-02-29 00:00:00,2058.27002,2072.209961,2058.27002,2063.949951,0
2016-03-01 00:00:00,2063.77002,2067.919922,2057.459961,2059.73999,0
2016-03-02 00:00:00,2056.620117,2075.070068,2043.97998,2072.780029,0
2016-03-03 00:00:00,2073.189941,2074.02002,2062.570068,2066.129883,0
2016-03-04 00:00:00,2062.5,2062.5,2042.560059,2045.170044,0
2016-03-05 00:00:00,2045.560059,2067.330078,2043.089966,2066.659912,0
2016-03-06 00:00:00,2063.01001,2063.01001,2033.800049,2041.910034,0
2016-03-07 00:00:00,2045.540039,2060.629883,2041.689941,2047.599976,0
2016-03-08 00:00:00,2050.22998,2062.929932,2041.880005,2041.98999,0
2016-03-09 00:00:00,2043.719971,2065.050049,2039.73999,2061.719971,0
2016-03-10 00:00:00,2065.919922,2083.179932,2065.919922,2082.419922,0
2016-03-11 00:00:00,2082.889893,2087.840088,2078.129883,2082.780029,0
2016-03-12 00:00:00,2083.100098,2083.219971,2076.310059,2080.72998,0
2016-03-13 00:00:00,2078.830078,2094.659912,2073.649902,2094.340088,0
2016-03-14 00:00:00,2096.050049,2104.050049,2091.679932,2100.800049,0
2016-03-15 00:00:00,2101.52002,2111.050049,2096.320068,2102.399902,0
2016-03-16 00:00:00,2102.090088,2103.780029,2088.52002,2091.47998,0
2016-03-17 00:00:00,2091.48999,2094.320068,2081.199951,2091.580078,0
2016-03-18 00:00:00,2089.370117,2089.370117,2077.52002,2087.790039,0
2016-03-19 00:00:00,2089.840088,2096.870117,2085.800049,2091.699951,0
2016-03-20 00:00:00,2092.330078,2099.889893,2082.310059,2095.149902,0
2016-03-21 00:00:00,2090.929932,2099.300049,2071.620117,2075.810059,0
2016-03-22 00:00:00,2071.820068,2073.850098,2052.280029,2065.300049,0
2016-03-23 00:00:00,2067.169922,2083.419922,2066.110107,2081.429932,0
2016-03-24 00:00:00,2077.179932,2077.179932,2054.889893,2063.370117,0
2016-03-25 00:00:00,2060.300049,2060.300049,2045.550049,2051.120117,0
2016-03-26 00:00:00,2052.949951,2060.22998,2045.77002,2050.629883,0
2016-03-27 00:00:00,2047.77002,2057.719971,2039.449951,2057.139893,0
2016-03-28 00:00:00,2057.550049,2064.149902,2054.310059,2058.689941,0
2016-03-29 00:00:00,2062.629883,2084.870117,2062.629883,2084.389893,0
2016-03-30 00:00:00,2083.290039,2083.290039,2064.459961,2064.459961,0
2016-03-31 00:00:00,2067.169922,2073.98999,2053.129883,2064.110107,0
2016-04-01 00:00:00,2062.5,2066.790039,2043.130005,2046.609985,0
2016-04-02 00:00:00,2046.530029,2071.879883,2046.530029,2066.659912,0
2016-04-03 00:00:00,2065.040039,2065.689941,2040.819946,2047.209961,0
2016-04-04 00:00:00,2044.380005,2060.610107,2034.48999,2047.630005,0
2016-04-05 00:00:00,2044.209961,2044.209961,2025.910034,2040.040039,0
2016-04-06 00:00:00,2041.880005,2058.350098,2041.880005,2052.320068,0
2016-04-07 00:00:00,2052.22998,2055.580078,2047.26001,2048.040039,0
2016-04-08 00:00:00,2052.649902,2079.669922,2052.649902,2076.060059,0
2016-04-09 00:00:00,2078.929932,2094.72998,2078.929932,2090.540039,0
2016-04-10 00:00:00,2091.439941,2094.300049,2087.080078,2090.100098,0
2016-04-11 00:00:00,2090.060059,2099.060059,2090.060059,2099.060059,0
2016-04-12 00:00:00,2100.129883,2103.47998,2088.659912,2096.949951,0
2016-04-13 00:00:00,2093.939941,2100.969971,2085.100098,2099.330078,0
2016-04-14 00:00:00,2097.709961,2105.26001,2088.590088,2105.26001,0
2016-04-15 00:00:00,2104.070068,2104.070068,2085.360107,2099.129883,0
2016-04-16 00:00:00,2100.830078,2113.360107,2100.830078,2109.409912,0
2016-04-17 00:00:00,2110.179932,2119.219971,2110.179932,2112.129883,0
2016-04-18 00:00:00,2112.709961,2120.550049,2112.709961,2119.120117,0
2016-04-19 00:00:00,2115.649902,2117.639893,2107.72998,2115.47998,0
2016-04-20 00:00:00,2109.570068,2109.570068,2089.959961,2096.070068,0
2016-04-21 00:00:00,2091.75,2098.120117,2078.459961,2079.060059,0
2016-04-22 00:00:00,2076.649902,2081.300049,2064.100098,2075.320068,0
2016-04-23 00:00:00,2077.600098,2085.649902,2069.800049,2071.5,0
2016-04-24 00:00:00,2066.360107,2079.620117,2050.370117,2077.98999,0
2016-04-25 00:00:00,2078.199951,2078.199951,2062.840088,2071.219971,0
2016-04-26 00:00:00,2075.580078,2100.659912,2075.580078,2083.25,0
2016-04-27 00:00:00,2085.189941,2093.659912,2083.02002,2088.899902,0
2016-04-28 00:00:00,2089.75,2099.709961,2084.360107,2085.449951,0
2016-04-29 00:00:00,2092.800049,2113.320068,2092.800049,2113.320068,0
2016-04-30 00:00:00,2103.810059,2103.810059,2032.569946,2037.410034,0
2016-05-01 00:00:00,2031.449951,2031.449951,1991.680054,2000.540039,0
2016-05-02 00:00:00,2006.670044,2036.089966,2006.670044,2036.089966,0
2016-05-03 00:00:00,2042.689941,2073.129883,2042.689941,2070.77002,0
2016-05-04 00:00:00,2073.169922,2098.939941,2070,2098.860107,0
2016-05-05 00:00:00,2099.340088,2108.709961,2097.899902,2102.949951,0
2016-05-06 00:00:00,2095.050049,2095.050049,2080.860107,2088.550049,0
2016-05-07 00:00:00,2084.429932,2100.719971,2074.02002,2099.72998,0
2016-05-08 00:00:00,2100.419922,2109.080078,2089.389893,2097.899902,0
2016-05-09 00:00:00,2106.969971,2131.709961,2106.969971,2129.899902,0
2016-05-10 00:00:00,2131.719971,2143.159912,2131.719971,2137.159912,0
2016-05-11 00:00:00,2139.5,2155.399902,2139.5,2152.139893,0
2016-05-12 00:00:00,2153.810059,2156.449951,2146.209961,2152.429932,0
2016-05-13 00:00:00,2157.879883,2168.98999,2157.879883,2163.75,0
2016-05-14 00:00:00,2165.129883,2169.050049,2155.790039,2161.73999,0
2016-05-15 00:00:00,2162.040039,2168.350098,2159.629883,2166.889893,0
2016-05-16 00:00:00,2163.790039,2164.629883,2159.01001,2163.780029,0
2016-05-17 00:00:00,2166.100098,2175.629883,2164.889893,2173.02002,0
2016-05-18 00:00:00,2172.909912,2174.560059,2159.75,2165.169922,0
2016-05-19 00:00:00,2166.469971,2175.110107,2163.23999,2175.030029,0
2016-05-20 00:00:00,2173.709961,2173.709961,2161.949951,2168.47998,0
2016-05-21 00:00:00,2168.969971,2173.540039,2160.179932,2169.179932,0
2016-05-22 00:00:00,2169.810059,2174.97998,2159.070068,2166.580078,0
2016-05-23 00:00:00,2166.050049,2172.850098,2159.73999,2170.060059,0
2016-05-24 00:00:00,2168.830078,2177.090088,2163.48999,2173.600098,0
2016-05-25 00:00:00,2173.149902,2178.290039,2166.209961,2170.840088,0
2016-05-26 00:00:00,2169.939941,2170.199951,2147.580078,2157.030029,0
2016-05-27 00:00:00,2156.810059,2163.790039,2152.560059,2163.790039,0
2016-05-28 00:00:00,2163.51001,2168.189941,2159.070068,2164.25,0
2016-05-29 00:00:00,2168.790039,2182.870117,2168.790039,2182.870117,0
2016-05-30 00:00:00,2183.76001,2185.439941,2177.850098,2180.889893,0
2016-05-31 00:00:00,2182.23999,2187.659912,2178.610107,2181.73999,0
2016-06-01 00:00:00,2182.810059,2183.409912,2172,2175.48999,0
2016-06-02 00:00:00,2177.969971,2188.449951,2177.969971,2185.790039,0
2016-06-03 00:00:00,2183.73999,2186.280029,2179.419922,2184.050049,0
2016-06-04 00:00:00,2186.080078,2193.810059,2186.080078,2190.149902,0
2016-06-05 00:00:00,2186.23999,2186.23999,2178.139893,2178.149902,0
2016-06-06 00:00:00,2177.840088,2183.080078,2168.5,2182.219971,0
2016-06-07 00:00:00,2181.899902,2187.030029,2180.459961,2187.02002,0
2016-06-08 00:00:00,2184.23999,2185,2175.129883,2183.870117,0
2016-06-09 00:00:00,2181.580078,2185.149902,2175.959961,2182.639893,0
2016-06-10 00:00:00,2187.810059,2193.419922,2186.800049,2186.899902,0
2016-06-11 00:00:00,2185.090088,2186.659912,2171.25,2175.439941,0
2016-06-12 00:00:00,2173.290039,2179,2169.73999,2172.469971,0
2016-06-13 00:00:00,2175.100098,2187.939941,2160.389893,2169.040039,0
2016-06-14 00:00:00,2170.189941,2183.47998,2170.189941,2180.379883,0
2016-06-15 00:00:00,2179.449951,2182.27002,2170.409912,2176.120117,0
2016-06-16 00:00:00,2173.560059,2173.790039,2161.350098,2170.949951,0
2016-06-17 00:00:00,2171.330078,2173.560059,2157.090088,2170.860107,0
2016-06-18 00:00:00,2177.48999,2184.870117,2173.590088,2179.97998,0
2016-06-19 00:00:00,2181.610107,2186.570068,2175.100098,2186.47998,0
2016-06-20 00:00:00,2185.169922,2187.870117,2179.070068,2186.159912,0
2016-06-21 00:00:00,2182.76001,2184.939941,2177.48999,2181.300049,0
2016-06-22 00:00:00,2169.080078,2169.080078,2127.810059,2127.810059,0
2016-06-23 00:00:00,2120.860107,2163.300049,2119.120117,2159.040039,0
2016-06-24 00:00:00,2150.469971,2150.469971,2120.27002,2127.02002,0
2016-06-25 00:00:00,2127.860107,2141.330078,2119.899902,2125.77002,0
2016-06-26 00:00:00,2125.360107,2151.310059,2122.360107,2147.26001,0
2016-06-27 00:00:00,2146.47998,2146.47998,2131.199951,2139.159912,0
2016-06-28 00:00:00,2143.98999,2153.610107,2135.909912,2139.120117,0
2016-06-29 00:00:00,2145.939941,2150.800049,2139.169922,2139.76001,0
2016-06-30 00:00:00,2144.580078,2165.110107,2139.570068,2163.120117,0
2016-07-01 00:00:00,2170.939941,2179.98999,2170.939941,2177.179932,0
2016-07-02 00:00:00,2173.290039,2173.75,2163.969971,2164.689941,0
2016-07-03 00:00:00,2158.540039,2158.540039,2145.040039,2146.100098,0
2016-07-04 00:00:00,2146.040039,2161.129883,2141.550049,2159.929932,0
2016-07-05 00:00:00,2161.850098,2172.399902,2151.790039,2171.370117,0
2016-07-06 00:00:00,2168.899902,2172.669922,2145.199951,2151.129883,0
2016-07-07 00:00:00,2156.51001,2175.300049,2156.51001,2168.27002,0
2016-07-08 00:00:00,2164.330078,2164.409912,2154.77002,2161.199951,0
2016-07-09 00:00:00,2163.370117,2165.459961,2144.01001,2150.48999,0
2016-07-10 00:00:00,2155.149902,2163.949951,2155.149902,2159.72998,0
2016-07-11 00:00:00,2158.219971,2162.929932,2150.280029,2160.77002,0
2016-07-12 00:00:00,2164.189941,2165.860107,2144.850098,2153.73999,0
2016-07-13 00:00:00,2160.389893,2169.600098,2160.389893,2163.659912,0
2016-07-14 00:00:00,2161.350098,2161.560059,2128.840088,2136.72998,0
2016-07-15 00:00:00,2137.669922,2145.360107,2132.77002,2139.179932,0
2016-07-16 00:00:00,2130.26001,2138.189941,2114.719971,2132.550049,0
2016-07-17 00:00:00,2139.679932,2149.189941,2132.97998,2132.97998,0
2016-07-18 00:00:00,2132.949951,2135.610107,2124.429932,2126.5,0
2016-07-19 00:00:00,2138.310059,2144.379883,2135.48999,2139.600098,0
2016-07-20 00:00:00,2140.810059,2148.439941,2138.149902,2144.290039,0
2016-07-21 00:00:00,2142.51001,2147.179932,2133.439941,2141.340088,0
2016-07-22 00:00:00,2139.429932,2142.629883,2130.090088,2141.159912,0
2016-07-23 00:00:00,2148.5,2154.790039,2146.909912,2151.330078,0
2016-07-24 00:00:00,2149.719971,2151.439941,2141.929932,2143.159912,0
2016-07-25 00:00:00,2136.969971,2145.72998,2131.590088,2139.429932,0
2016-07-26 00:00:00,2144.060059,2147.129883,2132.52002,2133.040039,0
2016-07-27 00:00:00,2132.22998,2140.719971,2119.360107,2126.409912,0
2016-07-28 00:00:00,2129.780029,2133.25,2125.530029,2126.149902,0
2016-07-29 00:00:00,2128.679932,2131.449951,2097.850098,2111.719971,0
2016-07-30 00:00:00,2109.429932,2111.76001,2094,2097.939941,0
2016-07-31 00:00:00,2098.800049,2102.560059,2085.22998,2088.659912,0
2016-08-01 00:00:00,2083.790039,2099.070068,2083.790039,2085.179932,0
2016-08-02 00:00:00,2100.590088,2132,2100.590088,2131.52002,0
2016-08-03 00:00:00,2129.919922,2146.870117,2123.560059,2139.560059,0
2016-08-04 00:00:00,2131.560059,2170.100098,2125.350098,2163.26001,0
2016-08-05 00:00:00,2167.48999,2182.300049,2151.169922,2167.47998,0
2016-08-06 00:00:00,2162.709961,2165.919922,2152.48999,2164.449951,0
2016-08-07 00:00:00,2165.639893,2171.360107,2156.080078,2164.199951,0
2016-08-08 00:00:00,2168.290039,2180.840088,2166.379883,2180.389893,0
2016-08-09 00:00:00,2177.530029,2179.219971,2172.199951,2176.939941,0
2016-08-10 00:00:00,2178.610107,2188.060059,2176.649902,2187.120117,0
2016-08-11 00:00:00,2186.850098,2189.889893,2180.379883,2181.899902,0
2016-08-12 00:00:00,2186.429932,2198.699951,2186.429932,2198.179932,0
2016-08-13 00:00:00,2201.560059,2204.800049,2194.51001,2202.939941,0
2016-08-14 00:00:00,2198.550049,2204.719971,2194.51001,2204.719971,0
2016-08-15 00:00:00,2206.27002,2213.350098,2206.27002,2213.350098,0
2016-08-16 00:00:00,2210.209961,2211.139893,2200.360107,2201.719971,0
2016-08-17 00:00:00,2200.76001,2210.459961,2198.149902,2204.659912,0
2016-08-18 00:00:00,2204.969971,2214.100098,2198.810059,2198.810059,0
2016-08-19 00:00:00,2200.169922,2202.600098,2187.439941,2191.080078,0
2016-08-20 00:00:00,2191.120117,2197.949951,2188.370117,2191.949951,0
2016-08-21 00:00:00,2200.649902,2209.419922,2199.969971,2204.709961,0
2016-08-22 00:00:00,2207.26001,2212.780029,2202.209961,2212.22998,0
2016-08-23 00:00:00,2210.719971,2241.629883,2208.929932,2241.350098,0
2016-08-24 00:00:00,2241.129883,2251.689941,2237.570068,2246.189941,0
2016-08-25 00:00:00,2249.72998,2259.800049,2249.22998,2259.530029,0
2016-08-26 00:00:00,2258.830078,2264.030029,2252.370117,2256.959961,0
2016-08-27 00:00:00,2263.320068,2277.530029,2263.320068,2271.719971,0
2016-08-28 00:00:00,2268.350098,2276.199951,2248.439941,2253.280029,0
2016-08-29 00:00:00,2253.77002,2272.120117,2253.77002,2262.030029,0
2016-08-30 00:00:00,2266.810059,2268.050049,2254.23999,2258.070068,0
2016-08-31 00:00:00,2259.23999,2267.469971,2258.209961,2262.530029,0
2016-09-01 00:00:00,2266.5,2272.560059,2266.139893,2270.76001,0
2016-09-02 00:00:00,2270.540039,2271.22998,2265.149902,2265.179932,0
2016-09-03 00:00:00,2262.929932,2263.179932,2256.080078,2260.959961,0
2016-09-04 00:00:00,2260.25,2263.790039,2258.840088,2263.790039,0
2016-09-05 00:00:00,2266.22998,2273.820068,2266.149902,2268.879883,0
2016-09-06 00:00:00,2270.22998,2271.310059,2249.110107,2249.919922,0
2016-09-07 00:00:00,2249.5,2254.51001,2244.560059,2249.26001,0
2016-09-08 00:00:00,2251.610107,2253.580078,2233.620117,2238.830078,0
2016-09-09 00:00:00,2251.570068,2263.879883,2245.129883,2257.830078,0
2016-09-10 00:00:00,2261.600098,2272.820068,2261.600098,2270.75,0
2016-09-11 00:00:00,2268.179932,2271.5,2260.449951,2269,0
2016-09-12 00:00:00,2271.139893,2282.100098,2264.060059,2276.97998,0
2016-09-13 00:00:00,2273.590088,2275.48999,2268.899902,2268.899902,0
2016-09-14 00:00:00,2269.719971,2279.27002,2265.27002,2268.899902,0
2016-09-15 00:00:00,2268.600098,2275.320068,2260.830078,2275.320068,0
2016-09-16 00:00:00,2271.139893,2271.780029,2254.25,2270.439941,0
2016-09-17 00:00:00,2272.73999,2278.679932,2271.51001,2274.639893,0
2016-09-18 00:00:00,2269.139893,2272.080078,2262.810059,2267.889893,0
2016-09-19 00:00:00,2269.139893,2272.01001,2263.350098,2271.889893,0
2016-09-20 00:00:00,2271.899902,2274.330078,2258.409912,2263.689941,0
2016-09-21 00:00:00,2269.959961,2276.959961,2265.01001,2271.310059,0
2016-09-22 00:00:00,2267.780029,2271.780029,2257.02002,2265.199951,0
2016-09-23 00:00:00,2267.879883,2284.629883,2266.679932,2280.070068,0
2016-09-24 00:00:00,2288.879883,2299.550049,2288.879883,2298.370117,0
2016-09-25 00:00:00,2298.629883,2300.98999,2294.080078,2296.679932,0
2016-09-26 00:00:00,2299.02002,2299.02002,2291.620117,2294.689941,0
2016-09-27 00:00:00,2286.01001,2286.01001,2268.040039,2280.899902,0
2016-09-28 00:00:00,2274.02002,2279.090088,2267.209961,2278.870117,0
2016-09-29 00:00:00,2285.590088,2289.139893,2272.439941,2279.550049,0
2016-09-30 00:00:00,2276.689941,2283.969971,2271.649902,2280.850098,0
2016-10-01 00:00:00,2288.540039,2298.310059,2287.879883,2297.419922,0
2016-10-02 00:00:00,2294.280029,2296.179932,2288.570068,2292.560059,0
2016-10-03 00:00:00,2295.870117,2299.399902,2290.159912,2293.080078,0
2016-10-04 00:00:00,2289.550049,2295.909912,2285.379883,2294.669922,0
2016-10-05 00:00:00,2296.699951,2311.080078,2296.610107,2307.870117,0
2016-10-06 00:00:00,2312.27002,2319.22998,2311.100098,2316.100098,0
2016-10-07 00:00:00,2321.719971,2331.580078,2321.419922,2328.25,0
2016-10-08 00:00:00,2326.120117,2337.580078,2322.169922,2337.580078,0
2016-10-09 00:00:00,2335.580078,2351.300049,2334.810059,2349.25,0
2016-10-10 00:00:00,2349.639893,2351.310059,2338.870117,2347.219971,0
2016-10-11 00:00:00,2343.01001,2351.159912,2339.580078,2351.159912,0
2016-10-12 00:00:00,2354.909912,2366.709961,2354.909912,2365.379883,0
2016-10-13 00:00:00,2361.110107,2365.129883,2358.340088,2362.820068,0
2016-10-14 00:00:00,2367.5,2368.26001,2355.090088,2363.810059,0
2016-10-15 00:00:00,2355.72998,2367.340088,2352.870117,2367.340088,0
2016-10-16 00:00:00,2365.22998,2371.540039,2361.870117,2369.75,0
2016-10-17 00:00:00,2366.080078,2367.790039,2358.959961,2363.639893,0
2016-10-18 00:00:00,2380.129883,2400.97998,2380.129883,2395.959961,0
2016-10-19 00:00:00,2394.75,2394.75,2380.169922,2381.919922,0
2016-10-20 00:00:00,2380.919922,2383.889893,2375.389893,2383.120117,0
2016-10-21 00:00:00,2375.22998,2378.800049,2367.97998,2375.310059,0
2016-10-22 00:00:00,2370.73999,2375.120117,2365.51001,2368.389893,0
2016-10-23 00:00:00,2369.810059,2373.090088,2361.01001,2362.97998,0
2016-10-24 00:00:00,2363.48999,2369.080078,2354.540039,2364.870117,0
2016-10-25 00:00:00,2372.52002,2376.860107,2363.040039,2372.600098,0
2016-10-26 00:00:00,2371.560059,2374.419922,2368.52002,2373.469971,0
2016-10-27 00:00:00,2368.550049,2368.550049,2358.179932,2365.449951,0
2016-10-28 00:00:00,2370.340088,2390.01001,2368.939941,2385.26001,0
2016-10-29 00:00:00,2387.709961,2388.100098,2377.179932,2381.379883,0
2016-10-30 00:00:00,2383.709961,2385.709961,2377.639893,2378.25,0
2016-10-31 00:00:00,2378.23999,2379.550049,2369.659912,2373.469971,0
2016-11-01 00:00:00,2379.320068,2381.929932,2341.899902,2344.02002,0
2016-11-02 00:00:00,2343,2351.810059,2336.449951,2348.449951,0
2016-11-03 00:00:00,2345.969971,2358.919922,2342.129883,2345.959961,0
2016-11-04 00:00:00,2350.419922,2356.219971,2335.73999,2343.97998,0
2016-11-05 00:00:00,2329.110107,2344.899902,2322.25,2341.590088,0
2016-11-06 00:00:00,2339.790039,2363.780029,2337.629883,2358.570068,0
2016-11-07 00:00:00,2356.540039,2363.360107,2352.939941,2361.129883,0
2016-11-08 00:00:00,2361.310059,2370.419922,2358.580078,2368.060059,0
2016-11-09 00:00:00,2364.820068,2370.350098,2362.600098,2362.719971,0
2016-11-10 00:00:00,2362.340088,2365.870117,2344.72998,2358.840088,0
2016-11-11 00:00:00,2354.76001,2360.530029,2350.719971,2360.159912,0
2016-11-12 00:00:00,2366.590088,2378.360107,2350.52002,2352.949951,0
2016-11-13 00:00:00,2353.790039,2364.159912,2348.899902,2357.48999,0
2016-11-14 00:00:00,2356.590088,2363.76001,2350.73999,2355.540039,0
2016-11-15 00:00:00,2357.159912,2366.370117,2351.5,2357.159912,0
2016-11-16 00:00:00,2353.919922,2355.219971,2337.25,2353.780029,0
2016-11-17 00:00:00,2352.149902,2352.719971,2341.179932,2344.929932,0
2016-11-18 00:00:00,2341.97998,2348.26001,2328.949951,2328.949951,0
2016-11-19 00:00:00,2332.620117,2349.139893,2332.51001,2349.01001,0
2016-11-20 00:00:00,2342.530029,2348.350098,2334.540039,2342.189941,0
2016-11-21 00:00:00,2346.790039,2352.629883,2335.050049,2338.169922,0
2016-11-22 00:00:00,2342.689941,2361.370117,2340.909912,2355.840088,0
2016-11-23 00:00:00,2354.73999,2356.179932,2344.51001,2348.689941,0
2016-11-24 00:00:00,2370.330078,2376.97998,2369.189941,2374.149902,0
2016-11-25 00:00:00,2381.51001,2392.47998,2381.149902,2388.610107,0
2016-11-26 00:00:00,2388.97998,2398.159912,2386.780029,2387.449951,0
2016-11-27 00:00:00,2389.699951,2392.100098,2382.679932,2388.77002,0
2016-11-28 00:00:00,2393.679932,2393.679932,2382.360107,2384.199951,0
2016-11-29 00:00:00,2388.5,2394.48999,2384.830078,2388.330078,0
2016-11-30 00:00:00,2391.050049,2392.929932,2385.820068,2391.169922,0
2016-12-01 00:00:00,2386.5,2389.820068,2379.75,2388.129883,0
2016-12-02 00:00:00,2389.790039,2391.429932,2380.350098,2389.52002,0
2016-12-03 00:00:00,2392.370117,2399.290039,2389.379883,2399.290039,0
2016-12-04 00:00:00,2399.939941,2401.360107,2393.919922,2399.379883,0
2016-12-05 00:00:00,2401.580078,2403.870117,2392.439941,2396.919922,0
2016-12-06 00:00:00,2396.790039,2399.73999,2392.790039,2399.629883,0
2016-12-07 00:00:00,2394.840088,2395.719971,2381.73999,2394.439941,0
2016-12-08 00:00:00,2392.439941,2392.439941,2387.189941,2390.899902,0
2016-12-09 00:00:00,2393.97998,2404.050049,2393.939941,2402.320068,0
2016-12-10 00:00:00,2404.550049,2405.77002,2396.050049,2400.669922,0
2016-12-11 00:00:00,2382.949951,2384.870117,2356.209961,2357.030029,0
2016-12-12 00:00:00,2354.689941,2375.73999,2352.719971,2365.719971,0
2016-12-13 00:00:00,2371.370117,2389.060059,2370.429932,2381.72998,0
2016-12-14 00:00:00,2387.209961,2395.459961,2386.919922,2394.02002,0
2016-12-15 00:00:00,2397.040039,2400.850098,2393.879883,2398.419922,0
2016-12-16 00:00:00,2401.409912,2405.580078,2397.98999,2404.389893,0
2016-12-17 00:00:00,2409.540039,2418.709961,2408.01001,2415.070068,0
2016-12-18 00:00:00,2414.5,2416.679932,2412.199951,2415.820068,0
2016-12-19 00:00:00,2411.669922,2415.26001,2409.429932,2412.909912,0
2016-12-20 00:00:00,2415.629883,2415.98999,2403.590088,2411.800049,0
2016-12-21 00:00:00,2415.649902,2430.060059,2413.540039,2430.060059,0
2016-12-22 00:00:00,2431.280029,2440.22998,2427.709961,2439.070068,0
2016-12-23 00:00:00,2437.830078,2439.550049,2434.320068,2436.100098,0
2016-12-24 00:00:00,2431.919922,2436.209961,2428.120117,2429.330078,0
2016-12-25 00:00:00,2432.030029,2435.280029,2424.75,2433.139893,0
2016-12-26 00:00:00,2434.27002,2439.27002,2427.939941,2433.790039,0
2016-12-27 00:00:00,2436.389893,2446.199951,2415.699951,2431.77002,0
2016-12-28 00:00:00,2425.879883,2430.379883,2419.969971,2429.389893,0
2016-12-29 00:00:00,2434.149902,2441.48999,2431.280029,2440.350098,0
2016-12-30 00:00:00,2443.75,2443.75,2428.340088,2437.919922,0
2016-12-31 00:00:00,2424.139893,2433.949951,2418.530029,2432.459961,0
2017-01-01 00:00:00,2431.23999,2433.149902,2422.879883,2433.149902,0
2017-01-02 00:00:00,2442.550049,2453.820068,2441.790039,2453.459961,0
2017-01-03 00:00:00,2450.659912,2450.659912,2436.600098,2437.030029,0
2017-01-04 00:00:00,2439.310059,2442.22998,2430.73999,2435.610107,0
2017-01-05 00:00:00,2437.399902,2441.620117,2433.27002,2434.5,0
2017-01-06 00:00:00,2434.649902,2441.399902,2431.110107,2438.300049,0
2017-01-07 00:00:00,2443.320068,2450.419922,2437.030029,2439.070068,0
2017-01-08 00:00:00,2436.340088,2440.149902,2419.379883,2419.379883,0
2017-01-09 00:00:00,2428.699951,2442.969971,2428.02002,2440.689941,0
2017-01-10 00:00:00,2442.379883,2442.72998,2405.699951,2419.699951,0
2017-01-11 00:00:00,2429.199951,2432.709961,2421.649902,2423.409912,0
2017-01-12 00:00:00,2431.389893,2439.169922,2428.689941,2429.01001,0
2017-01-13 00:00:00,2430.780029,2434.899902,2422.050049,2432.540039,0
2017-01-14 00:00:00,2423.439941,2424.280029,2407.699951,2409.75,0
2017-01-15 00:00:00,2413.52002,2426.919922,2413.52002,2425.179932,0
2017-01-16 00:00:00,2424.51001,2432,2422.27002,2427.429932,0
2017-01-17 00:00:00,2427.350098,2429.300049,2412.790039,2425.530029,0
2017-01-18 00:00:00,2435.75,2445.76001,2435.75,2443.25,0
2017-01-19 00:00:00,2444.98999,2449.320068,2441.689941,2447.830078,0
2017-01-20 00:00:00,2449.159912,2463.540039,2446.689941,2459.27002,0
2017-01-21 00:00:00,2459.5,2462.820068,2457.159912,2459.139893,0
2017-01-22 00:00:00,2455.879883,2460.919922,2450.340088,2460.610107,0
2017-01-23 00:00:00,2463.850098,2473.830078,2463.850098,2473.830078,0
2017-01-24 00:00:00,2475.560059,2477.620117,2468.429932,2473.449951,0
2017-01-25 00:00:00,2467.399902,2472.540039,2465.060059,2472.540039,0
2017-01-26 00:00:00,2472.040039,2473.100098,2466.320068,2469.909912,0
2017-01-27 00:00:00,2477.879883,2481.23999,2474.909912,2477.129883,0
2017-01-28 00:00:00,2479.969971,2481.689941,2474.939941,2477.830078,0
2017-01-29 00:00:00,2482.76001,2484.040039,2459.929932,2475.419922,0
2017-01-30 00:00:00,2469.120117,2473.530029,2464.659912,2472.100098,0
2017-01-31 00:00:00,2475.939941,2477.959961,2468.530029,2470.300049,0
2017-02-01 00:00:00,2477.100098,2478.51001,2471.139893,2476.350098,0
2017-02-02 00:00:00,2480.379883,2480.379883,2466.47998,2477.570068,0
2017-02-03 00:00:00,2476.030029,2476.030029,2468.850098,2472.159912,0
2017-02-04 00:00:00,2476.879883,2480,2472.080078,2476.830078,0
2017-02-05 00:00:00,2477.139893,2480.949951,2475.879883,2480.909912,0
2017-02-06 00:00:00,2478.350098,2490.870117,2470.320068,2474.919922,0
2017-02-07 00:00:00,2465.350098,2474.409912,2462.080078,2474.02002,0
2017-02-08 00:00:00,2465.379883,2465.379883,2437.75,2438.209961,0
2017-02-09 00:00:00,2441.040039,2448.090088,2437.850098,2441.320068,0
2017-02-10 00:00:00,2454.959961,2468.219971,2454.959961,2465.840088,0
2017-02-11 00:00:00,2468.659912,2468.899902,2461.610107,2464.610107,0
2017-02-12 00:00:00,2468.629883,2474.929932,2463.860107,2468.110107,0
2017-02-13 00:00:00,2462.949951,2465.02002,2430.01001,2430.01001,0
2017-02-14 00:00:00,2427.639893,2440.27002,2420.689941,2425.550049,0
2017-02-15 00:00:00,2425.5,2430.580078,2417.350098,2428.370117,0
2017-02-16 00:00:00,2433.75,2454.77002,2433.669922,2452.51001,0
2017-02-17 00:00:00,2444.879883,2448.909912,2441.419922,2444.040039,0
2017-02-18 00:00:00,2447.909912,2450.389893,2436.189941,2438.969971,0
2017-02-19 00:00:00,2444.719971,2453.959961,2442.219971,2443.050049,0
2017-02-20 00:00:00,2447.350098,2449.120117,2439.030029,2444.23999,0
2017-02-21 00:00:00,2431.939941,2449.189941,2428.199951,2446.300049,0
2017-02-22 00:00:00,2446.060059,2460.310059,2443.77002,2457.590088,0
2017-02-23 00:00:00,2462.649902,2475.01001,2462.649902,2471.649902,0
2017-02-24 00:00:00,2474.419922,2480.379883,2473.850098,2476.550049,0
2017-02-25 00:00:00,2470.350098,2471.969971,2446.550049,2457.850098,0
2017-02-26 00:00:00,2463.830078,2469.639893,2459.199951,2465.540039,0
2017-02-27 00:00:00,2468.060059,2468.620117,2460.290039,2465.100098,0
2017-02-28 00:00:00,2462.25,2467.110107,2459.399902,2461.429932,0
2017-03-01 00:00:00,2474.52002,2488.949951,2474.52002,2488.110107,0
2017-03-02 00:00:00,2491.939941,2496.77002,2490.370117,2496.47998,0
2017-03-03 00:00:00,2493.889893,2498.370117,2492.139893,2498.370117,0
2017-03-04 00:00:00,2494.560059,2498.429932,2491.350098,2495.620117,0
2017-03-05 00:00:00,2495.669922,2500.22998,2493.159912,2500.22998,0
2017-03-06 00:00:00,2502.51001,2508.320068,2499.919922,2503.870117,0
2017-03-07 00:00:00,2506.290039,2507.840088,2503.189941,2506.649902,0
2017-03-08 00:00:00,2506.840088,2508.850098,2496.669922,2508.23999,0
2017-03-09 00:00:00,2507.159912,2507.159912,2499,2500.600098,0
2017-03-10 00:00:00,2497.26001,2503.469971,2496.540039,2502.219971,0
2017-03-11 00:00:00,2499.389893,2502.540039,2488.030029,2496.659912,0
2017-03-12 00:00:00,2501.040039,2503.51001,2495.120117,2496.840088,0
2017-03-13 00:00:00,2503.300049,2511.75,2495.909912,2507.040039,0
2017-03-14 00:00:00,2503.409912,2510.810059,2502.929932,2510.060059,0
2017-03-15 00:00:00,2509.959961,2519.439941,2507.98999,2519.360107,0
2017-03-16 00:00:00,2521.199951,2529.22998,2520.399902,2529.120117,0
2017-03-17 00:00:00,2530.340088,2535.129883,2528.850098,2534.580078,0
2017-03-18 00:00:00,2533.47998,2540.530029,2531.800049,2537.73999,0
2017-03-19 00:00:00,2540.860107,2552.51001,2540.02002,2552.070068,0
2017-03-20 00:00:00,2547.439941,2549.409912,2543.790039,2549.330078,0
2017-03-21 00:00:00,2551.389893,2551.820068,2541.600098,2544.72998,0
2017-03-22 00:00:00,2549.98999,2555.22998,2544.860107,2550.639893,0
2017-03-23 00:00:00,2550.620117,2555.23999,2547.949951,2555.23999,0
2017-03-24 00:00:00,2552.879883,2555.330078,2548.310059,2550.929932,0
2017-03-25 00:00:00,2555.659912,2557.649902,2552.090088,2553.169922,0
2017-03-26 00:00:00,2555.570068,2559.469971,2552.639893,2557.639893,0
2017-03-27 00:00:00,2557.169922,2559.709961,2554.689941,2559.360107,0
2017-03-28 00:00:00,2562.870117,2564.110107,2559.669922,2561.26001,0
2017-03-29 00:00:00,2553.389893,2562.360107,2547.919922,2562.100098,0
2017-03-30 00:00:00,2567.560059,2575.439941,2567.560059,2575.209961,0
2017-03-31 00:00:00,2578.080078,2578.290039,2564.330078,2564.97998,0
2017-04-01 00:00:00,2568.659912,2572.179932,2565.580078,2569.129883,0
2017-04-02 00:00:00,2566.52002,2567.399902,2544,2557.149902,0
2017-04-03 00:00:00,2560.080078,2567.070068,2559.800049,2560.399902,0
2017-04-04 00:00:00,2570.26001,2582.97998,2565.939941,2581.070068,0
2017-04-05 00:00:00,2577.75,2580.030029,2568.25,2572.830078,0
2017-04-06 00:00:00,2575.98999,2578.290039,2572.149902,2575.26001,0
2017-04-07 00:00:00,2583.209961,2588.399902,2574.919922,2579.360107,0
2017-04-08 00:00:00,2579.459961,2581.110107,2566.169922,2579.850098,0
2017-04-09 00:00:00,2581.929932,2588.419922,2576.77002,2587.840088,0
2017-04-10 00:00:00,2587.469971,2593.379883,2585.659912,2591.129883,0
2017-04-11 00:00:00,2592.110107,2597.02002,2584.350098,2590.639893,0
2017-04-12 00:00:00,2588.709961,2595.469971,2585.02002,2594.379883,0
2017-04-13 00:00:00,2584,2586.5,2566.330078,2584.620117,0
2017-04-14 00:00:00,2580.179932,2583.810059,2575.570068,2582.300049,0
2017-04-15 00:00:00,2576.530029,2587.659912,2574.47998,2584.840088,0
2017-04-16 00:00:00,2577.75,2579.659912,2566.560059,2578.870117,0
2017-04-17 00:00:00,2569.449951,2572.840088,2557.449951,2564.620117,0
2017-04-18 00:00:00,2572.949951,2590.090088,2572.949951,2585.639893,0
2017-04-19 00:00:00,2582.939941,2583.959961,2577.620117,2578.850098,0
2017-04-20 00:00:00,2579.48999,2584.639893,2578.23999,2582.139893,0
2017-04-21 00:00:00,2589.169922,2601.189941,2589.169922,2599.030029,0
2017-04-22 00:00:00,2600.310059,2600.939941,2595.22998,2597.080078,0
2017-04-23 00:00:00,2600.419922,2604.209961,2600.419922,2602.419922,0
2017-04-24 00:00:00,2602.659912,2606.409912,2598.870117,2601.419922,0
2017-04-25 00:00:00,2605.939941,2627.689941,2605.439941,2627.040039,0
2017-04-26 00:00:00,2627.820068,2634.889893,2620.320068,2626.070068,0
2017-04-27 00:00:00,2633.929932,2657.73999,2633.929932,2647.580078,0
2017-04-28 00:00:00,2645.100098,2650.620117,2605.52002,2642.219971,0
2017-04-29 00:00:00,2657.189941,2665.189941,2639.030029,2639.439941,0
2017-04-30 00:00:00,2639.780029,2648.719971,2627.72998,2629.570068,0
2017-05-01 00:00:00,2626.23999,2634.409912,2624.75,2629.27002,0
2017-05-02 00:00:00,2628.379883,2640.98999,2626.530029,2636.97998,0
2017-05-03 00:00:00,2646.209961,2651.649902,2644.100098,2651.5,0
2017-05-04 00:00:00,2652.189941,2660.330078,2651.469971,2659.98999,0
2017-05-05 00:00:00,2661.72998,2669.719971,2659.780029,2664.110107,0
2017-05-06 00:00:00,2667.590088,2671.879883,2662.850098,2662.850098,0
2017-05-07 00:00:00,2665.870117,2668.090088,2652.01001,2652.01001,0
2017-05-08 00:00:00,2660.629883,2679.629883,2659.139893,2675.810059,0
2017-05-09 00:00:00,2685.919922,2694.969971,2685.919922,2690.159912,0
2017-05-10 00:00:00,2692.709961,2694.439941,2680.73999,2681.469971,0
2017-05-11 00:00:00,2688.179932,2691.01001,2676.110107,2679.25,0
2017-05-12 00:00:00,2683.02002,2692.639893,2682.399902,2684.570068,0
2017-05-13 00:00:00,2684.219971,2685.350098,2678.129883,2683.340088,0
2017-05-14 00:00:00,2679.090088,2682.73999,2677.959961,2680.5,0
2017-05-15 00:00:00,2682.100098,2685.639893,2678.909912,2682.620117,0
2017-05-16 00:00:00,2686.100098,2687.659912,2682.689941,2687.540039,0
2017-05-17 00:00:00,2689.149902,2692.120117,2673.610107,2673.610107,0
2017-05-18 00:00:00,2683.72998,2695.889893,2682.360107,2695.810059,0
2017-05-19 00:00:00,2697.850098,2714.370117,2697.77002,2713.060059,0
2017-05-20 00:00:00,2719.310059,2729.290039,2719.070068,2723.98999,0
2017-05-21 00:00:00,2731.330078,2743.449951,2727.919922,2743.149902,0
2017-05-22 00:00:00,2742.669922,2748.51001,2737.600098,2747.709961,0
2017-05-23 00:00:00,2751.149902,2759.139893,2747.860107,2751.290039,0
2017-05-24 00:00:00,2745.550049,2750.800049,2736.060059,2748.22998,0
2017-05-25 00:00:00,2752.969971,2767.560059,2752.780029,2767.560059,0
2017-05-26 00:00:00,2770.179932,2787.850098,2769.639893,2786.23999,0
2017-05-27 00:00:00,2798.959961,2807.540039,2768.639893,2776.419922,0
2017-05-28 00:00:00,2784.98999,2807.040039,2778.379883,2802.560059,0
2017-05-29 00:00:00,2802.399902,2805.830078,2792.560059,2798.030029,0
2017-05-30 00:00:00,2802.600098,2810.330078,2798.080078,2810.300049,0
2017-05-31 00:00:00,2809.159912,2833.030029,2808.120117,2832.969971,0
2017-06-01 00:00:00,2835.050049,2842.23999,2830.590088,2839.129883,0
2017-06-02 00:00:00,2845.419922,2852.969971,2824.810059,2837.540039,0
2017-06-03 00:00:00,2846.23999,2848.560059,2830.939941,2839.25,0
2017-06-04 00:00:00,2847.47998,2872.870117,2846.179932,2872.870117,0
2017-06-05 00:00:00,2867.22998,2870.620117,2851.47998,2853.530029,0
2017-06-06 00:00:00,2832.73999,2837.75,2818.27002,2822.429932,0
2017-06-07 00:00:00,2832.409912,2839.26001,2813.040039,2823.810059,0
2017-06-08 00:00:00,2816.449951,2835.959961,2812.699951,2821.97998,0
2017-06-09 00:00:00,2808.919922,2808.919922,2759.969971,2762.129883,0
2017-06-10 00:00:00,2741.060059,2763.389893,2638.169922,2648.939941,0
2017-06-11 00:00:00,2614.780029,2701.040039,2593.070068,2695.139893,0
2017-06-12 00:00:00,2690.949951,2727.669922,2681.330078,2681.659912,0
2017-06-13 00:00:00,2685.01001,2685.27002,2580.560059,2581,0
2017-06-14 00:00:00,2601.780029,2638.669922,2532.689941,2619.550049,0
2017-06-15 00:00:00,2636.75,2672.610107,2622.449951,2656,0
2017-06-16 00:00:00,2646.27002,2668.840088,2637.080078,2662.939941,0
2017-06-17 00:00:00,2651.209961,2702.100098,2648.870117,2698.629883,0
2017-06-18 00:00:00,2713.459961,2731.51001,2689.820068,2731.199951,0
2017-06-19 00:00:00,2727.139893,2754.419922,2725.110107,2732.219971,0
2017-06-20 00:00:00,2722.98999,2737.600098,2706.76001,2716.26001,0
2017-06-21 00:00:00,2720.530029,2747.75,2701.290039,2701.330078,0
2017-06-22 00:00:00,2710.419922,2731.26001,2697.77002,2703.959961,0
2017-06-23 00:00:00,2715.800049,2747.76001,2713.73999,2747.300049,0
2017-06-24 00:00:00,2757.370117,2780.639893,2753.780029,2779.600098,0
2017-06-25 00:00:00,2780.449951,2789.149902,2744.219971,2744.280029,0
2017-06-26 00:00:00,2753.780029,2761.52002,2713.540039,2713.830078,0
2017-06-27 00:00:00,2715.219971,2730.889893,2659.649902,2677.669922,0
2017-06-28 00:00:00,2658.889893,2696.25,2647.320068,2691.25,0
2017-06-29 00:00:00,2681.060059,2728.090088,2675.75,2720.939941,0
2017-06-30 00:00:00,2730.179932,2732.080078,2711.26001,2728.120117,0
2017-07-01 00:00:00,2710.179932,2730.600098,2701.73999,2726.800049,0
2017-07-02 00:00:00,2732.75,2740.449951,2722.649902,2738.969971,0
2017-07-03 00:00:00,2752.909912,2786.570068,2751.540039,2786.570068,0
2017-07-04 00:00:00,2790.540039,2796.97998,2779.26001,2783.02002,0
2017-07-05 00:00:00,2792.310059,2801.899902,2758.679932,2765.310059,0
2017-07-06 00:00:00,2774.060059,2777.110107,2744.379883,2749.47998,0
2017-07-07 00:00:00,2754.27002,2763.030029,2741.469971,2747.330078,0
2017-07-08 00:00:00,2750.570068,2761.850098,2749.969971,2752.01001,0
2017-07-09 00:00:00,2741.379883,2741.379883,2694.590088,2712.919922,0
2017-07-10 00:00:00,2715.050049,2724.219971,2710.050049,2716.939941,0
2017-07-11 00:00:00,2714.98999,2739.139893,2709.790039,2711.929932,0
2017-07-12 00:00:00,2691.360107,2695.679932,2641.590088,2643.689941,0
2017-07-13 00:00:00,2646.709961,2657.669922,2585.889893,2588.26001,0
2017-07-14 00:00:00,2619.350098,2661.360107,2601.810059,2658.550049,0
2017-07-15 00:00:00,2667.570068,2674.780029,2596.120117,2612.620117,0
2017-07-16 00:00:00,2611.300049,2632.649902,2593.060059,2605,0
2017-07-17 00:00:00,2614.409912,2659.070068,2609.719971,2640.870117,0
2017-07-18 00:00:00,2633.449951,2638.300049,2553.800049,2581.879883,0
2017-07-19 00:00:00,2592.169922,2619.139893,2575.48999,2614.449951,0
2017-07-20 00:00:00,2584.040039,2649.860107,2573.610107,2644.689941,0
2017-07-21 00:00:00,2657.360107,2672.080078,2649.580078,2662.840088,0
2017-07-22 00:00:00,2645.820068,2656.879883,2586.27002,2604.469971,0
2017-07-23 00:00:00,2617.179932,2653.550049,2610.790039,2613.159912,0
2017-07-24 00:00:00,2638.409912,2665.449951,2635.780029,2656.870117,0
2017-07-25 00:00:00,2643.889893,2661.429932,2639.25,2642.189941,0
2017-07-26 00:00:00,2653.830078,2674.719971,2653.830078,2663.98999,0
2017-07-27 00:00:00,2676.899902,2680.26001,2645.050049,2656.300049,0
2017-07-28 00:00:00,2670.100098,2686.48999,2665.159912,2677.840088,0
2017-07-29 00:00:00,2692.73999,2713.340088,2692.050049,2706.389893,0
2017-07-30 00:00:00,2710.110107,2717.48999,2703.629883,2708.639893,0
2017-07-31 00:00:00,2701.159912,2702.840088,2681.899902,2693.129883,0
2017-08-01 00:00:00,2692.560059,2693.939941,2660.610107,2670.139893,0
2017-08-02 00:00:00,2675.399902,2682.860107,2657.98999,2670.290039,0
2017-08-03 00:00:00,2680.800049,2683.550049,2617.320068,2634.560059,0
2017-08-04 00:00:00,2634.919922,2645.300049,2612.669922,2639.399902,0
2017-08-05 00:00:00,2651.649902,2676.47998,2647.159912,2666.939941,0
2017-08-06 00:00:00,2675.469971,2677.350098,2659.01001,2669.909912,0
2017-08-07 00:00:00,2682.51001,2682.870117,2648.040039,2648.050049,0
2017-08-08 00:00:00,2642.959961,2655.27002,2625.409912,2654.800049,0
2017-08-09 00:00:00,2654.23999,2660.870117,2631.699951,2635.669922,0
2017-08-10 00:00:00,2628.080078,2637.139893,2594.620117,2629.72998,0
2017-08-11 00:00:00,2621.449951,2670.929932,2615.320068,2663.419922,0
2017-08-12 00:00:00,2680.340088,2683.350098,2664.699951,2672.629883,0
2017-08-13 00:00:00,2670.26001,2676.340088,2655.199951,2671.919922,0
2017-08-14 00:00:00,2678.120117,2701.27002,2674.139893,2697.790039,0
2017-08-15 00:00:00,2705.02002,2726.110107,2704.540039,2723.070068,0
2017-08-16 00:00:00,2722.699951,2732.860107,2717.449951,2727.719971,0
2017-08-17 00:00:00,2738.469971,2742.100098,2725.469971,2730.129883,0
2017-08-18 00:00:00,2718.590088,2718.590088,2701.909912,2711.449951,0
2017-08-19 00:00:00,2712.620117,2727.76001,2712.169922,2722.459961,0
2017-08-20 00:00:00,2719.709961,2731.959961,2711.360107,2720.129883,0
2017-08-21 00:00:00,2717.350098,2719.5,2709.179932,2712.969971,0
2017-08-22 00:00:00,2735.389893,2739.189941,2725.699951,2733.01001,0
2017-08-23 00:00:00,2738.340088,2742.23999,2721.879883,2724.439941,0
2017-08-24 00:00:00,2713.97998,2733.330078,2709.540039,2733.290039,0
2017-08-25 00:00:00,2730.939941,2731.969971,2707.379883,2727.76001,0
2017-08-26 00:00:00,2723.600098,2727.360107,2714.98999,2721.330078,0
2017-08-27 00:00:00,2705.110107,2710.669922,2676.810059,2689.860107,0
2017-08-28 00:00:00,2702.429932,2729.340088,2702.429932,2724.01001,0
2017-08-29 00:00:00,2720.97998,2722.5,2700.679932,2705.27002,0
2017-08-30 00:00:00,2718.699951,2736.929932,2718.699951,2734.620117,0
2017-08-31 00:00:00,2741.669922,2749.159912,2740.540039,2746.870117,0
2017-09-01 00:00:00,2748.459961,2752.610107,2739.51001,2748.800049,0
2017-09-02 00:00:00,2753.25,2772.389893,2748.459961,2772.350098,0
2017-09-03 00:00:00,2774.840088,2779.899902,2760.159912,2770.370117,0
2017-09-04 00:00:00,2765.840088,2779.389893,2763.590088,2779.030029,0
2017-09-05 00:00:00,2780.179932,2790.209961,2780.169922,2782,0
2017-09-06 00:00:00,2785.600098,2789.800049,2778.780029,2786.850098,0
2017-09-07 00:00:00,2787.939941,2791.469971,2774.649902,2775.629883,0
2017-09-08 00:00:00,2783.209961,2789.060059,2776.52002,2782.48999,0
2017-09-09 00:00:00,2777.780029,2782.810059,2761.72998,2779.659912,0
2017-09-10 00:00:00,2765.790039,2774.98999,2757.120117,2773.75,0
2017-09-11 00:00:00,2752.01001,2765.050049,2743.189941,2762.590088,0
2017-09-12 00:00:00,2769.72998,2774.860107,2763.909912,2767.320068,0
2017-09-13 00:00:00,2769.280029,2769.280029,2744.389893,2749.76001,0
2017-09-14 00:00:00,2760.790039,2764.169922,2752.679932,2754.879883,0
2017-09-15 00:00:00,2742.939941,2742.939941,2698.669922,2717.070068,0
2017-09-16 00:00:00,2722.120117,2732.909912,2715.600098,2723.060059,0
2017-09-17 00:00:00,2728.449951,2746.090088,2699.379883,2699.629883,0
2017-09-18 00:00:00,2698.689941,2724.340088,2691.98999,2716.310059,0
2017-09-19 00:00:00,2727.129883,2743.26001,2718.030029,2718.370117,0
2017-09-20 00:00:00,2704.949951,2727.26001,2698.949951,2726.709961,0
2017-09-21 00:00:00,2733.27002,2736.580078,2711.159912,2713.219971,0
2017-09-22 00:00:00,2724.189941,2737.830078,2716.02002,2736.610107,0
2017-09-23 00:00:00,2737.679932,2764.409912,2733.52002,2759.820068,0
2017-09-24 00:00:00,2775.620117,2784.649902,2770.72998,2784.169922,0
2017-09-25 00:00:00,2788.560059,2795.580078,2786.23999,2793.840088,0
2017-09-26 00:00:00,2779.820068,2785.909912,2770.77002,2774.02002,0
2017-09-27 00:00:00,2783.139893,2799.219971,2781.530029,2798.290039,0
2017-09-28 00:00:00,2796.929932,2804.530029,2791.689941,2801.310059,0
2017-09-29 00:00:00,2797.360107,2801.189941,2793.389893,2798.429932,0
2017-09-30 00:00:00,2789.340088,2814.189941,2789.23999,2809.550049,0
2017-10-01 00:00:00,2811.350098,2816.76001,2805.889893,2815.620117,0
2017-10-02 00:00:00,2809.370117,2812.050049,2799.77002,2804.48999,0
2017-10-03 00:00:00,2804.550049,2809.699951,2800.01001,2801.830078,0
2017-10-04 00:00:00,2799.169922,2808.610107,2795.139893,2806.97998,0
2017-10-05 00:00:00,2820.679932,2829.98999,2811.120117,2820.399902,0
2017-10-06 00:00:00,2817.72998,2848.030029,2817.72998,2846.070068,0
2017-10-07 00:00:00,2835.48999,2845.570068,2835.26001,2837.439941,0
2017-10-08 00:00:00,2842.350098,2843.169922,2808.340088,2818.820068,0
2017-10-09 00:00:00,2819,2821.73999,2798.110107,2802.600098,0
2017-10-10 00:00:00,2809.72998,2824.459961,2808.060059,2816.290039,0
2017-10-11 00:00:00,2821.169922,2825.830078,2805.850098,2813.360107,0
2017-10-12 00:00:00,2800.47998,2829.909912,2796.340088,2827.219971,0
2017-10-13 00:00:00,2829.620117,2840.379883,2827.370117,2840.350098,0
2017-10-14 00:00:00,2840.290039,2853.290039,2835.97998,2850.399902,0
2017-10-15 00:00:00,2855.919922,2863.429932,2855.919922,2858.449951,0
2017-10-16 00:00:00,2856.790039,2862.439941,2853.090088,2857.699951,0
2017-10-17 00:00:00,2857.189941,2862.47998,2851.97998,2853.580078,0
2017-10-18 00:00:00,2838.899902,2842.199951,2825.810059,2833.280029,0
2017-10-19 00:00:00,2835.459961,2843.399902,2819.879883,2821.929932,0
2017-10-20 00:00:00,2827.879883,2843.110107,2826.580078,2839.959961,0
2017-10-21 00:00:00,2827.949951,2827.949951,2802.48999,2818.370117,0
2017-10-22 00:00:00,2831.439941,2850.48999,2831.439941,2840.689941,0
2017-10-23 00:00:00,2838.320068,2855.629883,2833.72998,2850.129883,0
2017-10-24 00:00:00,2853.929932,2859.76001,2850.620117,2857.050049,0
2017-10-25 00:00:00,2861.51001,2873.22998,2861.320068,2862.959961,0
2017-10-26 00:00:00,2860.98999,2867.540039,2856.050049,2861.820068,0
2017-10-27 00:00:00,2860.290039,2868.780029,2854.030029,2856.97998,0
2017-10-28 00:00:00,2862.350098,2876.159912,2862.350098,2874.689941,0
2017-10-29 00:00:00,2884.689941,2898.25,2884.689941,2896.73999,0
2017-10-30 00:00:00,2901.449951,2903.77002,2893.5,2897.52002,0
2017-10-31 00:00:00,2900.620117,2916.5,2898.399902,2914.040039,0
2017-11-01 00:00:00,2908.939941,2912.459961,2895.219971,2901.129883,0
2017-11-02 00:00:00,2898.370117,2906.320068,2891.72998,2901.52002,0
2017-11-03 00:00:00,2896.959961,2900.179932,2885.129883,2896.719971,0
2017-11-04 00:00:00,2891.590088,2894.209961,2876.919922,2888.600098,0
2017-11-05 00:00:00,2888.639893,2892.050049,2867.290039,2878.050049,0
2017-11-06 00:00:00,2868.26001,2883.810059,2864.120117,2871.679932,0
2017-11-07 00:00:00,2881.389893,2886.929932,2875.939941,2877.129883,0
2017-11-08 00:00:00,2871.570068,2892.52002,2866.780029,2887.889893,0
2017-11-09 00:00:00,2888.290039,2894.649902,2879.199951,2888.919922,0
2017-11-10 00:00:00,2896.850098,2906.76001,2896.389893,2904.179932,0
2017-11-11 00:00:00,2906.379883,2908.300049,2895.77002,2904.97998,0
2017-11-12 00:00:00,2903.830078,2904.649902,2886.159912,2888.800049,0
2017-11-13 00:00:00,2890.73999,2911.169922,2890.429932,2904.310059,0
2017-11-14 00:00:00,2906.600098,2912.360107,2903.820068,2907.949951,0
2017-11-15 00:00:00,2919.72998,2934.800049,2919.72998,2930.75,0
2017-11-16 00:00:00,2936.76001,2940.909912,2927.110107,2929.669922,0
2017-11-17 00:00:00,2921.830078,2923.790039,2912.629883,2919.370117,0
2017-11-18 00:00:00,2921.75,2923.949951,2913.699951,2915.560059,0
2017-11-19 00:00:00,2916.97998,2931.149902,2903.280029,2905.969971,0
2017-11-20 00:00:00,2911.649902,2927.219971,2909.27002,2914,0
2017-11-21 00:00:00,2910.030029,2920.530029,2907.5,2913.97998,0
2017-11-22 00:00:00,2926.290039,2937.060059,2917.909912,2924.590088,0
2017-11-23 00:00:00,2923.800049,2931.419922,2919.370117,2923.429932,0
2017-11-24 00:00:00,2931.689941,2939.860107,2921.360107,2925.51001,0
2017-11-25 00:00:00,2919.350098,2919.780029,2883.919922,2901.610107,0
2017-11-26 00:00:00,2902.540039,2909.639893,2869.290039,2885.570068,0
2017-11-27 00:00:00,2877.530029,2889.449951,2862.080078,2884.429932,0
2017-11-28 00:00:00,2882.51001,2894.830078,2874.27002,2880.340088,0
2017-11-29 00:00:00,2873.899902,2874.02002,2784.860107,2785.679932,0
2017-11-30 00:00:00,2776.870117,2795.139893,2710.51001,2728.370117,0
2017-12-01 00:00:00,2770.540039,2775.77002,2729.439941,2767.129883,0
2017-12-02 00:00:00,2763.830078,2775.98999,2749.030029,2750.790039,0
2017-12-03 00:00:00,2767.050049,2813.459961,2766.909912,2809.919922,0
2017-12-04 00:00:00,2811.669922,2816.939941,2781.810059,2809.209961,0
2017-12-05 00:00:00,2802,2806.040039,2755.179932,2768.780029,0
2017-12-06 00:00:00,2775.659912,2797.77002,2760.27002,2767.780029,0
2017-12-07 00:00:00,2773.939941,2778.939941,2749.219971,2755.879883,0
2017-12-08 00:00:00,2721.030029,2753.590088,2691.429932,2740.689941,0
2017-12-09 00:00:00,2737.870117,2742.590088,2651.889893,2656.100098,0
2017-12-10 00:00:00,2674.879883,2722.699951,2667.840088,2705.570068,0
2017-12-11 00:00:00,2667.860107,2692.379883,2628.159912,2658.689941,0
2017-12-12 00:00:00,2682.649902,2706.850098,2603.540039,2641.25,0
2017-12-13 00:00:00,2640.679932,2685.429932,2635.340088,2682.629883,0
2017-12-14 00:00:00,2705.600098,2736.689941,2705.600098,2711.73999,0
2017-12-15 00:00:00,2717.580078,2741.669922,2708.850098,2740.370117,0
2017-12-16 00:00:00,2745.449951,2756.550049,2700.439941,2723.060059,0
2017-12-17 00:00:00,2726.370117,2744.27002,2717.939941,2738.310059,0
2017-12-18 00:00:00,2738.399902,2756.820068,2737.080078,2755.449951,0
2017-12-19 00:00:00,2774.129883,2815.149902,2774.129883,2813.889893,0
2017-12-20 00:00:00,2806.379883,2814.75,2794.98999,2806.830078,0
2017-12-21 00:00:00,2794.100098,2794.100098,2764.23999,2781.01001,0
2017-12-22 00:00:00,2773.929932,2775.98999,2722,2726.219971,0
2017-12-23 00:00:00,2730.050049,2754.600098,2714.97998,2722.179932,0
2017-12-24 00:00:00,2737.899902,2746.800049,2685.75,2701.580078,0
2017-12-25 00:00:00,2693.52002,2735.379883,2670.75,2730.199951,0
2017-12-26 00:00:00,2718.540039,2746.75,2712.159912,2736.27002,0
2017-12-27 00:00:00,2730.73999,2733.159912,2681.090088,2690.72998,0
2017-12-28 00:00:00,2654.600098,2669.439941,2631.52002,2641.889893,0
2017-12-29 00:00:00,2657.73999,2670.72998,2649.820068,2649.929932,0
2017-12-30 00:00:00,2633.360107,2647.550049,2631.090088,2632.560059,0
2017-12-31 00:00:00,2649.969971,2674.350098,2649.969971,2673.449951,0
2018-01-01 00:00:00,2663.75,2682.530029,2655.889893,2682.169922,0
2018-01-02 00:00:00,2691.449951,2744,2684.379883,2743.790039,0
2018-01-03 00:00:00,2736.969971,2753.75,2722.939941,2737.800049,0
2018-01-04 00:00:00,2737.76001,2760.879883,2732.76001,2760.169922,0
2018-01-05 00:00:00,2790.5,2800.179932,2773.379883,2790.370117,0
2018-01-06 00:00:00,2782.429932,2785.929932,2697.179932,2700.060059,0
2018-01-07 00:00:00,2663.51001,2696.149902,2621.530029,2695.949951,0
2018-01-08 00:00:00,2691.26001,2708.540039,2623.139893,2633.080078,0
2018-01-09 00:00:00,2630.860107,2647.51001,2583.22998,2637.719971,0
2018-01-10 00:00:00,2664.439941,2674.350098,2621.300049,2636.780029,0
2018-01-11 00:00:00,2658.22998,2685.439941,2650.26001,2651.070068,0
2018-01-12 00:00:00,2658.699951,2670.189941,2637.27002,2650.540039,0
2018-01-13 00:00:00,2629.679932,2635.070068,2593.840088,2599.949951,0
2018-01-14 00:00:00,2590.75,2601.129883,2530.540039,2545.939941,0
2018-01-15 00:00:00,2559.899902,2573.98999,2528.709961,2546.159912,0
2018-01-16 00:00:00,2547.050049,2585.290039,2488.959961,2506.959961,0
2018-01-17 00:00:00,2496.77002,2509.629883,2441.179932,2467.419922,0
2018-01-18 00:00:00,2465.379883,2504.409912,2408.550049,2416.620117,0
2018-01-19 00:00:00,2400.560059,2410.340088,2351.100098,2351.100098,0
2018-01-20 00:00:00,2363.120117,2467.76001,2346.580078,2467.699951,0
2018-01-21 00:00:00,2442.5,2489.100098,2397.939941,2488.830078,0
2018-01-22 00:00:00,2498.77002,2520.27002,2472.889893,2485.73999,0
2018-01-23 00:00:00,2498.939941,2509.23999,2482.820068,2506.850098,0
2018-01-24 00:00:00,2476.959961,2519.48999,2467.469971,2510.030029,0
2018-01-25 00:00:00,2491.919922,2493.139893,2443.959961,2447.889893,0
2018-01-26 00:00:00,2474.330078,2538.070068,2474.330078,2531.939941,0
2018-01-27 00:00:00,2535.610107,2566.159912,2524.560059,2549.689941,0
2018-01-28 00:00:00,2568.110107,2579.820068,2547.560059,2574.409912,0
2018-01-29 00:00:00,2580,2595.320068,2568.889893,2584.959961,0
2018-01-30 00:00:00,2573.51001,2597.820068,2562.02002,2596.639893,0
2018-01-31 00:00:00,2588.110107,2596.27002,2577.399902,2596.26001,0
2018-02-01 00:00:00,2580.310059,2589.320068,2570.409912,2582.610107,0
2018-02-02 00:00:00,2585.100098,2613.080078,2585.100098,2610.300049,0
2018-02-03 00:00:00,2614.75,2625.76001,2612.679932,2616.100098,0
2018-02-04 00:00:00,2609.280029,2645.060059,2606.360107,2635.959961,0
2018-02-05 00:00:00,2651.27002,2675.469971,2647.580078,2670.709961,0
2018-02-06 00:00:00,2657.879883,2657.879883,2617.27002,2632.899902,0
2018-02-07 00:00:00,2643.47998,2653.189941,2612.860107,2638.699951,0
2018-02-08 00:00:00,2638.840088,2647.199951,2627.01001,2642.330078,0
2018-02-09 00:00:00,2657.439941,2672.379883,2657.330078,2664.76001,0
2018-02-10 00:00:00,2644.969971,2644.969971,2624.060059,2643.850098,0
2018-02-11 00:00:00,2644.889893,2650.929932,2631.050049,2640,0
2018-02-12 00:00:00,2653.620117,2690.439941,2648.340088,2681.050049,0
2018-02-13 00:00:00,2685.48999,2708.949951,2678.649902,2704.100098,0
2018-02-14 00:00:00,2702.320068,2716.659912,2696.879883,2706.530029,0
2018-02-15 00:00:00,2706.48999,2724.98999,2698.75,2724.870117,0
2018-02-16 00:00:00,2728.340088,2738.97998,2724.030029,2737.699951,0
2018-02-17 00:00:00,2735.050049,2738.080078,2724.149902,2731.610107,0
2018-02-18 00:00:00,2717.530029,2719.320068,2687.26001,2706.050049,0
2018-02-19 00:00:00,2692.360107,2708.070068,2681.830078,2707.879883,0
2018-02-20 00:00:00,2712.399902,2718.050049,2703.790039,2709.800049,0
2018-02-21 00:00:00,2722.610107,2748.189941,2722.610107,2744.72998,0
2018-02-22 00:00:00,2750.300049,2761.850098,2748.629883,2753.030029,0
2018-02-23 00:00:00,2743.5,2757.899902,2731.22998,2745.72998,0
2018-02-24 00:00:00,2760.23999,2775.659912,2760.23999,2775.600098,0
2018-02-25 00:00:00,2769.280029,2787.330078,2767.290039,2779.76001,0
2018-02-26 00:00:00,2779.050049,2789.879883,2774.060059,2784.699951,0
2018-02-27 00:00:00,2780.23999,2781.580078,2764.550049,2774.879883,0
2018-02-28 00:00:00,2780.669922,2794.199951,2779.110107,2792.669922,0
2018-03-01 00:00:00,2804.350098,2813.48999,2794.98999,2796.110107,0
2018-03-02 00:00:00,2792.360107,2803.120117,2789.469971,2793.899902,0
2018-03-03 00:00:00,2787.5,2795.76001,2775.129883,2792.379883,0
2018-03-04 00:00:00,2788.110107,2793.72998,2782.51001,2784.48999,0
2018-03-05 00:00:00,2798.219971,2808.02002,2787.379883,2803.689941,0
2018-03-06 00:00:00,2814.370117,2816.879883,2767.659912,2792.810059,0
2018-03-07 00:00:00,2794.409912,2796.439941,2782.969971,2789.649902,0
2018-03-08 00:00:00,2790.27002,2790.27002,2768.689941,2771.449951,0
2018-03-09 00:00:00,2766.530029,2767.25,2739.090088,2748.929932,0
2018-03-10 00:00:00,2730.790039,2744.129883,2722.27002,2743.070068,0
2018-03-11 00:00:00,2747.610107,2784,2747.610107,2783.300049,0
2018-03-12 00:00:00,2787.340088,2798.320068,2786.72998,2791.52002,0
2018-03-13 00:00:00,2799.780029,2821.23999,2799.780029,2810.919922,0
2018-03-14 00:00:00,2810.379883,2815,2803.459961,2808.47998,0
2018-03-15 00:00:00,2810.790039,2830.72998,2810.790039,2822.47998,0
2018-03-16 00:00:00,2822.610107,2835.409912,2821.98999,2832.939941,0
2018-03-17 00:00:00,2840.76001,2852.419922,2823.27002,2832.570068,0
2018-03-18 00:00:00,2831.340088,2843.540039,2812.429932,2824.22998,0
2018-03-19 00:00:00,2819.719971,2860.310059,2817.379883,2854.879883,0
2018-03-20 00:00:00,2844.52002,2846.159912,2800.469971,2800.709961,0
2018-03-21 00:00:00,2796.01001,2809.790039,2785.02002,2798.360107,0
2018-03-22 00:00:00,2812.659912,2829.870117,2803.98999,2818.459961,0
2018-03-23 00:00:00,2819.719971,2825.560059,2787.719971,2805.370117,0
2018-03-24 00:00:00,2809.399902,2819.709961,2798.77002,2815.439941,0
2018-03-25 00:00:00,2828.27002,2836.030029,2819.22998,2834.399902,0
2018-03-26 00:00:00,2848.629883,2869.399902,2848.629883,2867.189941,0
2018-03-27 00:00:00,2868.23999,2872.899902,2858.75,2867.23999,0
2018-03-28 00:00:00,2876.090088,2885.25,2865.169922,2873.399902,0
2018-03-29 00:00:00,2873.98999,2881.280029,2867.139893,2879.389893,0
2018-03-30 00:00:00,2884.159912,2893.23999,2882.98999,2892.73999,0
2018-03-31 00:00:00,2888.459961,2895.949951,2880.780029,2895.77002,0
2018-04-01 00:00:00,2886.580078,2886.879883,2873.330078,2878.199951,0
2018-04-02 00:00:00,2881.370117,2889.709961,2879.129883,2888.209961,0
2018-04-03 00:00:00,2891.919922,2893.419922,2881.98999,2888.320068,0
2018-04-04 00:00:00,2900.860107,2910.540039,2898.370117,2907.409912,0
2018-04-05 00:00:00,2908.320068,2909.600098,2896.47998,2905.580078,0
2018-04-06 00:00:00,2912.26001,2916.060059,2900.709961,2907.060059,0
2018-04-07 00:00:00,2916.040039,2918,2895.449951,2900.449951,0
2018-04-08 00:00:00,2904.810059,2908.399902,2891.899902,2905.030029,0
2018-04-09 00:00:00,2898.780029,2909.51001,2896.350098,2907.969971,0
2018-04-10 00:00:00,2909.98999,2936.310059,2908.530029,2933.679932,0
2018-04-11 00:00:00,2934,2936.830078,2926.050049,2927.25,0
2018-04-12 00:00:00,2928.98999,2933.100098,2912.840088,2926.169922,0
2018-04-13 00:00:00,2925.810059,2939.879883,2917.560059,2939.879883,0
2018-04-14 00:00:00,2940.580078,2949.52002,2939.350098,2943.030029,0
2018-04-15 00:00:00,2937.139893,2948.219971,2924.110107,2945.830078,0
2018-04-16 00:00:00,2952.330078,2954.129883,2923.360107,2923.72998,0
2018-04-17 00:00:00,2922.159912,2931.679932,2900.5,2917.52002,0
2018-04-18 00:00:00,2929.209961,2947.850098,2929.209961,2945.639893,0
2018-04-19 00:00:00,2908.889893,2937.320068,2898.209961,2932.469971,0
2018-04-20 00:00:00,2913.030029,2913.030029,2862.600098,2884.050049,0
2018-04-21 00:00:00,2879.610107,2897.959961,2873.280029,2879.419922,0
2018-04-22 00:00:00,2859.840088,2875.969971,2836.399902,2870.719971,0
2018-04-23 00:00:00,2863.100098,2891.310059,2825.389893,2881.399902,0
2018-04-24 00:00:00,2840.189941,2840.189941,2801.429932,2811.870117,0
2018-04-25 00:00:00,2820.120117,2852.540039,2820.120117,2834.409912,0
2018-04-26 00:00:00,2820.379883,2858.679932,2815.080078,2850.959961,0
2018-04-27 00:00:00,2855.800049,2892.149902,2855.800049,2876.320068,0
2018-04-28 00:00:00,2858.600098,2885.47998,2854.22998,2859.530029,0
2018-04-29 00:00:00,2841.939941,2853.860107,2831.290039,2840.22998,0
2018-04-30 00:00:00,2854.02002,2868.879883,2854.02002,2864.360107,0
2018-05-01 00:00:00,2856.060059,2865.469971,2851.110107,2856.27002,0
2018-05-02 00:00:00,2836.699951,2836.699951,2805.48999,2822.23999,0
2018-05-03 00:00:00,2832.409912,2841.360107,2820.189941,2826.060059,0
2018-05-04 00:00:00,2830.030029,2840.51001,2801.580078,2802.389893,0
2018-05-05 00:00:00,2790.25,2792.030029,2766.060059,2783.02002,0
2018-05-06 00:00:00,2786.939941,2799,2776.73999,2788.860107,0
2018-05-07 00:00:00,2766.149902,2768.97998,2750.52002,2752.060059,0
2018-05-08 00:00:00,2751.530029,2763.070068,2728.810059,2744.449951,0
2018-05-09 00:00:00,2762.639893,2804.48999,2762.639893,2803.27002,0
2018-05-10 00:00:00,2818.090088,2827.280029,2800.919922,2826.149902,0
2018-05-11 00:00:00,2828.51001,2852.100098,2822.449951,2843.48999,0
2018-05-12 00:00:00,2852.870117,2884.969971,2852.870117,2873.340088,0
2018-05-13 00:00:00,2885.830078,2904.77002,2885.51001,2886.72998,0
2018-05-14 00:00:00,2903.27002,2910.610107,2878.530029,2885.719971,0
2018-05-15 00:00:00,2882.72998,2888.570068,2874.679932,2879.840088,0
2018-05-16 00:00:00,2886.23999,2895.23999,2881.98999,2891.639893,0
2018-05-17 00:00:00,2886.820068,2894.449951,2879.620117,2886.97998,0
2018-05-18 00:00:00,2889.75,2897.27002,2887.300049,2889.669922,0
2018-05-19 00:00:00,2906.709961,2930.790039,2905.439941,2917.75,0
2018-05-20 00:00:00,2920.550049,2931.73999,2911.429932,2926.459961,0
2018-05-21 00:00:00,2949.600098,2958.060059,2931.5,2954.179932,0
2018-05-22 00:00:00,2952.709961,2964.149902,2946.870117,2950.459961,0
2018-05-23 00:00:00,2951.419922,2954.919922,2944.050049,2945.350098,0
2018-05-24 00:00:00,2945.780029,2946.52002,2916.01001,2917.379883,0
2018-05-25 00:00:00,2926.070068,2932.590088,2912.98999,2913.780029,0
2018-05-26 00:00:00,2919.659912,2929.300049,2918.570068,2924.919922,0
2018-05-27 00:00:00,2932.939941,2943.97998,2929.050049,2941.76001,0
2018-05-28 00:00:00,2971.409912,2977.929932,2952.219971,2964.330078,0
2018-05-29 00:00:00,2964.659912,2973.209961,2955.919922,2973.01001,0
2018-05-30 00:00:00,2978.080078,2995.840088,2977.959961,2995.820068,0
2018-05-31 00:00:00,2984.25,2994.030029,2967.969971,2990.409912,0
2018-06-01 00:00:00,2979.77002,2980.76001,2970.090088,2975.949951,0
2018-06-02 00:00:00,2965.52002,2981.899902,2963.439941,2979.629883,0
2018-06-03 00:00:00,2989.300049,3002.97998,2984.620117,2993.070068,0
2018-06-04 00:00:00,2999.620117,3002.330078,2988.800049,2999.909912,0
2018-06-05 00:00:00,3003.360107,3013.919922,3001.870117,3013.77002,0
2018-06-06 00:00:00,3017.800049,3017.800049,3008.77002,3014.300049,0
2018-06-07 00:00:00,3012.129883,3015.02002,3001.149902,3004.040039,0
2018-06-08 00:00:00,3005.100098,3005.26001,2984.25,2984.419922,0
2018-06-09 00:00:00,2978.870117,2998.280029,2973.090088,2995.110107,0
2018-06-10 00:00:00,3004.26001,3006.02002,2975.860107,2976.610107,0
2018-06-11 00:00:00,2981.929932,2990.709961,2976.649902,2985.030029,0
2018-06-12 00:00:00,2994.73999,3005.899902,2988.560059,3005.469971,0
2018-06-13 00:00:00,2998.77002,3019.590088,2996.820068,3019.560059,0
2018-06-14 00:00:00,3016.26001,3016.310059,2997.23999,3003.669922,0
2018-06-15 00:00:00,3013.25,3027.97998,3012.590088,3025.860107,0
2018-06-16 00:00:00,3024.469971,3025.610107,3014.300049,3020.969971,0
2018-06-17 00:00:00,3007.659912,3017.189941,3000.939941,3013.179932,0
2018-06-18 00:00:00,3016.219971,3017.399902,2958.080078,2980.379883,0
2018-06-19 00:00:00,2980.320068,3013.590088,2945.22998,2953.560059,0
2018-06-20 00:00:00,2943.899902,2945.5,2914.110107,2932.050049,0
2018-06-21 00:00:00,2898.070068,2898.070068,2822.120117,2844.73999,0
2018-06-22 00:00:00,2861.179932,2884.399902,2847.419922,2881.77002,0
2018-06-23 00:00:00,2858.649902,2892.169922,2825.709961,2883.97998,0
2018-06-24 00:00:00,2896.209961,2938.719971,2894.469971,2938.090088,0
2018-06-25 00:00:00,2930.51001,2935.75,2900.149902,2918.649902,0
2018-06-26 00:00:00,2907.070068,2907.580078,2873.139893,2882.699951,0
2018-06-27 00:00:00,2880.719971,2943.310059,2877.050049,2926.320068,0
2018-06-28 00:00:00,2894.149902,2894.149902,2839.639893,2840.600098,0
2018-06-29 00:00:00,2846.199951,2856.669922,2825.51001,2847.600098,0
2018-06-30 00:00:00,2864.73999,2893.629883,2864.73999,2888.679932,0
2018-07-01 00:00:00,2913.47998,2931,2913.47998,2923.649902,0
2018-07-02 00:00:00,2919.01001,2923.629883,2899.600098,2900.51001,0
2018-07-03 00:00:00,2922.040039,2928.72998,2917.909912,2924.429932,0
2018-07-04 00:00:00,2930.939941,2939.080078,2904.51001,2922.949951,0
2018-07-05 00:00:00,2911.070068,2927.01001,2834.969971,2847.110107,0
2018-07-06 00:00:00,2866.699951,2879.27002,2856,2878.379883,0
2018-07-07 00:00:00,2893.139893,2898.790039,2860.590088,2869.159912,0
2018-07-08 00:00:00,2861.280029,2890.030029,2853.050049,2887.939941,0
2018-07-09 00:00:00,2910.370117,2930.5,2905.669922,2924.580078,0
2018-07-10 00:00:00,2937.090088,2940.429932,2913.320068,2926.459961,0
2018-07-11 00:00:00,2909.01001,2914.389893,2891.850098,2906.27002,0
2018-07-12 00:00:00,2924.669922,2938.840088,2921.860107,2937.780029,0
2018-07-13 00:00:00,2960.600098,2985.860107,2960.600098,2976,0
2018-07-14 00:00:00,2980.330078,2985.030029,2972.51001,2978.709961,0
2018-07-15 00:00:00,2988.429932,2989.429932,2969.389893,2978.429932,0
2018-07-16 00:00:00,2971.01001,2979.389893,2957.01001,2979.389893,0
2018-07-17 00:00:00,2981.409912,3000.929932,2975.310059,3000.929932,0
2018-07-18 00:00:00,3009.080078,3020.73999,3000.919922,3009.570068,0
2018-07-19 00:00:00,3012.209961,3017.330078,3002.899902,3007.389893,0
2018-07-20 00:00:00,2996.409912,3002.189941,2990.669922,2997.959961,0
2018-07-21 00:00:00,2995.669922,3006.209961,2993.72998,3005.699951,0
2018-07-22 00:00:00,3001.5,3007.830078,2978.570068,3006.72998,0
2018-07-23 00:00:00,3010.360107,3021.98999,3003.159912,3006.790039,0
2018-07-24 00:00:00,3008.419922,3016.370117,2984.679932,2992.070068,0
2018-07-25 00:00:00,2983.5,2999.149902,2982.22998,2991.780029,0
2018-07-26 00:00:00,3002.429932,3007.97998,2957.72998,2966.600098,0
2018-07-27 00:00:00,2968.350098,2989.820068,2952.860107,2984.870117,0
2018-07-28 00:00:00,2985.72998,2987.280029,2963.709961,2977.620117,0
2018-07-29 00:00:00,2985.469971,2987.310059,2945.530029,2961.790039,0
2018-07-30 00:00:00,2967.070068,2983.850098,2967.070068,2976.73999,0
2018-07-31 00:00:00,2983.689941,2992.530029,2938.699951,2940.25,0
2018-08-01 00:00:00,2924.780029,2924.780029,2874.929932,2887.610107,0
2018-08-02 00:00:00,2885.379883,2911.129883,2855.939941,2910.629883,0
2018-08-03 00:00:00,2918.560059,2953.73999,2918.560059,2952.01001,0
2018-08-04 00:00:00,2944.22998,2959.75,2935.679932,2938.790039,0
2018-08-05 00:00:00,2920.399902,2925.469971,2892.659912,2893.060059,0
2018-08-06 00:00:00,2911.100098,2929.320068,2907.409912,2919.399902,0
2018-08-07 00:00:00,2918.550049,2948.459961,2917.120117,2938.129883,0
2018-08-08 00:00:00,2963.070068,2993.280029,2963.070068,2970.27002,0
2018-08-09 00:00:00,2965.810059,2972.840088,2962.939941,2966.149902,0
2018-08-10 00:00:00,2973.610107,3003.280029,2973.610107,2995.679932,0
2018-08-11 00:00:00,2989.679932,2997.540039,2985.199951,2989.689941,0
2018-08-12 00:00:00,3000.77002,3008.290039,2991.790039,2997.949951,0
2018-08-13 00:00:00,2996.840088,3000,2976.310059,2986.199951,0
2018-08-14 00:00:00,2996.47998,3007.330078,2995.350098,3006.719971,0
2018-08-15 00:00:00,3010.72998,3014.570068,2995.040039,2995.98999,0
2018-08-16 00:00:00,2994.01001,3004.780029,2991.209961,3004.52002,0
2018-08-17 00:00:00,3014.780029,3016.070068,3000.419922,3010.290039,0
2018-08-18 00:00:00,3003.320068,3027.389893,3001.939941,3022.550049,0
2018-08-19 00:00:00,3032.120117,3044.080078,3032.120117,3039.419922,0
2018-08-20 00:00:00,3035.389893,3047.870117,3034.810059,3036.889893,0
2018-08-21 00:00:00,3039.73999,3050.100098,3025.959961,3046.77002,0
2018-08-22 00:00:00,3046.899902,3046.899902,3023.189941,3037.560059,0
2018-08-23 00:00:00,3050.719971,3066.949951,3050.719971,3066.909912,0
2018-08-24 00:00:00,3078.959961,3085.199951,3074.870117,3078.27002,0
2018-08-25 00:00:00,3080.800049,3083.949951,3072.149902,3074.620117,0
2018-08-26 00:00:00,3075.100098,3078.340088,3065.889893,3076.780029,0
2018-08-27 00:00:00,3087.02002,3097.77002,3080.22998,3085.179932,0
2018-08-28 00:00:00,3081.25,3093.090088,3073.580078,3093.080078,0
2018-08-29 00:00:00,3080.330078,3088.330078,3075.820068,3087.01001,0
2018-08-30 00:00:00,3089.280029,3102.610107,3084.72998,3091.840088,0
2018-08-31 00:00:00,3084.179932,3098.060059,3078.800049,3094.040039,0
2018-09-01 00:00:00,3090.75,3098.199951,3083.26001,3096.629883,0
2018-09-02 00:00:00,3107.919922,3120.459961,3104.600098,3120.459961,0
2018-09-03 00:00:00,3117.909912,3124.169922,3112.060059,3122.030029,0
2018-09-04 00:00:00,3127.449951,3127.639893,3113.469971,3120.179932,0
2018-09-05 00:00:00,3114.659912,3118.969971,3091.409912,3108.459961,0
2018-09-06 00:00:00,3108.48999,3110.110107,3094.550049,3103.540039,0
2018-09-07 00:00:00,3111.409912,3112.870117,3099.26001,3110.290039,0
2018-09-08 00:00:00,3117.439941,3133.830078,3117.439941,3133.639893,0
2018-09-09 00:00:00,3134.850098,3142.689941,3131,3140.52002,0
2018-09-10 00:00:00,3145.48999,3154.26001,3143.409912,3153.629883,0
2018-09-11 00:00:00,3147.179932,3150.300049,3139.340088,3140.97998,0
2018-09-12 00:00:00,3143.850098,3144.310059,3110.780029,3113.870117,0
2018-09-13 00:00:00,3087.409912,3094.969971,3070.330078,3093.199951,0
2018-09-14 00:00:00,3103.5,3119.379883,3102.530029,3112.76001,0
2018-09-15 00:00:00,3119.209961,3119.449951,3103.76001,3117.429932,0
2018-09-16 00:00:00,3134.620117,3150.600098,3134.620117,3145.909912,0
2018-09-17 00:00:00,3141.860107,3148.870117,3135.459961,3135.959961,0
2018-09-18 00:00:00,3135.360107,3142.120117,3126.090088,3132.52002,0
2018-09-19 00:00:00,3135.75,3143.97998,3133.209961,3141.629883,0
2018-09-20 00:00:00,3141.22998,3176.280029,3138.469971,3168.570068,0
2018-09-21 00:00:00,3166.649902,3182.679932,3156.51001,3168.800049,0
2018-09-22 00:00:00,3183.629883,3197.709961,3183.629883,3191.449951,0
2018-09-23 00:00:00,3195.399902,3198.219971,3191.030029,3192.52002,0
2018-09-24 00:00:00,3195.209961,3198.47998,3191.139893,3191.139893,0
2018-09-25 00:00:00,3192.320068,3205.47998,3192.320068,3205.370117,0
2018-09-26 00:00:00,3223.330078,3225.649902,3216.030029,3221.219971,0
2018-09-27 00:00:00,3226.050049,3227.780029,3222.300049,3224.01001,0
2018-09-28 00:00:00,3225.449951,3226.429932,3220.51001,3223.379883,0
2018-09-29 00:00:00,3227.199951,3240.080078,3227.199951,3239.909912,0
2018-09-30 00:00:00,3247.22998,3247.929932,3234.370117,3240.02002,0
2018-10-01 00:00:00,3240.090088,3240.919922,3216.570068,3221.290039,0
2018-10-02 00:00:00,3215.179932,3231.719971,3212.030029,3230.780029,0
2018-10-03 00:00:00,3244.669922,3258.139893,3235.530029,3257.850098,0
2018-10-04 00:00:00,3226.360107,3246.149902,3222.340088,3234.850098,0
2018-10-05 00:00:00,3217.550049,3246.840088,3214.639893,3246.280029,0
2018-10-06 00:00:00,3241.860107,3244.909912,3232.429932,3237.179932,0
2018-10-07 00:00:00,3238.590088,3267.070068,3236.669922,3253.050049,0
2018-10-08 00:00:00,3266.030029,3275.580078,3263.669922,3274.699951,0
2018-10-09 00:00:00,3281.810059,3282.98999,3260.860107,3265.350098,0
2018-10-10 00:00:00,3271.129883,3288.129883,3268.429932,3288.129883,0
2018-10-11 00:00:00,3285.350098,3294.25,3277.189941,3283.149902,0
2018-10-12 00:00:00,3282.27002,3298.659912,3280.689941,3289.290039,0
2018-10-13 00:00:00,3302.969971,3317.110107,3302.820068,3316.810059,0
2018-10-14 00:00:00,3323.659912,3329.879883,3318.860107,3329.620117,0
2018-10-15 00:00:00,3321.030029,3329.790039,3316.610107,3320.790039,0
2018-10-16 00:00:00,3330.02002,3337.77002,3320.040039,3321.75,0
2018-10-17 00:00:00,3315.77002,3326.879883,3301.870117,3325.540039,0
2018-10-18 00:00:00,3333.100098,3333.179932,3281.530029,3295.469971,0
2018-10-19 00:00:00,3247.159912,3258.850098,3234.5,3243.629883,0
2018-10-20 00:00:00,3255.350098,3285.780029,3253.219971,3276.23999,0
2018-10-21 00:00:00,3289.459961,3293.469971,3271.889893,3273.399902,0
2018-10-22 00:00:00,3256.449951,3285.909912,3242.800049,3283.659912,0
2018-10-23 00:00:00,3282.330078,3282.330078,3214.679932,3225.52002,0
2018-10-24 00:00:00,3235.659912,3268.439941,3235.659912,3248.919922,0
2018-10-25 00:00:00,3280.610107,3306.919922,3280.610107,3297.590088,0
2018-10-26 00:00:00,3324.909912,3337.580078,3313.75,3334.689941,0
2018-10-27 00:00:00,3344.919922,3347.959961,3334.389893,3345.780029,0
2018-10-28 00:00:00,3335.540039,3341.419922,3322.120117,3327.709961,0
2018-10-29 00:00:00,3318.280029,3352.26001,3317.77002,3352.090088,0
2018-10-30 00:00:00,3365.870117,3375.629883,3352.719971,3357.75,0
2018-10-31 00:00:00,3370.5,3381.469971,3369.719971,3379.449951,0
2018-11-01 00:00:00,3365.899902,3385.090088,3360.52002,3373.939941,0
2018-11-02 00:00:00,3378.080078,3380.689941,3366.149902,3380.159912,0
2018-11-03 00:00:00,3369.040039,3375.01001,3355.610107,3370.290039,0
2018-11-04 00:00:00,3380.389893,3393.52002,3378.830078,3386.149902,0
2018-11-05 00:00:00,3380.449951,3389.149902,3341.02002,3373.22998,0
2018-11-06 00:00:00,3360.5,3360.76001,3328.449951,3337.75,0
2018-11-07 00:00:00,3257.610107,3259.810059,3214.649902,3225.889893,0
2018-11-08 00:00:00,3238.939941,3246.98999,3118.77002,3128.209961,0
2018-11-09 00:00:00,3139.899902,3182.51001,3108.98999,3116.389893,0
2018-11-10 00:00:00,3062.540039,3097.070068,2977.389893,2978.76001,0
2018-11-11 00:00:00,2916.899902,2959.719971,2855.840088,2954.219971,0
2018-11-12 00:00:00,2974.280029,3090.959961,2945.189941,3090.22998,0
2018-11-13 00:00:00,3096.459961,3136.719971,2976.629883,3003.370117,0
2018-11-14 00:00:00,3045.75,3130.969971,3034.379883,3130.120117,0
2018-11-15 00:00:00,3075.699951,3083.040039,2999.830078,3023.939941,0
2018-11-16 00:00:00,2954.199951,2985.929932,2901.540039,2972.370117,0
2018-11-17 00:00:00,2863.889893,2863.889893,2734.429932,2746.560059,0
2018-11-18 00:00:00,2813.47998,2882.590088,2734,2882.22998,0
2018-11-19 00:00:00,2825.600098,2825.600098,2707.219971,2741.379883,0
2018-11-20 00:00:00,2630.860107,2660.949951,2478.860107,2480.639893,0
2018-11-21 00:00:00,2569.98999,2711.330078,2492.370117,2711.02002,0
2018-11-22 00:00:00,2508.590088,2562.97998,2380.939941,2386.129883,0
2018-11-23 00:00:00,2425.659912,2553.929932,2367.040039,2529.189941,0
2018-11-24 00:00:00,2436.5,2453.570068,2280.52002,2398.100098,0
2018-11-25 00:00:00,2393.47998,2466.969971,2319.780029,2409.389893,0
2018-11-26 00:00:00,2431.939941,2453.01001,2295.560059,2304.919922,0
2018-11-27 00:00:00,2290.709961,2300.72998,2191.860107,2237.399902,0
2018-11-28 00:00:00,2344.439941,2449.709961,2344.439941,2447.330078,0
2018-11-29 00:00:00,2457.77002,2571.419922,2407.530029,2475.560059,0
2018-11-30 00:00:00,2501.290039,2637.01001,2500.719971,2630.070068,0
2018-12-01 00:00:00,2555.870117,2615.909912,2520.02002,2541.469971,0
2018-12-02 00:00:00,2558.97998,2631.800049,2545.280029,2626.649902,0
2018-12-03 00:00:00,2614.689941,2641.389893,2571.149902,2584.590088,0
2018-12-04 00:00:00,2498.080078,2522.75,2447.48999,2470.5,0
2018-12-05 00:00:00,2458.540039,2533.219971,2455.790039,2526.899902,0
2018-12-06 00:00:00,2514.919922,2538.179932,2459.959961,2488.649902,0
2018-12-07 00:00:00,2578.280029,2676.850098,2574.570068,2663.679932,0
2018-12-08 00:00:00,2738.649902,2756.889893,2657.669922,2659.409912,0
2018-12-09 00:00:00,2685,2760.75,2663.300049,2749.97998,0
2018-12-10 00:00:00,2776.98999,2818.570068,2762.360107,2789.820068,0
2018-12-11 00:00:00,2782.459961,2782.459961,2721.169922,2761.629883,0
2018-12-12 00:00:00,2805.100098,2851.850098,2805.100098,2846.060059,0
2018-12-13 00:00:00,2795.639893,2801.879883,2761.540039,2783.360107,0
2018-12-14 00:00:00,2799.340088,2806.51001,2764.320068,2799.550049,0
2018-12-15 00:00:00,2842.429932,2879.219971,2830.879883,2874.560059,0
2018-12-16 00:00:00,2845.620117,2868.97998,2820.429932,2823.159912,0
2018-12-17 00:00:00,2784.810059,2785.540039,2727.100098,2736.560059,0
2018-12-18 00:00:00,2787.889893,2815.100098,2775.949951,2799.310059,0
2018-12-19 00:00:00,2810.419922,2844.899902,2794.26001,2797.800049,0
2018-12-20 00:00:00,2812.639893,2842.709961,2791.76001,2836.73999,0
2018-12-21 00:00:00,2854.649902,2887.719971,2852.889893,2878.47998,0
2018-12-22 00:00:00,2909.959961,2921.149902,2860.709961,2863.389893,0
2018-12-23 00:00:00,2918.459961,2954.860107,2912.159912,2939.51001,0
2018-12-24 00:00:00,2930.909912,2930.909912,2892.469971,2912.429932,0
2018-12-25 00:00:00,2869.090088,2869.090088,2821.610107,2830.709961,0
2018-12-26 00:00:00,2815.01001,2844.23999,2797.850098,2842.73999,0
2018-12-27 00:00:00,2868.879883,2898.22998,2863.550049,2868.439941,0
2018-12-28 00:00:00,2883.139893,2891.110107,2847.649902,2848.419922,0
2018-12-29 00:00:00,2878.26001,2901.919922,2876.47998,2881.189941,0
2018-12-30 00:00:00,2908.830078,2932.159912,2902.879883,2929.800049,0
2018-12-31 00:00:00,2915.459961,2944.25,2903.439941,2930.189941,0
2019-01-01 00:00:00,2939.5,2945.820068,2869.590088,2870.120117,0
2019-01-02 00:00:00,2865.860107,2874.139893,2793.149902,2820,0
2019-01-03 00:00:00,2794.540039,2852.800049,2766.639893,2852.5,0
2019-01-04 00:00:00,2829.949951,2865.01001,2816.780029,2863.699951,0
2019-01-05 00:00:00,2913.860107,2968.090088,2913.860107,2953.909912,0
2019-01-06 00:00:00,2948.590088,2964.209961,2922.350098,2922.939941,0
2019-01-07 00:00:00,2953.629883,2980.290039,2953.629883,2971.610107,0
2019-01-08 00:00:00,2969.949951,2978.5,2938.570068,2948.51001,0
2019-01-09 00:00:00,2948.050049,2956.76001,2933.590088,2955.449951,0
2019-01-10 00:00:00,3004.080078,3021.719971,2988.169922,2991.77002,0
2019-01-11 00:00:00,3015.649902,3036.25,2969.75,3036.129883,0
2019-01-12 00:00:00,3046.610107,3068.669922,3023.399902,3029.72998,0
2019-01-13 00:00:00,3025.169922,3049.169922,2998.610107,3044.310059,0
2019-01-14 00:00:00,3038.780029,3062.179932,3031.540039,3055.72998,0
2019-01-15 00:00:00,3064.780029,3081.070068,3051.639893,3080.820068,0
2019-01-16 00:00:00,3098.899902,3130.939941,3098.899902,3122.870117,0
2019-01-17 00:00:00,3111.560059,3128.909912,3090.409912,3112.350098,0
2019-01-18 00:00:00,3163.840088,3211.719971,3163.840088,3193.929932,0
2019-01-19 00:00:00,3199.919922,3233.129883,3196,3232.389893,0
2019-01-20 00:00:00,3213.320068,3222.709961,3193.110107,3207.179932,0
2019-01-21 00:00:00,3213.419922,3223.27002,3181.48999,3190.139893,0
2019-01-22 00:00:00,3123.530029,3123.530029,2999.48999,3002.100098,0
2019-01-23 00:00:00,3071.040039,3088.419922,2984.469971,3041.310059,0
2019-01-24 00:00:00,2993.76001,3079.76001,2965.659912,3066.590088,0
2019-01-25 00:00:00,3131,3153.449951,3076.060059,3124.73999,0
2019-01-26 00:00:00,3136.129883,3141.159912,3108.030029,3113.48999,0
2019-01-27 00:00:00,3101.639893,3120,3093.51001,3115.340088,0
2019-01-28 00:00:00,3140.290039,3155.530029,3083.110107,3097.73999,0
2019-01-29 00:00:00,3094.419922,3120.919922,3079.389893,3117.860107,0
2019-01-30 00:00:00,3138.699951,3154.899902,3127.120117,3131.290039,0
2019-01-31 00:00:00,3114.399902,3115.01001,3032.129883,3050.330078,0
2019-02-01 00:00:00,3046.600098,3086.25,3024.01001,3083.76001,0
2019-02-02 00:00:00,3073.199951,3073.72998,3004.629883,3009.050049,0
2019-02-03 00:00:00,3018.590088,3053.889893,2999.73999,3053.23999,0
2019-02-04 00:00:00,3050.199951,3111.51001,3047.830078,3100.290039,0
2019-02-05 00:00:00,3105.919922,3128.439941,3101.169922,3115.860107,0
2019-02-06 00:00:00,3143.639893,3165.810059,3124.52002,3130.01001,0
2019-02-07 00:00:00,3155.290039,3182.590088,3155.290039,3179.719971,0
2019-02-08 00:00:00,3166.439941,3184.149902,3142.929932,3145.320068,0
2019-02-09 00:00:00,3153.070068,3171.800049,3136.530029,3169.939941,0
2019-02-10 00:00:00,3176.169922,3179.780029,3115.699951,3152.050049,0
2019-02-11 00:00:00,3152.469971,3186.820068,3136.219971,3185.040039,0
2019-02-12 00:00:00,3205.080078,3235.320068,3149.429932,3155.219971,0
2019-02-13 00:00:00,3141.110107,3200.949951,3127.659912,3197.52002,0
2019-02-14 00:00:00,3225.97998,3238.280029,3200.76001,3226.560059,0
2019-02-15 00:00:00,3208.360107,3220.389893,3198.590088,3215.570068,0
2019-02-16 00:00:00,3224.209961,3233.52002,3205.649902,3224.72998,0
2019-02-17 00:00:00,3224.290039,3258.610107,3215.159912,3251.840088,0
2019-02-18 00:00:00,3268.52002,3277.290039,3247.77002,3257.300049,0
2019-02-19 00:00:00,3254.860107,3279.320068,3253.100098,3276.02002,0
2019-02-20 00:00:00,3271.639893,3279.98999,3222.659912,3235.659912,0
2019-02-21 00:00:00,3218.580078,3227.26001,3200.050049,3215.629883,0
2019-02-22 00:00:00,3219.840088,3241.429932,3214.25,3239.409912,0
2019-02-23 00:00:00,3234.27002,3243.719971,3216.169922,3218.439941,0
2019-02-24 00:00:00,3227.219971,3264.73999,3227.219971,3258.439941,0
2019-02-25 00:00:00,3231.76001,3250.919922,3204.129883,3246.219971,0
2019-02-26 00:00:00,3270.449951,3272.169922,3220.26001,3271.120117,0
2019-02-27 00:00:00,3288.26001,3302.72998,3284.530029,3294.610107,0
2019-02-28 00:00:00,3289.919922,3306.840088,3286.370117,3306.51001,0
2019-03-01 00:00:00,3317.370117,3330.77002,3317.370117,3327.77002,0
2019-03-02 00:00:00,3323.169922,3351.030029,3318.139893,3349.159912,0
2019-03-03 00:00:00,3340.050049,3352.540039,3328.719971,3351.280029,0
2019-03-04 00:00:00,3356.040039,3363.290039,3335.439941,3360.469971,0
2019-03-05 00:00:00,3370.340088,3381.01001,3326.439941,3333.689941,0
2019-03-06 00:00:00,3355.459961,3387.889893,3355.459961,3380.350098,0
2019-03-07 00:00:00,3372.949951,3387.23999,3363.350098,3373.429932,0
2019-03-08 00:00:00,3368.659912,3378.51001,3361.639893,3372.850098,0
2019-03-09 00:00:00,3380.860107,3387.590088,3379.219971,3381.98999,0
2019-03-10 00:00:00,3387.040039,3395.060059,3370.149902,3389.780029,0
2019-03-11 00:00:00,3392.51001,3399.540039,3369.659912,3374.850098,0
2019-03-12 00:00:00,3360.47998,3390.800049,3354.689941,3385.51001,0
2019-03-13 00:00:00,3386.01001,3399.959961,3379.310059,3397.159912,0
2019-03-14 00:00:00,3418.090088,3432.090088,3413.129883,3431.280029,0
2019-03-15 00:00:00,3435.949951,3444.209961,3425.840088,3443.620117,0
2019-03-16 00:00:00,3449.969971,3481.070068,3444.149902,3478.72998,0
2019-03-17 00:00:00,3485.139893,3501.379883,3468.350098,3484.550049,0
2019-03-18 00:00:00,3494.689941,3509.22998,3484.320068,3508.01001,0
2019-03-19 00:00:00,3509.72998,3514.77002,3493.25,3500.310059,0
2019-03-20 00:00:00,3507.439941,3528.030029,3494.600098,3526.649902,0
2019-03-21 00:00:00,3543.76001,3588.110107,3535.22998,3580.840088,0
2019-03-22 00:00:00,3564.73999,3564.850098,3427.409912,3455.060059,0
2019-03-23 00:00:00,3453.600098,3479.149902,3349.629883,3426.959961,0
2019-03-24 00:00:00,3371.879883,3379.969971,3329.27002,3331.840088,0
2019-03-25 00:00:00,3369.820068,3424.77002,3366.840088,3398.959961,0
2019-03-26 00:00:00,3412.560059,3425.550049,3329.25,3339.189941,0
2019-03-27 00:00:00,3352.699951,3368.949951,3310.469971,3340.969971,0
2019-03-28 00:00:00,3363.560059,3402.929932,3363.560059,3383.540039,0
2019-03-29 00:00:00,3407.72998,3419.47998,3389.25,3401.199951,0
2019-03-30 00:00:00,3411.22998,3428.919922,3384.449951,3385.48999,0
2019-03-31 00:00:00,3346.860107,3375.169922,3328.820068,3357.01001,0
2019-04-01 00:00:00,3357.379883,3362.27002,3292.399902,3319.469971,0
2019-04-02 00:00:00,3285.570068,3285.570068,3229.100098,3281.060059,0
2019-04-03 00:00:00,3295.75,3320.310059,3270.949951,3315.570068,0
2019-04-04 00:00:00,3320.110107,3323.350098,3232.570068,3236.919922,0
2019-04-05 00:00:00,3226.139893,3278.699951,3209.449951,3246.590088,0
2019-04-06 00:00:00,3236.659912,3306.879883,3228.439941,3298.459961,0
2019-04-07 00:00:00,3333.899902,3360.73999,3332.909912,3351.600098,0
2019-04-08 00:00:00,3350.919922,3357.919922,3327.540039,3335.469971,0
2019-04-09 00:00:00,3341.209961,3393.560059,3340.469971,3363,0
2019-04-10 00:00:00,3385.870117,3397.179932,3361.389893,3380.800049,0
2019-04-11 00:00:00,3338.939941,3369.100098,3323.689941,3348.419922,0
2019-04-12 00:00:00,3367.27002,3409.570068,3367.27002,3408.600098,0
2019-04-13 00:00:00,3408.73999,3431.560059,3354.540039,3360.969971,0
2019-04-14 00:00:00,3384.560059,3426.26001,3384.560059,3419.439941,0
2019-04-15 00:00:00,3434.280029,3447.280029,3428.149902,3446.830078,0
2019-04-16 00:00:00,3459.669922,3482.340088,3458.070068,3477.139893,0
2019-04-17 00:00:00,3500.02002,3549.850098,3499.610107,3534.219971,0
2019-04-18 00:00:00,3534.01001,3534.01001,3500.860107,3511.929932,0
2019-04-19 00:00:00,3515.469971,3527.939941,3480.550049,3488.669922,0
2019-04-20 00:00:00,3453.719971,3489.080078,3440.889893,3483.340088,0
2019-04-21 00:00:00,3493.5,3515.76001,3480.449951,3483.810059,0
2019-04-22 00:00:00,3493.659912,3502.419922,3419.929932,3426.919922,0
2019-04-23 00:00:00,3439.379883,3476.929932,3435.649902,3443.120117,0
2019-04-24 00:00:00,3439.909912,3464.860107,3433.060059,3435.560059,0
2019-04-25 00:00:00,3438.5,3460.530029,3415.340088,3453.48999,0
2019-04-26 00:00:00,3464.899902,3466.459961,3440.449951,3465.389893,0
2019-04-27 00:00:00,3441.419922,3441.419922,3364.860107,3400.969971,0
2019-04-28 00:00:00,3403.149902,3409.51001,3388.709961,3390.679932,0
2019-04-29 00:00:00,3342.47998,3342.47998,3268.889893,3271.030029,0
2019-04-30 00:00:00,3277.169922,3341.050049,3259.820068,3310.110107,0
2019-05-01 00:00:00,3293.590088,3304.929932,3233.939941,3269.959961,0
2019-05-02 00:00:00,3296.199951,3330.139893,3279.73999,3310.23999,0
2019-05-03 00:00:00,3336.25,3389.48999,3336.25,3369.159912,0
2019-05-04 00:00:00,3406.459961,3486.25,3405.169922,3443.439941,0
2019-05-05 00:00:00,3485.73999,3529.050049,3485.73999,3510.449951,0
2019-05-06 00:00:00,3508.340088,3521.580078,3484.340088,3509.439941,0
2019-05-07 00:00:00,3583.040039,3645.98999,3547.47998,3550.5,0
2019-05-08 00:00:00,3543.26001,3557.219971,3511.909912,3545.530029,0
2019-05-09 00:00:00,3563.219971,3581.159912,3557,3572.659912,0
2019-05-10 00:00:00,3562.669922,3569.02002,3518.580078,3537.01001,0
2019-05-11 00:00:00,3552.570068,3593.659912,3552.570068,3585.149902,0
2019-05-12 00:00:00,3600.159912,3628.51001,3600.159912,3626.909912,0
2019-05-13 00:00:00,3610.310059,3623.110107,3588.679932,3609.530029,0
2019-05-14 00:00:00,3612.090088,3619.090088,3567.330078,3567.790039,0
2019-05-15 00:00:00,3559.409912,3585.219971,3543.840088,3581.870117,0
2019-05-16 00:00:00,3579.310059,3581.22998,3556.850098,3557.540039,0
2019-05-17 00:00:00,3566.820068,3589.810059,3552.77002,3577.590088,0
2019-05-18 00:00:00,3594.52002,3642.310059,3594.52002,3635.409912,0
2019-05-19 00:00:00,3635.5,3635.5,3617.76001,3629.649902,0
2019-05-20 00:00:00,3638.550049,3644.310059,3629.330078,3638.350098,0
2019-05-21 00:00:00,3634.179932,3634.179932,3594.389893,3621.629883,0
2019-05-22 00:00:00,3645.870117,3678.449951,3645.870117,3662.449951,0
2019-05-23 00:00:00,3653.780029,3670.959961,3644.840088,3669.01001,0
2019-05-24 00:00:00,3668.280029,3682.72998,3657.169922,3666.719971,0
2019-05-25 00:00:00,3670.939941,3699.199951,3670.939941,3699.120117,0
2019-05-26 00:00:00,3694.72998,3697.409912,3678.879883,3691.959961,0
2019-05-27 00:00:00,3683.050049,3708.449951,3678.830078,3702.25,0
2019-05-28 00:00:00,3705.97998,3712.389893,3660.540039,3672.820068,0
2019-05-29 00:00:00,3659.129883,3678.48999,3645.179932,3668.100098,0
2019-05-30 00:00:00,3656.080078,3665.909912,3633.399902,3663.459961,0
2019-05-31 00:00:00,3675.27002,3697.610107,3645.840088,3647.48999,0
2019-06-01 00:00:00,3666.409912,3695.290039,3659.620117,3694.620117,0
2019-06-02 00:00:00,3696.25,3711.27002,3688.570068,3701.169922,0
2019-06-03 00:00:00,3713.649902,3725.120117,3710.870117,3722.47998,0
2019-06-04 00:00:00,3722.389893,3726.699951,3685.840088,3709.409912,0
2019-06-05 00:00:00,3684.280029,3702.899902,3636.47998,3694.919922,0
2019-06-06 00:00:00,3698.080078,3698.26001,3676.159912,3687.26001,0
2019-06-07 00:00:00,3693.419922,3711.23999,3689.280029,3690.01001,0
2019-06-08 00:00:00,3694.030029,3703.820068,3689.320068,3703.060059,0
2019-06-09 00:00:00,3723.030029,3740.51001,3723.030029,3735.360107,0
2019-06-10 00:00:00,3750.01001,3756.120117,3723.310059,3727.040039,0
2019-06-11 00:00:00,3736.189941,3744.629883,3730.209961,3732.040039,0
2019-06-12 00:00:00,3733.27002,3760.199951,3726.879883,3756.070068,0
2019-06-13 00:00:00,3764.610107,3769.98999,3662.709961,3700.649902,0
2019-06-14 00:00:00,3698.02002,3737.830078,3695.070068,3726.860107,0
2019-06-15 00:00:00,3712.199951,3783.040039,3705.340088,3748.139893,0
2019-06-16 00:00:00,3764.709961,3811.550049,3764.709961,3803.790039,0
2019-06-17 00:00:00,3815.050049,3826.689941,3783.600098,3824.679932,0
2019-06-18 00:00:00,3803.139893,3817.860107,3789.02002,3799.610107,0
2019-06-19 00:00:00,3801.620117,3810.780029,3776.51001,3801.189941,0
2019-06-20 00:00:00,3802.22998,3820.959961,3791.5,3809.840088,0
2019-06-21 00:00:00,3814.97998,3823.600098,3792.860107,3795.540039,0
2019-06-22 00:00:00,3788.72998,3788.72998,3749.620117,3768.25,0
2019-06-23 00:00:00,3781.879883,3804.530029,3780.370117,3798.909912,0
2019-06-24 00:00:00,3816.219971,3859.75,3816.219971,3851.850098,0
2019-06-25 00:00:00,3857.459961,3861.449951,3845.050049,3853.070068,0
2019-06-26 00:00:00,3844.23999,3852.310059,3830.409912,3841.469971,0
2019-06-27 00:00:00,3851.679932,3859.22998,3797.159912,3855.360107,0
2019-06-28 00:00:00,3862.959961,3870.899902,3847.780029,3849.620117,0
2019-06-29 00:00:00,3836.830078,3836.830078,3732.47998,3750.77002,0
2019-06-30 00:00:00,3755.75,3830.5,3755.75,3787.379883,0
2019-07-01 00:00:00,3778.050049,3778.050049,3694.120117,3714.23999,0
2019-07-02 00:00:00,3731.169922,3784.320068,3725.620117,3773.860107,0
2019-07-03 00:00:00,3791.840088,3843.090088,3791.840088,3826.310059,0
2019-07-04 00:00:00,3840.27002,3847.51001,3816.679932,3830.169922,0
2019-07-05 00:00:00,3836.659912,3872.419922,3836.659912,3871.73999,0
2019-07-06 00:00:00,3878.300049,3894.560059,3874.929932,3886.830078,0
2019-07-07 00:00:00,3892.590088,3915.77002,3892.590088,3915.590088,0
2019-07-08 00:00:00,3910.48999,3918.350098,3902.639893,3911.22998,0
2019-07-09 00:00:00,3920.780029,3931.5,3884.939941,3909.879883,0
2019-07-10 00:00:00,3916.399902,3925.98999,3890.389893,3916.379883,0
2019-07-11 00:00:00,3911.649902,3937.22998,3905.780029,3934.830078,0
2019-07-12 00:00:00,3939.610107,3950.429932,3923.850098,3932.590088,0
2019-07-13 00:00:00,3918.5,3933.610107,3900.429932,3931.330078,0
2019-07-14 00:00:00,3915.860107,3921.97998,3885.030029,3913.969971,0
2019-07-15 00:00:00,3921.159912,3930.409912,3903.070068,3906.709961,0
2019-07-16 00:00:00,3885.550049,3902.919922,3874.709961,3876.5,0
2019-07-17 00:00:00,3857.070068,3895.97998,3805.590088,3881.370117,0
2019-07-18 00:00:00,3873.709961,3928.649902,3859.600098,3925.429932,0
2019-07-19 00:00:00,3915.800049,3925.02002,3814.040039,3829.340088,0
2019-07-20 00:00:00,3839.659912,3861.080078,3789.540039,3811.149902,0
2019-07-21 00:00:00,3842.51001,3914.5,3842.51001,3901.820068,0
2019-07-22 00:00:00,3903.639893,3906.409912,3868.570068,3870.290039,0
2019-07-23 00:00:00,3863.98999,3874.469971,3818.860107,3819.719971,0
2019-07-24 00:00:00,3818.530029,3843.669922,3723.340088,3768.469971,0
2019-07-25 00:00:00,3793.580078,3851.689941,3730.189941,3841.939941,0
2019-07-26 00:00:00,3844.389893,3881.060059,3819.25,3821.350098,0
2019-07-27 00:00:00,3851.929932,3903.76001,3851.929932,3875.439941,0
2019-07-28 00:00:00,3891.98999,3917.350098,3885.72998,3898.810059,0
2019-07-29 00:00:00,3915.540039,3960.27002,3915.540039,3939.340088,0
2019-07-30 00:00:00,3924.52002,3944.98999,3915.209961,3943.340088,0
2019-07-31 00:00:00,3942.959961,3970.080078,3923.540039,3968.939941,0
2019-08-01 00:00:00,3973.590088,3981.040039,3953.439941,3962.709961,0
2019-08-02 00:00:00,3949.570068,3983.870117,3935.73999,3974.120117,0
2019-08-03 00:00:00,3953.5,3969.620117,3910.860107,3915.459961,0
2019-08-04 00:00:00,3913.139893,3930.120117,3886.75,3913.100098,0
2019-08-05 00:00:00,3916.47998,3955.310059,3914.159912,3940.590088,0
2019-08-06 00:00:00,3937.600098,3949.129883,3901.570068,3910.52002,0
2019-08-07 00:00:00,3919.929932,3942.080078,3889.070068,3889.139893,0
2019-08-08 00:00:00,3879.340088,3919.540039,3853.5,3909.52002,0
2019-08-09 00:00:00,3917.120117,3978.189941,3917.120117,3974.540039,0
2019-08-10 00:00:00,3969.310059,3981.830078,3943.25,3971.090088,0
2019-08-11 00:00:00,3963.340088,3968.01001,3944.350098,3958.550049,0
2019-08-12 00:00:00,3967.25,3994.409912,3966.97998,3972.889893,0
2019-08-13 00:00:00,3992.780029,4020.629883,3992.780029,4019.870117,0
2019-08-14 00:00:00,4034.439941,4083.419922,4034.439941,4077.909912,0
2019-08-15 00:00:00,4075.570068,4086.22998,4068.139893,4073.939941,0
2019-08-16 00:00:00,4074.290039,4083.129883,4068.310059,4079.949951,0
2019-08-17 00:00:00,4089.949951,4098.189941,4082.540039,4097.169922,0
2019-08-18 00:00:00,4096.109863,4129.47998,4095.51001,4128.799805,0
2019-08-19 00:00:00,4124.709961,4131.759766,4114.819824,4127.990234,0
2019-08-20 00:00:00,4130.100098,4148,4124.430176,4141.589844,0
2019-08-21 00:00:00,4141.580078,4151.689941,4120.870117,4124.660156,0
2019-08-22 00:00:00,4139.759766,4173.490234,4139.759766,4170.419922,0
2019-08-23 00:00:00,4174.140137,4191.310059,4170.75,4185.470215,0
2019-08-24 00:00:00,4179.799805,4180.810059,4150.470215,4163.259766,0
2019-08-25 00:00:00,4159.180176,4159.180176,4118.379883,4134.939941,0
2019-08-26 00:00:00,4128.419922,4175.02002,4126.350098,4173.419922,0
2019-08-27 00:00:00,4170.459961,4179.569824,4123.689941,4134.97998,0
2019-08-28 00:00:00,4138.779785,4194.169922,4138.779785,4180.169922,0
2019-08-29 00:00:00,4185.029785,4194.189941,4182.359863,4187.620117,0
2019-08-30 00:00:00,4188.25,4193.350098,4176.220215,4186.720215,0
2019-08-31 00:00:00,4185.140137,4201.529785,4181.779785,4183.180176,0
2019-09-01 00:00:00,4206.140137,4218.779785,4176.810059,4211.470215,0
2019-09-02 00:00:00,4198.100098,4198.100098,4174.850098,4181.169922,0
2019-09-03 00:00:00,4191.97998,4209.390137,4188.029785,4192.660156,0
2019-09-04 00:00:00,4179.040039,4179.040039,4128.589844,4164.660156,0
2019-09-05 00:00:00,4177.060059,4187.720215,4160.939941,4167.589844,0
2019-09-06 00:00:00,4169.140137,4202.700195,4147.330078,4201.620117,0
2019-09-07 00:00:00,4210.339844,4238.040039,4201.640137,4232.600098,0
2019-09-08 00:00:00,4228.290039,4236.390137,4188.129883,4188.430176,0
2019-09-09 00:00:00,4150.339844,4162.040039,4111.529785,4152.100098,0
2019-09-10 00:00:00,4130.549805,4134.72998,4056.879883,4063.040039,0
2019-09-11 00:00:00,4074.98999,4131.580078,4074.98999,4112.5,0
2019-09-12 00:00:00,4129.580078,4183.129883,4129.580078,4173.850098,0
2019-09-13 00:00:00,4169.919922,4171.919922,4142.689941,4163.290039,0
2019-09-14 00:00:00,4165.939941,4169.149902,4125.990234,4127.830078,0
2019-09-15 00:00:00,4098.450195,4116.930176,4061.409912,4115.680176,0
2019-09-16 00:00:00,4121.970215,4172.799805,4121.970215,4159.120117,0
2019-09-17 00:00:00,4168.609863,4188.720215,4151.720215,4155.859863,0
2019-09-18 00:00:00,4170.160156,4209.52002,4170.160156,4197.049805,0
2019-09-19 00:00:00,4205.939941,4213.419922,4182.52002,4188.129883,0
2019-09-20 00:00:00,4191.589844,4202.609863,4184.109863,4195.990234,0
2019-09-21 00:00:00,4201.939941,4213.379883,4197.779785,4200.879883,0
2019-09-22 00:00:00,4210.77002,4218.359863,4203.569824,4204.109863,0
2019-09-23 00:00:00,4216.52002,4234.120117,4197.589844,4202.040039,0
2019-09-24 00:00:00,4206.819824,4217.370117,4198.27002,4208.120117,0
2019-09-25 00:00:00,4191.430176,4204.390137,4167.930176,4192.850098,0
2019-09-26 00:00:00,4206.049805,4233.450195,4206.049805,4229.890137,0
2019-09-27 00:00:00,4229.339844,4232.339844,4215.660156,4226.52002,0
2019-09-28 00:00:00,4233.810059,4236.740234,4208.410156,4227.259766,0
2019-09-29 00:00:00,4232.990234,4237.089844,4218.740234,4219.549805,0
2019-09-30 00:00:00,4228.560059,4249.740234,4220.339844,4239.180176,0
2019-10-01 00:00:00,4242.899902,4248.379883,4232.25,4247.439941,0
2019-10-02 00:00:00,4248.310059,4255.589844,4234.069824,4255.149902,0
2019-10-03 00:00:00,4255.279785,4257.160156,4238.350098,4246.589844,0
2019-10-04 00:00:00,4248.870117,4251.890137,4202.450195,4223.700195,0
2019-10-05 00:00:00,4220.370117,4232.290039,4196.049805,4221.859863,0
2019-10-06 00:00:00,4204.779785,4204.779785,4164.399902,4166.450195,0
2019-10-07 00:00:00,4173.399902,4226.240234,4173.399902,4224.790039,0
2019-10-08 00:00:00,4224.609863,4255.839844,4217.27002,4246.439941,0
2019-10-09 00:00:00,4249.27002,4256.600098,4241.430176,4241.839844,0
2019-10-10 00:00:00,4256.970215,4271.279785,4256.970215,4266.490234,0
2019-10-11 00:00:00,4274.450195,4286.120117,4271.160156,4280.700195,0
2019-10-12 00:00:00,4284.899902,4292.140137,4274.669922,4290.609863,0
2019-10-13 00:00:00,4293.209961,4300.52002,4287.040039,4291.799805,0
2019-10-14 00:00:00,4290.649902,4302.430176,4287.959961,4297.5,0
2019-10-15 00:00:00,4300.72998,4320.660156,4300.72998,4319.939941,0
2019-10-16 00:00:00,4326.600098,4355.430176,4326.600098,4352.339844,0
2019-10-17 00:00:00,4356.459961,4356.459961,4314.370117,4343.540039,0
2019-10-18 00:00:00,4351.009766,4361.879883,4329.790039,4358.129883,0
2019-10-19 00:00:00,4321.069824,4330.879883,4289.370117,4320.819824,0
2019-10-20 00:00:00,4329.379883,4371.600098,4329.379883,4369.549805,0
2019-10-21 00:00:00,4372.410156,4386.680176,4364.029785,4384.629883,0
2019-10-22 00:00:00,4381.069824,4392.370117,4366.919922,4369.209961,0
2019-10-23 00:00:00,4380.109863,4393.680176,4362.359863,4374.299805,0
2019-10-24 00:00:00,4369.02002,4369.02002,4340.700195,4360.029785,0
2019-10-25 00:00:00,4367.430176,4375.089844,4322.529785,4327.160156,0
2019-10-26 00:00:00,4296.399902,4296.399902,4233.129883,4258.490234,0
2019-10-27 00:00:00,4265.109863,4336.839844,4262.049805,4323.060059,0
2019-10-28 00:00:00,4331.129883,4359.700195,4331.129883,4358.689941,0
2019-10-29 00:00:00,4361.27002,4369.870117,4350.060059,4367.47998,0
2019-10-30 00:00:00,4381.200195,4415.180176,4381.200195,4411.790039,0
2019-10-31 00:00:00,4409.580078,4422.72998,4405.450195,4422.299805,0
2019-11-01 00:00:00,4416.379883,4416.379883,4372.509766,4401.459961,0
2019-11-02 00:00:00,4402.950195,4415.470215,4387.009766,4400.640137,0
2019-11-03 00:00:00,4403.589844,4429.970215,4403.589844,4419.149902,0
2019-11-04 00:00:00,4395.120117,4412.25,4389.649902,4395.259766,0
2019-11-05 00:00:00,4406.859863,4422.180176,4384.810059,4387.160156,0
2019-11-06 00:00:00,4392.740234,4423.790039,4373,4423.149902,0
2019-11-07 00:00:00,4415.950195,4416.169922,4400.22998,4402.660156,0
2019-11-08 00:00:00,4408.859863,4429.759766,4408.859863,4429.100098,0
2019-11-09 00:00:00,4429.069824,4440.819824,4429.069824,4436.52002,0
2019-11-10 00:00:00,4437.77002,4439.390137,4424.740234,4432.350098,0
2019-11-11 00:00:00,4435.790039,4445.209961,4430.029785,4436.75,0
2019-11-12 00:00:00,4442.180176,4449.439941,4436.419922,4442.410156,0
2019-11-13 00:00:00,4446.080078,4461.77002,4435.959961,4460.830078,0
2019-11-14 00:00:00,4464.839844,4468.370117,4460.819824,4468,0
2019-11-15 00:00:00,4461.649902,4473.259766,4437.660156,4472.939941,0
2019-11-16 00:00:00,4462.120117,4462.120117,4417.830078,4448.080078,0
2019-11-17 00:00:00,4440.939941,4454.319824,4397.589844,4400.27002,0
2019-11-18 00:00:00,4382.439941,4418.609863,4367.72998,4405.799805,0
2019-11-19 00:00:00,4410.560059,4444.350098,4406.799805,4441.669922,0
2019-11-20 00:00:00,4450.290039,4489.879883,4450.290039,4479.529785,0
2019-11-21 00:00:00,4484.399902,4492.810059,4482.279785,4486.22998,0
2019-11-22 00:00:00,4490.450195,4501.709961,4485.660156,4496.189941,0
2019-11-23 00:00:00,4493.75,4495.899902,4468.990234,4470,0
2019-11-24 00:00:00,4474.100098,4513.330078,4474.100098,4509.370117,0
2019-11-25 00:00:00,4513.759766,4537.359863,4513.759766,4528.790039,0
2019-11-26 00:00:00,4529.75,4531.390137,4515.799805,4522.680176,0
2019-11-27 00:00:00,4528.799805,4537.109863,4522.02002,4524.089844,0
2019-11-28 00:00:00,4534.47998,4545.850098,4524.660156,4536.950195,0
2019-11-29 00:00:00,4532.419922,4541.450195,4521.299805,4535.430176,0
2019-11-30 00:00:00,4535.379883,4535.379883,4513,4520.029785,0
2019-12-01 00:00:00,4518.089844,4521.790039,4493.950195,4514.069824,0
2019-12-02 00:00:00,4513.02002,4529.899902,4492.069824,4493.279785,0
2019-12-03 00:00:00,4506.919922,4520.470215,4457.660156,4458.580078,0
2019-12-04 00:00:00,4474.810059,4492.990234,4445.700195,4468.72998,0
2019-12-05 00:00:00,4479.330078,4485.680176,4435.459961,4443.049805,0
2019-12-06 00:00:00,4447.490234,4486.870117,4438.370117,4480.700195,0
2019-12-07 00:00:00,4477.089844,4485.870117,4443.799805,4473.75,0
2019-12-08 00:00:00,4469.740234,4471.52002,4427.759766,4432.990234,0
2019-12-09 00:00:00,4402.950195,4402.950195,4305.910156,4357.72998,0
2019-12-10 00:00:00,4374.450195,4394.870117,4347.959961,4354.189941,0
2019-12-11 00:00:00,4367.430176,4416.75,4367.430176,4395.640137,0
2019-12-12 00:00:00,4406.75,4465.399902,4406.75,4448.97998,0
2019-12-13 00:00:00,4438.040039,4463.120117,4430.27002,4455.47998,0
2019-12-14 00:00:00,4442.120117,4457.299805,4436.189941,4443.109863,0
